[S3] 2025/11/27 16:10:11.124539 
[At the start of applier] 🗂 S3 | Term=5 | Role=Follower | CommitIndex=0 | LastApplied=0
[S3] 2025/11/27 16:10:11.124661      📜 Log: 
[S3] 2025/11/27 16:10:11.124699         [0:T0] 
[S3] 2025/11/27 16:10:11.124740         [1:T1] 
[S3] 2025/11/27 16:10:11.124768         [2:T1] 
[S3] 2025/11/27 16:10:11.124796         [3:T1] 
[S3] 2025/11/27 16:10:11.124822         [4:T1] 
[S3] 2025/11/27 16:10:11.124846         [5:T1] 
[S3] 2025/11/27 16:10:11.124868         [6:T1] 
[S3] 2025/11/27 16:10:11.124892         [7:T1] 
[S3] 2025/11/27 16:10:11.124916         [8:T1] 
[S3] 2025/11/27 16:10:11.124940         [9:T1] 
[S3] 2025/11/27 16:10:11.124962         [10:T1] 
[S3] 2025/11/27 16:10:11.124989         [11:T1] 
[S3] 2025/11/27 16:10:11.125012         [12:T1] 
[S3] 2025/11/27 16:10:11.125035         [13:T1] 
[S3] 2025/11/27 16:10:11.125057         [14:T1] 
[S3] 2025/11/27 16:10:11.125100         [15:T1] 
[S3] 2025/11/27 16:10:11.125124         [16:T1] 
[S3] 2025/11/27 16:10:11.125145         [17:T1] 
[S3] 2025/11/27 16:10:11.125170         [18:T1] 
[S3] 2025/11/27 16:10:11.125191         [19:T1] 
[S3] 2025/11/27 16:10:11.125217         [20:T1] 
[S3] 2025/11/27 16:10:11.125239         [21:T1] 
[S3] 2025/11/27 16:10:11.125263         [22:T1] 
[S3] 2025/11/27 16:10:11.125283         [23:T1] 
[S3] 2025/11/27 16:10:11.125309         [24:T1] 
[S3] 2025/11/27 16:10:11.125329         [25:T1] 
[S3] 2025/11/27 16:10:11.125350         [26:T1] 
[S3] 2025/11/27 16:10:11.125373         [27:T1] 
[S3] 2025/11/27 16:10:11.125396         [28:T1] 
[S3] 2025/11/27 16:10:11.125417         [29:T1] 
[S3] 2025/11/27 16:10:11.125440         [30:T1] 
[S3] 2025/11/27 16:10:11.125460         [31:T1] 
[S3] 2025/11/27 16:10:11.125479         [32:T1] 
[S3] 2025/11/27 16:10:11.125500         [33:T1] 
[S3] 2025/11/27 16:10:11.125518         [34:T1] 
[S3] 2025/11/27 16:10:11.125539         [35:T1] 
[S3] 2025/11/27 16:10:11.125560         [36:T1] 
[S3] 2025/11/27 16:10:11.125580         [37:T1] 
[S3] 2025/11/27 16:10:11.125598         [38:T1] 
[S3] 2025/11/27 16:10:11.125622         [39:T1] 
[S3] 2025/11/27 16:10:11.125642         [40:T1] 
[S3] 2025/11/27 16:10:11.125663         [41:T1] 
[S3] 2025/11/27 16:10:11.125682         [42:T1] 
[S3] 2025/11/27 16:10:11.125702         [43:T1] 
[S3] 2025/11/27 16:10:11.125721         [44:T1] 
[S3] 2025/11/27 16:10:11.125739         [45:T1] 
[S3] 2025/11/27 16:10:11.125760         [46:T1] 
[S3] 2025/11/27 16:10:11.125781         [47:T1] 
[S3] 2025/11/27 16:10:11.125803         [48:T1] 
[S3] 2025/11/27 16:10:11.125821         [49:T1] 
[S3] 2025/11/27 16:10:11.125840         [50:T1] 
[S3] 2025/11/27 16:10:11.125859         [51:T1] 
[S3] 2025/11/27 16:10:11.125880         [52:T1] 
[S3] 2025/11/27 16:10:11.125897         [53:T1] 
[S3] 2025/11/27 16:10:11.125919         [54:T1] 
[S3] 2025/11/27 16:10:11.125939         [55:T1] 
[S3] 2025/11/27 16:10:11.125958         [56:T1] 
[S3] 2025/11/27 16:10:11.125978         [57:T1] 
[S3] 2025/11/27 16:10:11.126000         [58:T1] 
[S3] 2025/11/27 16:10:11.126019         [59:T1] 
[S3] 2025/11/27 16:10:11.126041         [60:T1] 
[S3] 2025/11/27 16:10:11.126059         [61:T1] 
[S3] 2025/11/27 16:10:11.126086         [62:T1] 
[S3] 2025/11/27 16:10:11.126111         [63:T1] 
[S3] 2025/11/27 16:10:11.126132         [64:T1] 
[S3] 2025/11/27 16:10:11.126152         [65:T1] 
[S3] 2025/11/27 16:10:11.126171         [66:T1] 
[S3] 2025/11/27 16:10:11.126189         [67:T1] 
[S3] 2025/11/27 16:10:11.126211         [68:T1] 
[S3] 2025/11/27 16:10:11.126229         [69:T1] 
[S3] 2025/11/27 16:10:11.126248         [70:T1] 
[S3] 2025/11/27 16:10:11.126267         [71:T1] 
[S3] 2025/11/27 16:10:11.126287         [72:T1] 
[S3] 2025/11/27 16:10:11.126307         [73:T1] 
[S3] 2025/11/27 16:10:11.126325         [74:T1] 
[S3] 2025/11/27 16:10:11.126345         [75:T1] 
[S3] 2025/11/27 16:10:11.126363         [76:T1] 
[S3] 2025/11/27 16:10:11.126383         [77:T1] 
[S3] 2025/11/27 16:10:11.126402         [78:T1] 
[S3] 2025/11/27 16:10:11.126421         [79:T1] 
[S3] 2025/11/27 16:10:11.126438         [80:T1] 
[S3] 2025/11/27 16:10:11.126469         [81:T1] 
[S3] 2025/11/27 16:10:11.126491         [82:T1] 
[S3] 2025/11/27 16:10:11.126510         [83:T1] 
[S3] 2025/11/27 16:10:11.126528         [84:T1] 
[S3] 2025/11/27 16:10:11.126545         [85:T1] 
[S3] 2025/11/27 16:10:11.126565         [86:T1] 
[S3] 2025/11/27 16:10:11.126583         [87:T1] 
[S3] 2025/11/27 16:10:11.126600         [88:T1] 
[S3] 2025/11/27 16:10:11.126618         [89:T1] 
[S3] 2025/11/27 16:10:11.126638         [90:T1] 
[S3] 2025/11/27 16:10:11.126656         [91:T1] 
[S3] 2025/11/27 16:10:11.126673         [92:T1] 
[S3] 2025/11/27 16:10:11.126693         [93:T1] 
[S3] 2025/11/27 16:10:11.126711         [94:T1] 
[S3] 2025/11/27 16:10:11.126729         [95:T1] 
[S3] 2025/11/27 16:10:11.126746         [96:T1] 
[S3] 2025/11/27 16:10:11.126763         [97:T1] 
[S3] 2025/11/27 16:10:11.126782         [98:T1] 
[S3] 2025/11/27 16:10:11.126800         [99:T1] 
[S3] 2025/11/27 16:10:11.126818         [100:T1] 
[S3] 2025/11/27 16:10:11.126837         [101:T1] 
[S3] 2025/11/27 16:10:11.126857         [102:T5] 
[S3] 2025/11/27 16:10:11.126877         [103:T5] 
[S3] 2025/11/27 16:10:11.126894         [104:T5] 
[S3] 2025/11/27 16:10:11.126914         [105:T5] 
[S3] 2025/11/27 16:10:11.126933         [106:T5] 
[S3] 2025/11/27 16:10:11.126951         [107:T5] 
[S3] 2025/11/27 16:10:11.126971         [108:T5] 
[S3] 2025/11/27 16:10:11.126988         [109:T5] 
[S3] 2025/11/27 16:10:11.127008         [110:T5] 
[S3] 2025/11/27 16:10:11.127026         [111:T5] 
[S3] 2025/11/27 16:10:11.127044         [112:T5] 
[S3] 2025/11/27 16:10:11.127061         [113:T5] 
[S3] 2025/11/27 16:10:11.127091         [114:T5] 
[S3] 2025/11/27 16:10:11.127111         [115:T5] 
[S3] 2025/11/27 16:10:11.127132         [116:T5] 
[S3] 2025/11/27 16:10:11.127150         [117:T5] 
[S3] 2025/11/27 16:10:11.127168         [118:T5] 
[S3] 2025/11/27 16:10:11.127186         [119:T5] 
[S3] 2025/11/27 16:10:11.127205         [120:T5] 
[S3] 2025/11/27 16:10:11.127222         [121:T5] 
[S3] 2025/11/27 16:10:11.127241         [122:T5] 
[S3] 2025/11/27 16:10:11.127259         [123:T5] 
[S3] 2025/11/27 16:10:11.127276         [124:T5] 
[S3] 2025/11/27 16:10:11.127295         [125:T5] 
[S3] 2025/11/27 16:10:11.127312         [126:T5] 
[S3] 2025/11/27 16:10:11.127329         [127:T5] 
[S3] 2025/11/27 16:10:11.127346         [128:T5] 
[S3] 2025/11/27 16:10:11.127363         [129:T5] 
[S3] 2025/11/27 16:10:11.127381         [130:T5] 
[S3] 2025/11/27 16:10:11.127397         [131:T5] 
[S3] 2025/11/27 16:10:11.127413         [132:T5] 
[S3] 2025/11/27 16:10:11.127431         [133:T5] 
[S3] 2025/11/27 16:10:11.127450         [134:T5] 
[S3] 2025/11/27 16:10:11.127467         [135:T5] 
[S3] 2025/11/27 16:10:11.127484         [136:T5] 
[S3] 2025/11/27 16:10:11.127500         [137:T5] 
[S3] 2025/11/27 16:10:11.127518         [138:T5] 
[S3] 2025/11/27 16:10:11.127535         [139:T5] 
[S3] 2025/11/27 16:10:11.127551         [140:T5] 
[S3] 2025/11/27 16:10:11.127569         [141:T5] 
[S3] 2025/11/27 16:10:11.127588         [142:T5] 
[S3] 2025/11/27 16:10:11.127604         [143:T5] 
[S3] 2025/11/27 16:10:11.127622         [144:T5] 
[S3] 2025/11/27 16:10:11.127638         [145:T5] 
[S3] 2025/11/27 16:10:11.127656         [146:T5] 
[S3] 2025/11/27 16:10:11.127674         [147:T5] 
[S3] 2025/11/27 16:10:11.127692         [148:T5] 
[S3] 2025/11/27 16:10:11.127710         [149:T5] 
[S3] 2025/11/27 16:10:11.127727         [150:T5] 
[S3] 2025/11/27 16:10:11.127743         [151:T5] 
[S3] 2025/11/27 16:10:11.127760         [152:T5] 
[S3] 2025/11/27 16:10:11.127776         [153:T5] 
[S3] 2025/11/27 16:10:11.127792         [154:T5] 
[S3] 2025/11/27 16:10:11.127810         [155:T5] 
[S3] 2025/11/27 16:10:11.127828         [156:T5] 
[S3] 2025/11/27 16:10:11.127846         [157:T5] 
[S3] 2025/11/27 16:10:11.127862         [158:T5] 
[S3] 2025/11/27 16:10:11.127880         [159:T5] 
[S3] 2025/11/27 16:10:11.127901         [160:T5] 
[S3] 2025/11/27 16:10:11.127926         [161:T5] 
[S3] 2025/11/27 16:10:11.127950         [162:T5] 
[S3] 2025/11/27 16:10:11.127976         [163:T5] 
[S3] 2025/11/27 16:10:11.127997         [164:T5] 
[S3] 2025/11/27 16:10:11.128017         [165:T5] 
[S3] 2025/11/27 16:10:11.128034         [166:T5] 
[S3] 2025/11/27 16:10:11.128053         [167:T5] 
[S3] 2025/11/27 16:10:11.128080         [168:T5] 
[S3] 2025/11/27 16:10:11.128101         [169:T5] 
[S3] 2025/11/27 16:10:11.128118         [170:T5] 
[S3] 2025/11/27 16:10:11.128135         [171:T5] 
[S3] 2025/11/27 16:10:11.128152         [172:T5] 
[S3] 2025/11/27 16:10:11.128168         [173:T5] 
[S3] 2025/11/27 16:10:11.128186         [174:T5] 
[S3] 2025/11/27 16:10:11.128203         [175:T5] 
[S3] 2025/11/27 16:10:11.128220         [176:T5] 
[S3] 2025/11/27 16:10:11.128236         [177:T5] 
[S3] 2025/11/27 16:10:11.128253         [178:T5] 
[S3] 2025/11/27 16:10:11.128269         [179:T5] 
[S3] 2025/11/27 16:10:11.128285         [180:T5] 
[S3] 2025/11/27 16:10:11.128302         [181:T5] 
[S3] 2025/11/27 16:10:11.128319         [182:T5] 
[S3] 2025/11/27 16:10:11.128335         [183:T5] 
[S3] 2025/11/27 16:10:11.128350         [184:T5] 
[S3] 2025/11/27 16:10:11.128366         [185:T5] 
[S3] 2025/11/27 16:10:11.128381         [186:T5] 
[S3] 2025/11/27 16:10:11.128396         [187:T5] 
[S3] 2025/11/27 16:10:11.128411         [188:T5] 
[S3] 2025/11/27 16:10:11.128428         [189:T5] 
[S3] 2025/11/27 16:10:11.128444         [190:T5] 
[S3] 2025/11/27 16:10:11.128459         [191:T5] 
[S3] 2025/11/27 16:10:11.128475         [192:T5] 
[S3] 2025/11/27 16:10:11.128491         [193:T5] 
[S3] 2025/11/27 16:10:11.128505         [194:T5] 
[S3] 2025/11/27 16:10:11.128524         [195:T5] 
[S3] 2025/11/27 16:10:11.128539         [196:T5] 
[S3] 2025/11/27 16:10:11.128557         [197:T5] 
[S3] 2025/11/27 16:10:11.128572         [198:T5] 
[S3] 2025/11/27 16:10:11.128590         [199:T5] 
[S3] 2025/11/27 16:10:11.128606         [200:T5] 
[S3] 2025/11/27 16:10:11.128621         [201:T5] 
[S3] 2025/11/27 16:10:11.128639         [202:T5] 
[S3] 2025/11/27 16:10:11.128654         [203:T5] 
[S3] 2025/11/27 16:10:11.128670         [204:T5] 
[S3] 2025/11/27 16:10:11.128687         [205:T5] 
[S3] 2025/11/27 16:10:11.128704         [206:T5] 
[S3] 2025/11/27 16:10:11.128719         [207:T5] 
[S3] 2025/11/27 16:10:11.128735         [208:T5] 
[S3] 2025/11/27 16:10:11.128752         [209:T5] 
[S3] 2025/11/27 16:10:11.128769         [210:T5] 
[S3] 2025/11/27 16:10:11.128787         [211:T5] 
[S3] 2025/11/27 16:10:11.128804         [212:T5] 
[S3] 2025/11/27 16:10:11.128819         [213:T5] 
[S3] 2025/11/27 16:10:11.128834         [214:T5] 
[S3] 2025/11/27 16:10:11.128852         [215:T5] 
[S3] 2025/11/27 16:10:11.128867         [216:T5] 
[S3] 2025/11/27 16:10:11.128884         [217:T5] 
[S3] 2025/11/27 16:10:11.128900 
[S3] 2025/11/27 16:10:11.128913 ---------------------------------------------------
[S3] 2025/11/27 16:10:11.426597 
[At the start of AppendEntries] 🗂 S3 | Term=11 | Role=Follower | CommitIndex=0 | LastApplied=0
[S3] 2025/11/27 16:10:11.426619      📜 Log: 
[S3] 2025/11/27 16:10:11.426626         [0:T0] 
[S3] 2025/11/27 16:10:11.426633         [1:T1] 
[S3] 2025/11/27 16:10:11.426638         [2:T1] 
[S3] 2025/11/27 16:10:11.426644         [3:T1] 
[S3] 2025/11/27 16:10:11.426650         [4:T1] 
[S3] 2025/11/27 16:10:11.426656         [5:T1] 
[S3] 2025/11/27 16:10:11.426661         [6:T1] 
[S3] 2025/11/27 16:10:11.426666         [7:T1] 
[S3] 2025/11/27 16:10:11.426671         [8:T1] 
[S3] 2025/11/27 16:10:11.426676         [9:T1] 
[S3] 2025/11/27 16:10:11.426681         [10:T1] 
[S3] 2025/11/27 16:10:11.426686         [11:T1] 
[S3] 2025/11/27 16:10:11.426691         [12:T1] 
[S3] 2025/11/27 16:10:11.426696         [13:T1] 
[S3] 2025/11/27 16:10:11.426701         [14:T1] 
[S3] 2025/11/27 16:10:11.426707         [15:T1] 
[S3] 2025/11/27 16:10:11.426711         [16:T1] 
[S3] 2025/11/27 16:10:11.426716         [17:T1] 
[S3] 2025/11/27 16:10:11.426721         [18:T1] 
[S3] 2025/11/27 16:10:11.426725         [19:T1] 
[S3] 2025/11/27 16:10:11.426731         [20:T1] 
[S3] 2025/11/27 16:10:11.426735         [21:T1] 
[S3] 2025/11/27 16:10:11.426744         [22:T1] 
[S3] 2025/11/27 16:10:11.426749         [23:T1] 
[S3] 2025/11/27 16:10:11.426754         [24:T1] 
[S3] 2025/11/27 16:10:11.426759         [25:T1] 
[S3] 2025/11/27 16:10:11.426763         [26:T1] 
[S3] 2025/11/27 16:10:11.426768         [27:T1] 
[S3] 2025/11/27 16:10:11.426772         [28:T1] 
[S3] 2025/11/27 16:10:11.426776         [29:T1] 
[S3] 2025/11/27 16:10:11.426782         [30:T1] 
[S3] 2025/11/27 16:10:11.426786         [31:T1] 
[S3] 2025/11/27 16:10:11.426791         [32:T1] 
[S3] 2025/11/27 16:10:11.426796         [33:T1] 
[S3] 2025/11/27 16:10:11.426801         [34:T1] 
[S3] 2025/11/27 16:10:11.426805         [35:T1] 
[S3] 2025/11/27 16:10:11.426810         [36:T1] 
[S3] 2025/11/27 16:10:11.426815         [37:T1] 
[S3] 2025/11/27 16:10:11.426819         [38:T1] 
[S3] 2025/11/27 16:10:11.426824         [39:T1] 
[S3] 2025/11/27 16:10:11.426829         [40:T1] 
[S3] 2025/11/27 16:10:11.426833         [41:T1] 
[S3] 2025/11/27 16:10:11.426837         [42:T1] 
[S3] 2025/11/27 16:10:11.426843         [43:T1] 
[S3] 2025/11/27 16:10:11.426848         [44:T1] 
[S3] 2025/11/27 16:10:11.426852         [45:T1] 
[S3] 2025/11/27 16:10:11.426857         [46:T1] 
[S3] 2025/11/27 16:10:11.426861         [47:T1] 
[S3] 2025/11/27 16:10:11.426866         [48:T1] 
[S3] 2025/11/27 16:10:11.426870         [49:T1] 
[S3] 2025/11/27 16:10:11.426875         [50:T1] 
[S3] 2025/11/27 16:10:11.426880         [51:T1] 
[S3] 2025/11/27 16:10:11.426884         [52:T1] 
[S3] 2025/11/27 16:10:11.426889         [53:T1] 
[S3] 2025/11/27 16:10:11.426894         [54:T1] 
[S3] 2025/11/27 16:10:11.426898         [55:T1] 
[S3] 2025/11/27 16:10:11.426903         [56:T1] 
[S3] 2025/11/27 16:10:11.426907         [57:T1] 
[S3] 2025/11/27 16:10:11.426912         [58:T1] 
[S3] 2025/11/27 16:10:11.426917         [59:T1] 
[S3] 2025/11/27 16:10:11.426922         [60:T1] 
[S3] 2025/11/27 16:10:11.426926         [61:T1] 
[S3] 2025/11/27 16:10:11.426931         [62:T1] 
[S3] 2025/11/27 16:10:11.426935         [63:T1] 
[S3] 2025/11/27 16:10:11.426940         [64:T1] 
[S3] 2025/11/27 16:10:11.426944         [65:T1] 
[S3] 2025/11/27 16:10:11.426949         [66:T1] 
[S3] 2025/11/27 16:10:11.426954         [67:T1] 
[S3] 2025/11/27 16:10:11.426960         [68:T1] 
[S3] 2025/11/27 16:10:11.426965         [69:T1] 
[S3] 2025/11/27 16:10:11.426970         [70:T1] 
[S3] 2025/11/27 16:10:11.426974         [71:T1] 
[S3] 2025/11/27 16:10:11.426979         [72:T1] 
[S3] 2025/11/27 16:10:11.426984         [73:T1] 
[S3] 2025/11/27 16:10:11.426989         [74:T1] 
[S3] 2025/11/27 16:10:11.426994         [75:T1] 
[S3] 2025/11/27 16:10:11.426999         [76:T1] 
[S3] 2025/11/27 16:10:11.427004         [77:T1] 
[S3] 2025/11/27 16:10:11.427008         [78:T1] 
[S3] 2025/11/27 16:10:11.427013         [79:T1] 
[S3] 2025/11/27 16:10:11.427018         [80:T1] 
[S3] 2025/11/27 16:10:11.427023         [81:T1] 
[S3] 2025/11/27 16:10:11.427028         [82:T1] 
[S3] 2025/11/27 16:10:11.427032         [83:T1] 
[S3] 2025/11/27 16:10:11.427037         [84:T1] 
[S3] 2025/11/27 16:10:11.427042         [85:T1] 
[S3] 2025/11/27 16:10:11.427047         [86:T1] 
[S3] 2025/11/27 16:10:11.427051         [87:T1] 
[S3] 2025/11/27 16:10:11.427057         [88:T1] 
[S3] 2025/11/27 16:10:11.427061         [89:T1] 
[S3] 2025/11/27 16:10:11.427066         [90:T1] 
[S3] 2025/11/27 16:10:11.427075         [91:T1] 
[S3] 2025/11/27 16:10:11.427081         [92:T1] 
[S3] 2025/11/27 16:10:11.427086         [93:T1] 
[S3] 2025/11/27 16:10:11.427091         [94:T1] 
[S3] 2025/11/27 16:10:11.427095         [95:T1] 
[S3] 2025/11/27 16:10:11.427100         [96:T1] 
[S3] 2025/11/27 16:10:11.427105         [97:T1] 
[S3] 2025/11/27 16:10:11.427109         [98:T1] 
[S3] 2025/11/27 16:10:11.427114         [99:T1] 
[S3] 2025/11/27 16:10:11.427119         [100:T1] 
[S3] 2025/11/27 16:10:11.427124         [101:T1] 
[S3] 2025/11/27 16:10:11.427129         [102:T5] 
[S3] 2025/11/27 16:10:11.427135         [103:T5] 
[S3] 2025/11/27 16:10:11.427140         [104:T5] 
[S3] 2025/11/27 16:10:11.427149         [105:T5] 
[S3] 2025/11/27 16:10:11.427153         [106:T5] 
[S3] 2025/11/27 16:10:11.427159         [107:T5] 
[S3] 2025/11/27 16:10:11.427163         [108:T5] 
[S3] 2025/11/27 16:10:11.427168         [109:T5] 
[S3] 2025/11/27 16:10:11.427173         [110:T5] 
[S3] 2025/11/27 16:10:11.427178         [111:T5] 
[S3] 2025/11/27 16:10:11.427182         [112:T5] 
[S3] 2025/11/27 16:10:11.427186         [113:T5] 
[S3] 2025/11/27 16:10:11.427191         [114:T5] 
[S3] 2025/11/27 16:10:11.427196         [115:T5] 
[S3] 2025/11/27 16:10:11.427201         [116:T5] 
[S3] 2025/11/27 16:10:11.427206         [117:T5] 
[S3] 2025/11/27 16:10:11.427210         [118:T5] 
[S3] 2025/11/27 16:10:11.427215         [119:T5] 
[S3] 2025/11/27 16:10:11.427220         [120:T5] 
[S3] 2025/11/27 16:10:11.427224         [121:T5] 
[S3] 2025/11/27 16:10:11.427229         [122:T5] 
[S3] 2025/11/27 16:10:11.427233         [123:T5] 
[S3] 2025/11/27 16:10:11.427239         [124:T5] 
[S3] 2025/11/27 16:10:11.427243         [125:T5] 
[S3] 2025/11/27 16:10:11.427248         [126:T5] 
[S3] 2025/11/27 16:10:11.427253         [127:T5] 
[S3] 2025/11/27 16:10:11.427258         [128:T5] 
[S3] 2025/11/27 16:10:11.427262         [129:T5] 
[S3] 2025/11/27 16:10:11.427267         [130:T5] 
[S3] 2025/11/27 16:10:11.427272         [131:T5] 
[S3] 2025/11/27 16:10:11.427277         [132:T5] 
[S3] 2025/11/27 16:10:11.427281         [133:T5] 
[S3] 2025/11/27 16:10:11.427286         [134:T5] 
[S3] 2025/11/27 16:10:11.427290         [135:T5] 
[S3] 2025/11/27 16:10:11.427295         [136:T5] 
[S3] 2025/11/27 16:10:11.427300         [137:T5] 
[S3] 2025/11/27 16:10:11.427304         [138:T5] 
[S3] 2025/11/27 16:10:11.427309         [139:T5] 
[S3] 2025/11/27 16:10:11.427313         [140:T5] 
[S3] 2025/11/27 16:10:11.427318         [141:T5] 
[S3] 2025/11/27 16:10:11.427322         [142:T5] 
[S3] 2025/11/27 16:10:11.427327         [143:T5] 
[S3] 2025/11/27 16:10:11.427331         [144:T5] 
[S3] 2025/11/27 16:10:11.427336         [145:T5] 
[S3] 2025/11/27 16:10:11.427341         [146:T5] 
[S3] 2025/11/27 16:10:11.427345         [147:T5] 
[S3] 2025/11/27 16:10:11.427350         [148:T5] 
[S3] 2025/11/27 16:10:11.427354         [149:T5] 
[S3] 2025/11/27 16:10:11.427359         [150:T5] 
[S3] 2025/11/27 16:10:11.427364         [151:T5] 
[S3] 2025/11/27 16:10:11.427368         [152:T5] 
[S3] 2025/11/27 16:10:11.427373         [153:T5] 
[S3] 2025/11/27 16:10:11.427377         [154:T5] 
[S3] 2025/11/27 16:10:11.427382         [155:T5] 
[S3] 2025/11/27 16:10:11.427386         [156:T5] 
[S3] 2025/11/27 16:10:11.427390         [157:T5] 
[S3] 2025/11/27 16:10:11.427394         [158:T5] 
[S3] 2025/11/27 16:10:11.427399         [159:T5] 
[S3] 2025/11/27 16:10:11.427404         [160:T5] 
[S3] 2025/11/27 16:10:11.427408         [161:T5] 
[S3] 2025/11/27 16:10:11.427413         [162:T5] 
[S3] 2025/11/27 16:10:11.427418         [163:T5] 
[S3] 2025/11/27 16:10:11.427422         [164:T5] 
[S3] 2025/11/27 16:10:11.427427         [165:T5] 
[S3] 2025/11/27 16:10:11.427431         [166:T5] 
[S3] 2025/11/27 16:10:11.427436         [167:T5] 
[S3] 2025/11/27 16:10:11.427440         [168:T5] 
[S3] 2025/11/27 16:10:11.427444         [169:T5] 
[S3] 2025/11/27 16:10:11.427449         [170:T5] 
[S3] 2025/11/27 16:10:11.427454         [171:T5] 
[S3] 2025/11/27 16:10:11.427458         [172:T5] 
[S3] 2025/11/27 16:10:11.427463         [173:T5] 
[S3] 2025/11/27 16:10:11.427468         [174:T5] 
[S3] 2025/11/27 16:10:11.427472         [175:T5] 
[S3] 2025/11/27 16:10:11.427477         [176:T5] 
[S3] 2025/11/27 16:10:11.427482         [177:T5] 
[S3] 2025/11/27 16:10:11.427486         [178:T5] 
[S3] 2025/11/27 16:10:11.427491         [179:T5] 
[S3] 2025/11/27 16:10:11.427495         [180:T5] 
[S3] 2025/11/27 16:10:11.427500         [181:T5] 
[S3] 2025/11/27 16:10:11.427504         [182:T5] 
[S3] 2025/11/27 16:10:11.427509         [183:T5] 
[S3] 2025/11/27 16:10:11.427513         [184:T5] 
[S3] 2025/11/27 16:10:11.427517         [185:T5] 
[S3] 2025/11/27 16:10:11.427522         [186:T5] 
[S3] 2025/11/27 16:10:11.427527         [187:T5] 
[S3] 2025/11/27 16:10:11.427532         [188:T5] 
[S3] 2025/11/27 16:10:11.427538         [189:T5] 
[S3] 2025/11/27 16:10:11.427542         [190:T5] 
[S3] 2025/11/27 16:10:11.427547         [191:T5] 
[S3] 2025/11/27 16:10:11.427551         [192:T5] 
[S3] 2025/11/27 16:10:11.427556         [193:T5] 
[S3] 2025/11/27 16:10:11.427560         [194:T5] 
[S3] 2025/11/27 16:10:11.427566         [195:T5] 
[S3] 2025/11/27 16:10:11.427570         [196:T5] 
[S3] 2025/11/27 16:10:11.427575         [197:T5] 
[S3] 2025/11/27 16:10:11.427579         [198:T5] 
[S3] 2025/11/27 16:10:11.427584         [199:T5] 
[S3] 2025/11/27 16:10:11.427588         [200:T5] 
[S3] 2025/11/27 16:10:11.427592         [201:T5] 
[S3] 2025/11/27 16:10:11.427597         [202:T5] 
[S3] 2025/11/27 16:10:11.427601         [203:T5] 
[S3] 2025/11/27 16:10:11.427606         [204:T5] 
[S3] 2025/11/27 16:10:11.427611         [205:T5] 
[S3] 2025/11/27 16:10:11.427615         [206:T5] 
[S3] 2025/11/27 16:10:11.427619         [207:T5] 
[S3] 2025/11/27 16:10:11.427624         [208:T5] 
[S3] 2025/11/27 16:10:11.427629         [209:T5] 
[S3] 2025/11/27 16:10:11.427633         [210:T5] 
[S3] 2025/11/27 16:10:11.427637         [211:T5] 
[S3] 2025/11/27 16:10:11.427642         [212:T5] 
[S3] 2025/11/27 16:10:11.427646         [213:T5] 
[S3] 2025/11/27 16:10:11.427650         [214:T5] 
[S3] 2025/11/27 16:10:11.427655         [215:T5] 
[S3] 2025/11/27 16:10:11.427660         [216:T5] 
[S3] 2025/11/27 16:10:11.427664         [217:T5] 
[S3] 2025/11/27 16:10:11.427670 
[S3] 2025/11/27 16:10:11.427674 ---------------------------------------------------
[S3] 2025/11/27 16:10:11.530431 
[At the start of AppendEntries] 🗂 S3 | Term=11 | Role=Follower | CommitIndex=0 | LastApplied=0
[S3] 2025/11/27 16:10:11.530445      📜 Log: 
[S3] 2025/11/27 16:10:11.530451         [0:T0] 
[S3] 2025/11/27 16:10:11.530458         [1:T1] 
[S3] 2025/11/27 16:10:11.530464         [2:T1] 
[S3] 2025/11/27 16:10:11.530469         [3:T1] 
[S3] 2025/11/27 16:10:11.530474         [4:T1] 
[S3] 2025/11/27 16:10:11.530480         [5:T1] 
[S3] 2025/11/27 16:10:11.530485         [6:T1] 
[S3] 2025/11/27 16:10:11.530490         [7:T1] 
[S3] 2025/11/27 16:10:11.530496         [8:T1] 
[S3] 2025/11/27 16:10:11.530500         [9:T1] 
[S3] 2025/11/27 16:10:11.530505         [10:T1] 
[S3] 2025/11/27 16:10:11.530510         [11:T1] 
[S3] 2025/11/27 16:10:11.530516         [12:T1] 
[S3] 2025/11/27 16:10:11.530521         [13:T1] 
[S3] 2025/11/27 16:10:11.530525         [14:T1] 
[S3] 2025/11/27 16:10:11.530531         [15:T1] 
[S3] 2025/11/27 16:10:11.530536         [16:T1] 
[S3] 2025/11/27 16:10:11.530541         [17:T1] 
[S3] 2025/11/27 16:10:11.530545         [18:T1] 
[S3] 2025/11/27 16:10:11.530550         [19:T1] 
[S3] 2025/11/27 16:10:11.530555         [20:T1] 
[S3] 2025/11/27 16:10:11.530560         [21:T1] 
[S3] 2025/11/27 16:10:11.530565         [22:T1] 
[S3] 2025/11/27 16:10:11.530570         [23:T1] 
[S3] 2025/11/27 16:10:11.530575         [24:T1] 
[S3] 2025/11/27 16:10:11.530580         [25:T1] 
[S3] 2025/11/27 16:10:11.530585         [26:T1] 
[S3] 2025/11/27 16:10:11.530589         [27:T1] 
[S3] 2025/11/27 16:10:11.530594         [28:T1] 
[S3] 2025/11/27 16:10:11.530599         [29:T1] 
[S3] 2025/11/27 16:10:11.530603         [30:T1] 
[S3] 2025/11/27 16:10:11.530608         [31:T1] 
[S3] 2025/11/27 16:10:11.530612         [32:T1] 
[S3] 2025/11/27 16:10:11.530617         [33:T1] 
[S3] 2025/11/27 16:10:11.530622         [34:T1] 
[S3] 2025/11/27 16:10:11.530626         [35:T1] 
[S3] 2025/11/27 16:10:11.530631         [36:T1] 
[S3] 2025/11/27 16:10:11.530636         [37:T1] 
[S3] 2025/11/27 16:10:11.530641         [38:T1] 
[S3] 2025/11/27 16:10:11.530646         [39:T1] 
[S3] 2025/11/27 16:10:11.530651         [40:T1] 
[S3] 2025/11/27 16:10:11.530655         [41:T1] 
[S3] 2025/11/27 16:10:11.530660         [42:T1] 
[S3] 2025/11/27 16:10:11.530665         [43:T1] 
[S3] 2025/11/27 16:10:11.530669         [44:T1] 
[S3] 2025/11/27 16:10:11.530675         [45:T1] 
[S3] 2025/11/27 16:10:11.530681         [46:T1] 
[S3] 2025/11/27 16:10:11.530686         [47:T1] 
[S3] 2025/11/27 16:10:11.530690         [48:T1] 
[S3] 2025/11/27 16:10:11.530695         [49:T1] 
[S3] 2025/11/27 16:10:11.530700         [50:T1] 
[S3] 2025/11/27 16:10:11.530704         [51:T1] 
[S3] 2025/11/27 16:10:11.530708         [52:T1] 
[S3] 2025/11/27 16:10:11.530713         [53:T1] 
[S3] 2025/11/27 16:10:11.530717         [54:T1] 
[S3] 2025/11/27 16:10:11.530722         [55:T1] 
[S3] 2025/11/27 16:10:11.530726         [56:T1] 
[S3] 2025/11/27 16:10:11.530731         [57:T1] 
[S3] 2025/11/27 16:10:11.530735         [58:T1] 
[S3] 2025/11/27 16:10:11.530739         [59:T1] 
[S3] 2025/11/27 16:10:11.530744         [60:T1] 
[S3] 2025/11/27 16:10:11.530749         [61:T1] 
[S3] 2025/11/27 16:10:11.530753         [62:T1] 
[S3] 2025/11/27 16:10:11.530758         [63:T1] 
[S3] 2025/11/27 16:10:11.530763         [64:T1] 
[S3] 2025/11/27 16:10:11.530767         [65:T1] 
[S3] 2025/11/27 16:10:11.530771         [66:T1] 
[S3] 2025/11/27 16:10:11.530776         [67:T1] 
[S3] 2025/11/27 16:10:11.530780         [68:T1] 
[S3] 2025/11/27 16:10:11.530785         [69:T1] 
[S3] 2025/11/27 16:10:11.530789         [70:T1] 
[S3] 2025/11/27 16:10:11.530794         [71:T1] 
[S3] 2025/11/27 16:10:11.530799         [72:T1] 
[S3] 2025/11/27 16:10:11.530803         [73:T1] 
[S3] 2025/11/27 16:10:11.530807         [74:T1] 
[S3] 2025/11/27 16:10:11.530811         [75:T1] 
[S3] 2025/11/27 16:10:11.530816         [76:T1] 
[S3] 2025/11/27 16:10:11.530821         [77:T1] 
[S3] 2025/11/27 16:10:11.530825         [78:T1] 
[S3] 2025/11/27 16:10:11.530830         [79:T1] 
[S3] 2025/11/27 16:10:11.530834         [80:T1] 
[S3] 2025/11/27 16:10:11.530839         [81:T1] 
[S3] 2025/11/27 16:10:11.530843         [82:T1] 
[S3] 2025/11/27 16:10:11.530847         [83:T1] 
[S3] 2025/11/27 16:10:11.530851         [84:T1] 
[S3] 2025/11/27 16:10:11.530857         [85:T1] 
[S3] 2025/11/27 16:10:11.530861         [86:T1] 
[S3] 2025/11/27 16:10:11.530865         [87:T1] 
[S3] 2025/11/27 16:10:11.530869         [88:T1] 
[S3] 2025/11/27 16:10:11.530874         [89:T1] 
[S3] 2025/11/27 16:10:11.530879         [90:T1] 
[S3] 2025/11/27 16:10:11.530883         [91:T1] 
[S3] 2025/11/27 16:10:11.530887         [92:T1] 
[S3] 2025/11/27 16:10:11.530891         [93:T1] 
[S3] 2025/11/27 16:10:11.530896         [94:T1] 
[S3] 2025/11/27 16:10:11.530900         [95:T1] 
[S3] 2025/11/27 16:10:11.530905         [96:T1] 
[S3] 2025/11/27 16:10:11.530909         [97:T1] 
[S3] 2025/11/27 16:10:11.530914         [98:T1] 
[S3] 2025/11/27 16:10:11.530919         [99:T1] 
[S3] 2025/11/27 16:10:11.530923         [100:T1] 
[S3] 2025/11/27 16:10:11.530928         [101:T1] 
[S3] 2025/11/27 16:10:11.530933         [102:T5] 
[S3] 2025/11/27 16:10:11.530939         [103:T5] 
[S3] 2025/11/27 16:10:11.530944         [104:T5] 
[S3] 2025/11/27 16:10:11.530948         [105:T5] 
[S3] 2025/11/27 16:10:11.530953         [106:T5] 
[S3] 2025/11/27 16:10:11.530958         [107:T5] 
[S3] 2025/11/27 16:10:11.530962         [108:T5] 
[S3] 2025/11/27 16:10:11.530966         [109:T5] 
[S3] 2025/11/27 16:10:11.530972         [110:T5] 
[S3] 2025/11/27 16:10:11.530976         [111:T5] 
[S3] 2025/11/27 16:10:11.530981         [112:T5] 
[S3] 2025/11/27 16:10:11.530986         [113:T5] 
[S3] 2025/11/27 16:10:11.530990         [114:T5] 
[S3] 2025/11/27 16:10:11.530995         [115:T5] 
[S3] 2025/11/27 16:10:11.530999         [116:T5] 
[S3] 2025/11/27 16:10:11.531004         [117:T5] 
[S3] 2025/11/27 16:10:11.531009         [118:T5] 
[S3] 2025/11/27 16:10:11.531014         [119:T5] 
[S3] 2025/11/27 16:10:11.531018         [120:T5] 
[S3] 2025/11/27 16:10:11.531023         [121:T5] 
[S3] 2025/11/27 16:10:11.531027         [122:T5] 
[S3] 2025/11/27 16:10:11.531032         [123:T5] 
[S3] 2025/11/27 16:10:11.531037         [124:T5] 
[S3] 2025/11/27 16:10:11.531041         [125:T5] 
[S3] 2025/11/27 16:10:11.531047         [126:T5] 
[S3] 2025/11/27 16:10:11.531051         [127:T5] 
[S3] 2025/11/27 16:10:11.531056         [128:T5] 
[S3] 2025/11/27 16:10:11.531062         [129:T5] 
[S3] 2025/11/27 16:10:11.531067         [130:T5] 
[S3] 2025/11/27 16:10:11.531075         [131:T5] 
[S3] 2025/11/27 16:10:11.531080         [132:T5] 
[S3] 2025/11/27 16:10:11.531084         [133:T5] 
[S3] 2025/11/27 16:10:11.531089         [134:T5] 
[S3] 2025/11/27 16:10:11.531094         [135:T5] 
[S3] 2025/11/27 16:10:11.531099         [136:T5] 
[S3] 2025/11/27 16:10:11.531104         [137:T5] 
[S3] 2025/11/27 16:10:11.531109         [138:T5] 
[S3] 2025/11/27 16:10:11.531114         [139:T5] 
[S3] 2025/11/27 16:10:11.531119         [140:T5] 
[S3] 2025/11/27 16:10:11.531124         [141:T5] 
[S3] 2025/11/27 16:10:11.531130         [142:T5] 
[S3] 2025/11/27 16:10:11.531134         [143:T5] 
[S3] 2025/11/27 16:10:11.531139         [144:T5] 
[S3] 2025/11/27 16:10:11.531144         [145:T5] 
[S3] 2025/11/27 16:10:11.531149         [146:T5] 
[S3] 2025/11/27 16:10:11.531154         [147:T5] 
[S3] 2025/11/27 16:10:11.531158         [148:T5] 
[S3] 2025/11/27 16:10:11.531163         [149:T5] 
[S3] 2025/11/27 16:10:11.531168         [150:T5] 
[S3] 2025/11/27 16:10:11.531173         [151:T5] 
[S3] 2025/11/27 16:10:11.531178         [152:T5] 
[S3] 2025/11/27 16:10:11.531183         [153:T5] 
[S3] 2025/11/27 16:10:11.531188         [154:T5] 
[S3] 2025/11/27 16:10:11.531192         [155:T5] 
[S3] 2025/11/27 16:10:11.531197         [156:T5] 
[S3] 2025/11/27 16:10:11.531202         [157:T5] 
[S3] 2025/11/27 16:10:11.531208         [158:T5] 
[S3] 2025/11/27 16:10:11.531212         [159:T5] 
[S3] 2025/11/27 16:10:11.531217         [160:T5] 
[S3] 2025/11/27 16:10:11.531221         [161:T5] 
[S3] 2025/11/27 16:10:11.531226         [162:T5] 
[S3] 2025/11/27 16:10:11.531230         [163:T5] 
[S3] 2025/11/27 16:10:11.531234         [164:T5] 
[S3] 2025/11/27 16:10:11.531239         [165:T5] 
[S3] 2025/11/27 16:10:11.531243         [166:T5] 
[S3] 2025/11/27 16:10:11.531248         [167:T5] 
[S3] 2025/11/27 16:10:11.531252         [168:T5] 
[S3] 2025/11/27 16:10:11.531257         [169:T5] 
[S3] 2025/11/27 16:10:11.531262         [170:T5] 
[S3] 2025/11/27 16:10:11.531266         [171:T5] 
[S3] 2025/11/27 16:10:11.531271         [172:T5] 
[S3] 2025/11/27 16:10:11.531276         [173:T5] 
[S3] 2025/11/27 16:10:11.531280         [174:T5] 
[S3] 2025/11/27 16:10:11.531285         [175:T5] 
[S3] 2025/11/27 16:10:11.531289         [176:T5] 
[S3] 2025/11/27 16:10:11.531294         [177:T5] 
[S3] 2025/11/27 16:10:11.531298         [178:T5] 
[S3] 2025/11/27 16:10:11.531303         [179:T5] 
[S3] 2025/11/27 16:10:11.531308         [180:T5] 
[S3] 2025/11/27 16:10:11.531312         [181:T5] 
[S3] 2025/11/27 16:10:11.531317         [182:T5] 
[S3] 2025/11/27 16:10:11.531322         [183:T5] 
[S3] 2025/11/27 16:10:11.531326         [184:T5] 
[S3] 2025/11/27 16:10:11.531331         [185:T5] 
[S3] 2025/11/27 16:10:11.531335         [186:T5] 
[S3] 2025/11/27 16:10:11.531339         [187:T5] 
[S3] 2025/11/27 16:10:11.531344         [188:T5] 
[S3] 2025/11/27 16:10:11.531349         [189:T5] 
[S3] 2025/11/27 16:10:11.531353         [190:T5] 
[S3] 2025/11/27 16:10:11.531357         [191:T5] 
[S3] 2025/11/27 16:10:11.531362         [192:T5] 
[S3] 2025/11/27 16:10:11.531367         [193:T5] 
[S3] 2025/11/27 16:10:11.531371         [194:T5] 
[S3] 2025/11/27 16:10:11.531377         [195:T5] 
[S3] 2025/11/27 16:10:11.531381         [196:T5] 
[S3] 2025/11/27 16:10:11.531385         [197:T5] 
[S3] 2025/11/27 16:10:11.531390         [198:T5] 
[S3] 2025/11/27 16:10:11.531394         [199:T5] 
[S3] 2025/11/27 16:10:11.531399         [200:T5] 
[S3] 2025/11/27 16:10:11.531403         [201:T5] 
[S3] 2025/11/27 16:10:11.531408         [202:T5] 
[S3] 2025/11/27 16:10:11.531413         [203:T5] 
[S3] 2025/11/27 16:10:11.531417         [204:T5] 
[S3] 2025/11/27 16:10:11.531422         [205:T5] 
[S3] 2025/11/27 16:10:11.531426         [206:T5] 
[S3] 2025/11/27 16:10:11.531430         [207:T5] 
[S3] 2025/11/27 16:10:11.531434         [208:T5] 
[S3] 2025/11/27 16:10:11.531438         [209:T5] 
[S3] 2025/11/27 16:10:11.531443         [210:T5] 
[S3] 2025/11/27 16:10:11.531448         [211:T5] 
[S3] 2025/11/27 16:10:11.531452         [212:T5] 
[S3] 2025/11/27 16:10:11.531457         [213:T5] 
[S3] 2025/11/27 16:10:11.531461         [214:T5] 
[S3] 2025/11/27 16:10:11.531465         [215:T5] 
[S3] 2025/11/27 16:10:11.531470         [216:T5] 
[S3] 2025/11/27 16:10:11.531474         [217:T5] 
[S3] 2025/11/27 16:10:11.531478 
[S3] 2025/11/27 16:10:11.531482 ---------------------------------------------------
[S3] 2025/11/27 16:10:11.532342 
[At the end of AppendEntries] 🗂 S3 | Term=11 | Role=Follower | CommitIndex=217 | LastApplied=0
[S3] 2025/11/27 16:10:11.532355      📜 Log: 
[S3] 2025/11/27 16:10:11.532361         [0:T0] 
[S3] 2025/11/27 16:10:11.532367         [1:T1] 
[S3] 2025/11/27 16:10:11.532373         [2:T1] 
[S3] 2025/11/27 16:10:11.532378         [3:T1] 
[S3] 2025/11/27 16:10:11.532383         [4:T1] 
[S3] 2025/11/27 16:10:11.532388         [5:T1] 
[S3] 2025/11/27 16:10:11.532393         [6:T1] 
[S3] 2025/11/27 16:10:11.532398         [7:T1] 
[S3] 2025/11/27 16:10:11.532403         [8:T1] 
[S3] 2025/11/27 16:10:11.532407         [9:T1] 
[S3] 2025/11/27 16:10:11.532412         [10:T1] 
[S3] 2025/11/27 16:10:11.532417         [11:T1] 
[S3] 2025/11/27 16:10:11.532422         [12:T1] 
[S3] 2025/11/27 16:10:11.532427         [13:T1] 
[S3] 2025/11/27 16:10:11.532432         [14:T1] 
[S3] 2025/11/27 16:10:11.532436         [15:T1] 
[S3] 2025/11/27 16:10:11.532441         [16:T1] 
[S3] 2025/11/27 16:10:11.532446         [17:T1] 
[S3] 2025/11/27 16:10:11.532450         [18:T1] 
[S3] 2025/11/27 16:10:11.532454         [19:T1] 
[S3] 2025/11/27 16:10:11.532459         [20:T1] 
[S3] 2025/11/27 16:10:11.532463         [21:T1] 
[S3] 2025/11/27 16:10:11.532468         [22:T1] 
[S3] 2025/11/27 16:10:11.532472         [23:T1] 
[S3] 2025/11/27 16:10:11.532477         [24:T1] 
[S3] 2025/11/27 16:10:11.532488         [25:T1] 
[S3] 2025/11/27 16:10:11.532492         [26:T1] 
[S3] 2025/11/27 16:10:11.532496         [27:T1] 
[S3] 2025/11/27 16:10:11.532501         [28:T1] 
[S3] 2025/11/27 16:10:11.532506         [29:T1] 
[S3] 2025/11/27 16:10:11.532510         [30:T1] 
[S3] 2025/11/27 16:10:11.532515         [31:T1] 
[S3] 2025/11/27 16:10:11.532519         [32:T1] 
[S3] 2025/11/27 16:10:11.532524         [33:T1] 
[S3] 2025/11/27 16:10:11.532528         [34:T1] 
[S3] 2025/11/27 16:10:11.532533         [35:T1] 
[S3] 2025/11/27 16:10:11.532537         [36:T1] 
[S3] 2025/11/27 16:10:11.532542         [37:T1] 
[S3] 2025/11/27 16:10:11.532547         [38:T1] 
[S3] 2025/11/27 16:10:11.532551         [39:T1] 
[S3] 2025/11/27 16:10:11.532556         [40:T1] 
[S3] 2025/11/27 16:10:11.532560         [41:T1] 
[S3] 2025/11/27 16:10:11.532565         [42:T1] 
[S3] 2025/11/27 16:10:11.532569         [43:T1] 
[S3] 2025/11/27 16:10:11.532574         [44:T1] 
[S3] 2025/11/27 16:10:11.532578         [45:T1] 
[S3] 2025/11/27 16:10:11.532582         [46:T1] 
[S3] 2025/11/27 16:10:11.532587         [47:T1] 
[S3] 2025/11/27 16:10:11.532592         [48:T1] 
[S3] 2025/11/27 16:10:11.532596         [49:T1] 
[S3] 2025/11/27 16:10:11.532600         [50:T1] 
[S3] 2025/11/27 16:10:11.532606         [51:T1] 
[S3] 2025/11/27 16:10:11.532610         [52:T1] 
[S3] 2025/11/27 16:10:11.532614         [53:T1] 
[S3] 2025/11/27 16:10:11.532618         [54:T1] 
[S3] 2025/11/27 16:10:11.532623         [55:T1] 
[S3] 2025/11/27 16:10:11.532627         [56:T1] 
[S3] 2025/11/27 16:10:11.532632         [57:T1] 
[S3] 2025/11/27 16:10:11.532636         [58:T1] 
[S3] 2025/11/27 16:10:11.532640         [59:T1] 
[S3] 2025/11/27 16:10:11.532645         [60:T1] 
[S3] 2025/11/27 16:10:11.532649         [61:T1] 
[S3] 2025/11/27 16:10:11.532653         [62:T1] 
[S3] 2025/11/27 16:10:11.532658         [63:T1] 
[S3] 2025/11/27 16:10:11.532662         [64:T1] 
[S3] 2025/11/27 16:10:11.532667         [65:T1] 
[S3] 2025/11/27 16:10:11.532671         [66:T1] 
[S3] 2025/11/27 16:10:11.532676         [67:T1] 
[S3] 2025/11/27 16:10:11.532681         [68:T1] 
[S3] 2025/11/27 16:10:11.532685         [69:T1] 
[S3] 2025/11/27 16:10:11.532690         [70:T1] 
[S3] 2025/11/27 16:10:11.532696         [71:T1] 
[S3] 2025/11/27 16:10:11.532700         [72:T1] 
[S3] 2025/11/27 16:10:11.532705         [73:T1] 
[S3] 2025/11/27 16:10:11.532710         [74:T1] 
[S3] 2025/11/27 16:10:11.532714         [75:T1] 
[S3] 2025/11/27 16:10:11.532719         [76:T1] 
[S3] 2025/11/27 16:10:11.532723         [77:T1] 
[S3] 2025/11/27 16:10:11.532728         [78:T1] 
[S3] 2025/11/27 16:10:11.532732         [79:T1] 
[S3] 2025/11/27 16:10:11.532737         [80:T1] 
[S3] 2025/11/27 16:10:11.532742         [81:T1] 
[S3] 2025/11/27 16:10:11.532746         [82:T1] 
[S3] 2025/11/27 16:10:11.532750         [83:T1] 
[S3] 2025/11/27 16:10:11.532756         [84:T1] 
[S3] 2025/11/27 16:10:11.532761         [85:T1] 
[S3] 2025/11/27 16:10:11.532765         [86:T1] 
[S3] 2025/11/27 16:10:11.532770         [87:T1] 
[S3] 2025/11/27 16:10:11.532774         [88:T1] 
[S3] 2025/11/27 16:10:11.532779         [89:T1] 
[S3] 2025/11/27 16:10:11.532783         [90:T1] 
[S3] 2025/11/27 16:10:11.532788         [91:T1] 
[S3] 2025/11/27 16:10:11.532793         [92:T1] 
[S3] 2025/11/27 16:10:11.532798         [93:T1] 
[S3] 2025/11/27 16:10:11.532803         [94:T1] 
[S3] 2025/11/27 16:10:11.532807         [95:T1] 
[S3] 2025/11/27 16:10:11.532812         [96:T1] 
[S3] 2025/11/27 16:10:11.532817         [97:T1] 
[S3] 2025/11/27 16:10:11.532821         [98:T1] 
[S3] 2025/11/27 16:10:11.532826         [99:T1] 
[S3] 2025/11/27 16:10:11.532830         [100:T1] 
[S3] 2025/11/27 16:10:11.532836         [101:T1] 
[S3] 2025/11/27 16:10:11.532841         [102:T5] 
[S3] 2025/11/27 16:10:11.532846         [103:T5] 
[S3] 2025/11/27 16:10:11.532851         [104:T5] 
[S3] 2025/11/27 16:10:11.532855         [105:T5] 
[S3] 2025/11/27 16:10:11.532860         [106:T5] 
[S3] 2025/11/27 16:10:11.532865         [107:T5] 
[S3] 2025/11/27 16:10:11.532870         [108:T5] 
[S3] 2025/11/27 16:10:11.532874         [109:T5] 
[S3] 2025/11/27 16:10:11.532879         [110:T5] 
[S3] 2025/11/27 16:10:11.532884         [111:T5] 
[S3] 2025/11/27 16:10:11.532888         [112:T5] 
[S3] 2025/11/27 16:10:11.532892         [113:T5] 
[S3] 2025/11/27 16:10:11.532897         [114:T5] 
[S3] 2025/11/27 16:10:11.532902         [115:T5] 
[S3] 2025/11/27 16:10:11.532907         [116:T5] 
[S3] 2025/11/27 16:10:11.532911         [117:T5] 
[S3] 2025/11/27 16:10:11.532915         [118:T5] 
[S3] 2025/11/27 16:10:11.532921         [119:T5] 
[S3] 2025/11/27 16:10:11.532926         [120:T5] 
[S3] 2025/11/27 16:10:11.532930         [121:T5] 
[S3] 2025/11/27 16:10:11.532935         [122:T5] 
[S3] 2025/11/27 16:10:11.532940         [123:T5] 
[S3] 2025/11/27 16:10:11.532944         [124:T5] 
[S3] 2025/11/27 16:10:11.532949         [125:T5] 
[S3] 2025/11/27 16:10:11.532953         [126:T5] 
[S3] 2025/11/27 16:10:11.532958         [127:T5] 
[S3] 2025/11/27 16:10:11.532962         [128:T5] 
[S3] 2025/11/27 16:10:11.532967         [129:T5] 
[S3] 2025/11/27 16:10:11.532971         [130:T5] 
[S3] 2025/11/27 16:10:11.532976         [131:T5] 
[S3] 2025/11/27 16:10:11.532980         [132:T5] 
[S3] 2025/11/27 16:10:11.532986         [133:T5] 
[S3] 2025/11/27 16:10:11.532990         [134:T5] 
[S3] 2025/11/27 16:10:11.532995         [135:T5] 
[S3] 2025/11/27 16:10:11.532999         [136:T5] 
[S3] 2025/11/27 16:10:11.533005         [137:T5] 
[S3] 2025/11/27 16:10:11.533009         [138:T5] 
[S3] 2025/11/27 16:10:11.533014         [139:T5] 
[S3] 2025/11/27 16:10:11.533018         [140:T5] 
[S3] 2025/11/27 16:10:11.533023         [141:T5] 
[S3] 2025/11/27 16:10:11.533028         [142:T5] 
[S3] 2025/11/27 16:10:11.533033         [143:T5] 
[S3] 2025/11/27 16:10:11.533037         [144:T5] 
[S3] 2025/11/27 16:10:11.533042         [145:T5] 
[S3] 2025/11/27 16:10:11.533047         [146:T5] 
[S3] 2025/11/27 16:10:11.533051         [147:T5] 
[S3] 2025/11/27 16:10:11.533056         [148:T5] 
[S3] 2025/11/27 16:10:11.533061         [149:T5] 
[S3] 2025/11/27 16:10:11.533066         [150:T5] 
[S3] 2025/11/27 16:10:11.533073         [151:T5] 
[S3] 2025/11/27 16:10:11.533078         [152:T5] 
[S3] 2025/11/27 16:10:11.533085         [153:T5] 
[S3] 2025/11/27 16:10:11.533090         [154:T5] 
[S3] 2025/11/27 16:10:11.533095         [155:T5] 
[S3] 2025/11/27 16:10:11.533099         [156:T5] 
[S3] 2025/11/27 16:10:11.533104         [157:T5] 
[S3] 2025/11/27 16:10:11.533110         [158:T5] 
[S3] 2025/11/27 16:10:11.533115         [159:T5] 
[S3] 2025/11/27 16:10:11.533119         [160:T5] 
[S3] 2025/11/27 16:10:11.533124         [161:T5] 
[S3] 2025/11/27 16:10:11.533129         [162:T5] 
[S3] 2025/11/27 16:10:11.533134         [163:T5] 
[S3] 2025/11/27 16:10:11.533138         [164:T5] 
[S3] 2025/11/27 16:10:11.533143         [165:T5] 
[S3] 2025/11/27 16:10:11.533148         [166:T5] 
[S3] 2025/11/27 16:10:11.533153         [167:T5] 
[S3] 2025/11/27 16:10:11.533158         [168:T5] 
[S3] 2025/11/27 16:10:11.533163         [169:T5] 
[S3] 2025/11/27 16:10:11.533168         [170:T5] 
[S3] 2025/11/27 16:10:11.533173         [171:T5] 
[S3] 2025/11/27 16:10:11.533178         [172:T5] 
[S3] 2025/11/27 16:10:11.533183         [173:T5] 
[S3] 2025/11/27 16:10:11.533187         [174:T5] 
[S3] 2025/11/27 16:10:11.533193         [175:T5] 
[S3] 2025/11/27 16:10:11.533199         [176:T5] 
[S3] 2025/11/27 16:10:11.533203         [177:T5] 
[S3] 2025/11/27 16:10:11.533208         [178:T5] 
[S3] 2025/11/27 16:10:11.533212         [179:T5] 
[S3] 2025/11/27 16:10:11.533216         [180:T5] 
[S3] 2025/11/27 16:10:11.533221         [181:T5] 
[S3] 2025/11/27 16:10:11.533226         [182:T5] 
[S3] 2025/11/27 16:10:11.533231         [183:T5] 
[S3] 2025/11/27 16:10:11.533235         [184:T5] 
[S3] 2025/11/27 16:10:11.533240         [185:T5] 
[S3] 2025/11/27 16:10:11.533245         [186:T5] 
[S3] 2025/11/27 16:10:11.533249         [187:T5] 
[S3] 2025/11/27 16:10:11.533254         [188:T5] 
[S3] 2025/11/27 16:10:11.533260         [189:T5] 
[S3] 2025/11/27 16:10:11.533264         [190:T5] 
[S3] 2025/11/27 16:10:11.533268         [191:T5] 
[S3] 2025/11/27 16:10:11.533273         [192:T5] 
[S3] 2025/11/27 16:10:11.533278         [193:T5] 
[S3] 2025/11/27 16:10:11.533282         [194:T5] 
[S3] 2025/11/27 16:10:11.533288         [195:T5] 
[S3] 2025/11/27 16:10:11.533292         [196:T5] 
[S3] 2025/11/27 16:10:11.533297         [197:T5] 
[S3] 2025/11/27 16:10:11.533301         [198:T5] 
[S3] 2025/11/27 16:10:11.533306         [199:T5] 
[S3] 2025/11/27 16:10:11.533311         [200:T5] 
[S3] 2025/11/27 16:10:11.533315         [201:T5] 
[S3] 2025/11/27 16:10:11.533320         [202:T5] 
[S3] 2025/11/27 16:10:11.533324         [203:T5] 
[S3] 2025/11/27 16:10:11.533329         [204:T5] 
[S3] 2025/11/27 16:10:11.533333         [205:T5] 
[S3] 2025/11/27 16:10:11.533338         [206:T5] 
[S3] 2025/11/27 16:10:11.533342         [207:T5] 
[S3] 2025/11/27 16:10:11.533347         [208:T5] 
[S3] 2025/11/27 16:10:11.533352         [209:T5] 
[S3] 2025/11/27 16:10:11.533356         [210:T5] 
[S3] 2025/11/27 16:10:11.533361         [211:T5] 
[S3] 2025/11/27 16:10:11.533366         [212:T5] 
[S3] 2025/11/27 16:10:11.533371         [213:T5] 
[S3] 2025/11/27 16:10:11.533375         [214:T5] 
[S3] 2025/11/27 16:10:11.533380         [215:T5] 
[S3] 2025/11/27 16:10:11.533385         [216:T5] 
[S3] 2025/11/27 16:10:11.533390         [217:T5] 
[S3] 2025/11/27 16:10:11.533394         [218:T5] 
[S3] 2025/11/27 16:10:11.533398         [219:T5] 
[S3] 2025/11/27 16:10:11.533403         [220:T5] 
[S3] 2025/11/27 16:10:11.533407         [221:T5] 
[S3] 2025/11/27 16:10:11.533412         [222:T5] 
[S3] 2025/11/27 16:10:11.533416         [223:T5] 
[S3] 2025/11/27 16:10:11.533420 
[S3] 2025/11/27 16:10:11.533425 ---------------------------------------------------
[S3] 2025/11/27 16:10:11.639498 
[At the start of AppendEntries] 🗂 S3 | Term=11 | Role=Follower | CommitIndex=217 | LastApplied=217
[S3] 2025/11/27 16:10:11.639533      📜 Log: 
[S3] 2025/11/27 16:10:11.639548         [0:T0] 
[S3] 2025/11/27 16:10:11.639562         [1:T1] 
[S3] 2025/11/27 16:10:11.639575         [2:T1] 
[S3] 2025/11/27 16:10:11.639591         [3:T1] 
[S3] 2025/11/27 16:10:11.639603         [4:T1] 
[S3] 2025/11/27 16:10:11.639621         [5:T1] 
[S3] 2025/11/27 16:10:11.639636         [6:T1] 
[S3] 2025/11/27 16:10:11.639648         [7:T1] 
[S3] 2025/11/27 16:10:11.639660         [8:T1] 
[S3] 2025/11/27 16:10:11.639671         [9:T1] 
[S3] 2025/11/27 16:10:11.639681         [10:T1] 
[S3] 2025/11/27 16:10:11.639693         [11:T1] 
[S3] 2025/11/27 16:10:11.639705         [12:T1] 
[S3] 2025/11/27 16:10:11.639716         [13:T1] 
[S3] 2025/11/27 16:10:11.639728         [14:T1] 
[S3] 2025/11/27 16:10:11.639740         [15:T1] 
[S3] 2025/11/27 16:10:11.639751         [16:T1] 
[S3] 2025/11/27 16:10:11.639761         [17:T1] 
[S3] 2025/11/27 16:10:11.639772         [18:T1] 
[S3] 2025/11/27 16:10:11.639782         [19:T1] 
[S3] 2025/11/27 16:10:11.639792         [20:T1] 
[S3] 2025/11/27 16:10:11.639805         [21:T1] 
[S3] 2025/11/27 16:10:11.639815         [22:T1] 
[S3] 2025/11/27 16:10:11.639825         [23:T1] 
[S3] 2025/11/27 16:10:11.639836         [24:T1] 
[S3] 2025/11/27 16:10:11.639846         [25:T1] 
[S3] 2025/11/27 16:10:11.639858         [26:T1] 
[S3] 2025/11/27 16:10:11.639868         [27:T1] 
[S3] 2025/11/27 16:10:11.639878         [28:T1] 
[S3] 2025/11/27 16:10:11.639889         [29:T1] 
[S3] 2025/11/27 16:10:11.639900         [30:T1] 
[S3] 2025/11/27 16:10:11.639911         [31:T1] 
[S3] 2025/11/27 16:10:11.639921         [32:T1] 
[S3] 2025/11/27 16:10:11.639933         [33:T1] 
[S3] 2025/11/27 16:10:11.639943         [34:T1] 
[S3] 2025/11/27 16:10:11.639953         [35:T1] 
[S3] 2025/11/27 16:10:11.639963         [36:T1] 
[S3] 2025/11/27 16:10:11.639973         [37:T1] 
[S3] 2025/11/27 16:10:11.639983         [38:T1] 
[S3] 2025/11/27 16:10:11.639992         [39:T1] 
[S3] 2025/11/27 16:10:11.640003         [40:T1] 
[S3] 2025/11/27 16:10:11.640012         [41:T1] 
[S3] 2025/11/27 16:10:11.640024         [42:T1] 
[S3] 2025/11/27 16:10:11.640035         [43:T1] 
[S3] 2025/11/27 16:10:11.640055         [44:T1] 
[S3] 2025/11/27 16:10:11.640066         [45:T1] 
[S3] 2025/11/27 16:10:11.640087         [46:T1] 
[S3] 2025/11/27 16:10:11.640100         [47:T1] 
[S3] 2025/11/27 16:10:11.640110         [48:T1] 
[S3] 2025/11/27 16:10:11.640122         [49:T1] 
[S3] 2025/11/27 16:10:11.640135         [50:T1] 
[S3] 2025/11/27 16:10:11.640145         [51:T1] 
[S3] 2025/11/27 16:10:11.640156         [52:T1] 
[S3] 2025/11/27 16:10:11.640168         [53:T1] 
[S3] 2025/11/27 16:10:11.640179         [54:T1] 
[S3] 2025/11/27 16:10:11.640191         [55:T1] 
[S3] 2025/11/27 16:10:11.640201         [56:T1] 
[S3] 2025/11/27 16:10:11.640212         [57:T1] 
[S3] 2025/11/27 16:10:11.640223         [58:T1] 
[S3] 2025/11/27 16:10:11.640233         [59:T1] 
[S3] 2025/11/27 16:10:11.640245         [60:T1] 
[S3] 2025/11/27 16:10:11.640257         [61:T1] 
[S3] 2025/11/27 16:10:11.640267         [62:T1] 
[S3] 2025/11/27 16:10:11.640278         [63:T1] 
[S3] 2025/11/27 16:10:11.640288         [64:T1] 
[S3] 2025/11/27 16:10:11.640299         [65:T1] 
[S3] 2025/11/27 16:10:11.640310         [66:T1] 
[S3] 2025/11/27 16:10:11.640321         [67:T1] 
[S3] 2025/11/27 16:10:11.640331         [68:T1] 
[S3] 2025/11/27 16:10:11.640343         [69:T1] 
[S3] 2025/11/27 16:10:11.640355         [70:T1] 
[S3] 2025/11/27 16:10:11.640366         [71:T1] 
[S3] 2025/11/27 16:10:11.640376         [72:T1] 
[S3] 2025/11/27 16:10:11.640389         [73:T1] 
[S3] 2025/11/27 16:10:11.640399         [74:T1] 
[S3] 2025/11/27 16:10:11.640413         [75:T1] 
[S3] 2025/11/27 16:10:11.640423         [76:T1] 
[S3] 2025/11/27 16:10:11.640435         [77:T1] 
[S3] 2025/11/27 16:10:11.640446         [78:T1] 
[S3] 2025/11/27 16:10:11.640458         [79:T1] 
[S3] 2025/11/27 16:10:11.640469         [80:T1] 
[S3] 2025/11/27 16:10:11.640480         [81:T1] 
[S3] 2025/11/27 16:10:11.640492         [82:T1] 
[S3] 2025/11/27 16:10:11.640502         [83:T1] 
[S3] 2025/11/27 16:10:11.640513         [84:T1] 
[S3] 2025/11/27 16:10:11.640525         [85:T1] 
[S3] 2025/11/27 16:10:11.640535         [86:T1] 
[S3] 2025/11/27 16:10:11.640546         [87:T1] 
[S3] 2025/11/27 16:10:11.640557         [88:T1] 
[S3] 2025/11/27 16:10:11.640571         [89:T1] 
[S3] 2025/11/27 16:10:11.640584         [90:T1] 
[S3] 2025/11/27 16:10:11.640596         [91:T1] 
[S3] 2025/11/27 16:10:11.640608         [92:T1] 
[S3] 2025/11/27 16:10:11.640619         [93:T1] 
[S3] 2025/11/27 16:10:11.640630         [94:T1] 
[S3] 2025/11/27 16:10:11.640640         [95:T1] 
[S3] 2025/11/27 16:10:11.640652         [96:T1] 
[S3] 2025/11/27 16:10:11.640663         [97:T1] 
[S3] 2025/11/27 16:10:11.640676         [98:T1] 
[S3] 2025/11/27 16:10:11.640687         [99:T1] 
[S3] 2025/11/27 16:10:11.640700         [100:T1] 
[S3] 2025/11/27 16:10:11.640712         [101:T1] 
[S3] 2025/11/27 16:10:11.640724         [102:T5] 
[S3] 2025/11/27 16:10:11.640736         [103:T5] 
[S3] 2025/11/27 16:10:11.640748         [104:T5] 
[S3] 2025/11/27 16:10:11.640760         [105:T5] 
[S3] 2025/11/27 16:10:11.640771         [106:T5] 
[S3] 2025/11/27 16:10:11.640783         [107:T5] 
[S3] 2025/11/27 16:10:11.640796         [108:T5] 
[S3] 2025/11/27 16:10:11.640806         [109:T5] 
[S3] 2025/11/27 16:10:11.640817         [110:T5] 
[S3] 2025/11/27 16:10:11.640828         [111:T5] 
[S3] 2025/11/27 16:10:11.640840         [112:T5] 
[S3] 2025/11/27 16:10:11.640852         [113:T5] 
[S3] 2025/11/27 16:10:11.640863         [114:T5] 
[S3] 2025/11/27 16:10:11.640875         [115:T5] 
[S3] 2025/11/27 16:10:11.640886         [116:T5] 
[S3] 2025/11/27 16:10:11.640898         [117:T5] 
[S3] 2025/11/27 16:10:11.640909         [118:T5] 
[S3] 2025/11/27 16:10:11.640920         [119:T5] 
[S3] 2025/11/27 16:10:11.640931         [120:T5] 
[S3] 2025/11/27 16:10:11.640942         [121:T5] 
[S3] 2025/11/27 16:10:11.640953         [122:T5] 
[S3] 2025/11/27 16:10:11.640964         [123:T5] 
[S3] 2025/11/27 16:10:11.640975         [124:T5] 
[S3] 2025/11/27 16:10:11.640985         [125:T5] 
[S3] 2025/11/27 16:10:11.640998         [126:T5] 
[S3] 2025/11/27 16:10:11.641010         [127:T5] 
[S3] 2025/11/27 16:10:11.641021         [128:T5] 
[S3] 2025/11/27 16:10:11.641032         [129:T5] 
[S3] 2025/11/27 16:10:11.641043         [130:T5] 
[S3] 2025/11/27 16:10:11.641054         [131:T5] 
[S3] 2025/11/27 16:10:11.641065         [132:T5] 
[S3] 2025/11/27 16:10:11.641083         [133:T5] 
[S3] 2025/11/27 16:10:11.641094         [134:T5] 
[S3] 2025/11/27 16:10:11.641107         [135:T5] 
[S3] 2025/11/27 16:10:11.641119         [136:T5] 
[S3] 2025/11/27 16:10:11.641130         [137:T5] 
[S3] 2025/11/27 16:10:11.641141         [138:T5] 
[S3] 2025/11/27 16:10:11.641152         [139:T5] 
[S3] 2025/11/27 16:10:11.641164         [140:T5] 
[S3] 2025/11/27 16:10:11.641175         [141:T5] 
[S3] 2025/11/27 16:10:11.641187         [142:T5] 
[S3] 2025/11/27 16:10:11.641198         [143:T5] 
[S3] 2025/11/27 16:10:11.641208         [144:T5] 
[S3] 2025/11/27 16:10:11.641219         [145:T5] 
[S3] 2025/11/27 16:10:11.641230         [146:T5] 
[S3] 2025/11/27 16:10:11.641240         [147:T5] 
[S3] 2025/11/27 16:10:11.641251         [148:T5] 
[S3] 2025/11/27 16:10:11.641262         [149:T5] 
[S3] 2025/11/27 16:10:11.641272         [150:T5] 
[S3] 2025/11/27 16:10:11.641282         [151:T5] 
[S3] 2025/11/27 16:10:11.641295         [152:T5] 
[S3] 2025/11/27 16:10:11.641306         [153:T5] 
[S3] 2025/11/27 16:10:11.641318         [154:T5] 
[S3] 2025/11/27 16:10:11.641333         [155:T5] 
[S3] 2025/11/27 16:10:11.641346         [156:T5] 
[S3] 2025/11/27 16:10:11.641358         [157:T5] 
[S3] 2025/11/27 16:10:11.641373         [158:T5] 
[S3] 2025/11/27 16:10:11.641385         [159:T5] 
[S3] 2025/11/27 16:10:11.641396         [160:T5] 
[S3] 2025/11/27 16:10:11.641408         [161:T5] 
[S3] 2025/11/27 16:10:11.641421         [162:T5] 
[S3] 2025/11/27 16:10:11.641433         [163:T5] 
[S3] 2025/11/27 16:10:11.641447         [164:T5] 
[S3] 2025/11/27 16:10:11.641460         [165:T5] 
[S3] 2025/11/27 16:10:11.641473         [166:T5] 
[S3] 2025/11/27 16:10:11.641486         [167:T5] 
[S3] 2025/11/27 16:10:11.641498         [168:T5] 
[S3] 2025/11/27 16:10:11.641510         [169:T5] 
[S3] 2025/11/27 16:10:11.641523         [170:T5] 
[S3] 2025/11/27 16:10:11.641540         [171:T5] 
[S3] 2025/11/27 16:10:11.641552         [172:T5] 
[S3] 2025/11/27 16:10:11.641567         [173:T5] 
[S3] 2025/11/27 16:10:11.641578         [174:T5] 
[S3] 2025/11/27 16:10:11.641590         [175:T5] 
[S3] 2025/11/27 16:10:11.641601         [176:T5] 
[S3] 2025/11/27 16:10:11.641612         [177:T5] 
[S3] 2025/11/27 16:10:11.641625         [178:T5] 
[S3] 2025/11/27 16:10:11.641638         [179:T5] 
[S3] 2025/11/27 16:10:11.641650         [180:T5] 
[S3] 2025/11/27 16:10:11.641661         [181:T5] 
[S3] 2025/11/27 16:10:11.641674         [182:T5] 
[S3] 2025/11/27 16:10:11.641685         [183:T5] 
[S3] 2025/11/27 16:10:11.641697         [184:T5] 
[S3] 2025/11/27 16:10:11.641709         [185:T5] 
[S3] 2025/11/27 16:10:11.641720         [186:T5] 
[S3] 2025/11/27 16:10:11.641732         [187:T5] 
[S3] 2025/11/27 16:10:11.641745         [188:T5] 
[S3] 2025/11/27 16:10:11.641757         [189:T5] 
[S3] 2025/11/27 16:10:11.641769         [190:T5] 
[S3] 2025/11/27 16:10:11.641782         [191:T5] 
[S3] 2025/11/27 16:10:11.641793         [192:T5] 
[S3] 2025/11/27 16:10:11.641805         [193:T5] 
[S3] 2025/11/27 16:10:11.641819         [194:T5] 
[S3] 2025/11/27 16:10:11.641832         [195:T5] 
[S3] 2025/11/27 16:10:11.641843         [196:T5] 
[S3] 2025/11/27 16:10:11.641857         [197:T5] 
[S3] 2025/11/27 16:10:11.641869         [198:T5] 
[S3] 2025/11/27 16:10:11.641881         [199:T5] 
[S3] 2025/11/27 16:10:11.641893         [200:T5] 
[S3] 2025/11/27 16:10:11.641904         [201:T5] 
[S3] 2025/11/27 16:10:11.641917         [202:T5] 
[S3] 2025/11/27 16:10:11.641928         [203:T5] 
[S3] 2025/11/27 16:10:11.641940         [204:T5] 
[S3] 2025/11/27 16:10:11.641951         [205:T5] 
[S3] 2025/11/27 16:10:11.641964         [206:T5] 
[S3] 2025/11/27 16:10:11.641975         [207:T5] 
[S3] 2025/11/27 16:10:11.641988         [208:T5] 
[S3] 2025/11/27 16:10:11.641999         [209:T5] 
[S3] 2025/11/27 16:10:11.642011         [210:T5] 
[S3] 2025/11/27 16:10:11.642023         [211:T5] 
[S3] 2025/11/27 16:10:11.642034         [212:T5] 
[S3] 2025/11/27 16:10:11.642046         [213:T5] 
[S3] 2025/11/27 16:10:11.642057         [214:T5] 
[S3] 2025/11/27 16:10:11.642080         [215:T5] 
[S3] 2025/11/27 16:10:11.642098         [216:T5] 
[S3] 2025/11/27 16:10:11.642111         [217:T5] 
[S3] 2025/11/27 16:10:11.642122         [218:T5] 
[S3] 2025/11/27 16:10:11.642135         [219:T5] 
[S3] 2025/11/27 16:10:11.642148         [220:T5] 
[S3] 2025/11/27 16:10:11.642159         [221:T5] 
[S3] 2025/11/27 16:10:11.642173         [222:T5] 
[S3] 2025/11/27 16:10:11.642188         [223:T5] 
[S3] 2025/11/27 16:10:11.642205 
[S3] 2025/11/27 16:10:11.642216 ---------------------------------------------------
[S3] 2025/11/27 16:10:11.642232 
[At the end of AppendEntries] 🗂 S3 | Term=11 | Role=Follower | CommitIndex=217 | LastApplied=217
[S3] 2025/11/27 16:10:11.642253      📜 Log: 
[S3] 2025/11/27 16:10:11.642264         [0:T0] 
[S3] 2025/11/27 16:10:11.642278         [1:T1] 
[S3] 2025/11/27 16:10:11.642290         [2:T1] 
[S3] 2025/11/27 16:10:11.642305         [3:T1] 
[S3] 2025/11/27 16:10:11.642317         [4:T1] 
[S3] 2025/11/27 16:10:11.642329         [5:T1] 
[S3] 2025/11/27 16:10:11.642341         [6:T1] 
[S3] 2025/11/27 16:10:11.642354         [7:T1] 
[S3] 2025/11/27 16:10:11.642368         [8:T1] 
[S3] 2025/11/27 16:10:11.642380         [9:T1] 
[S3] 2025/11/27 16:10:11.642392         [10:T1] 
[S3] 2025/11/27 16:10:11.642404         [11:T1] 
[S3] 2025/11/27 16:10:11.642416         [12:T1] 
[S3] 2025/11/27 16:10:11.642428         [13:T1] 
[S3] 2025/11/27 16:10:11.642441         [14:T1] 
[S3] 2025/11/27 16:10:11.642453         [15:T1] 
[S3] 2025/11/27 16:10:11.642464         [16:T1] 
[S3] 2025/11/27 16:10:11.642477         [17:T1] 
[S3] 2025/11/27 16:10:11.642490         [18:T1] 
[S3] 2025/11/27 16:10:11.642502         [19:T1] 
[S3] 2025/11/27 16:10:11.642515         [20:T1] 
[S3] 2025/11/27 16:10:11.642529         [21:T1] 
[S3] 2025/11/27 16:10:11.642540         [22:T1] 
[S3] 2025/11/27 16:10:11.642554         [23:T1] 
[S3] 2025/11/27 16:10:11.642570         [24:T1] 
[S3] 2025/11/27 16:10:11.642583         [25:T1] 
[S3] 2025/11/27 16:10:11.642597         [26:T1] 
[S3] 2025/11/27 16:10:11.642608         [27:T1] 
[S3] 2025/11/27 16:10:11.642623         [28:T1] 
[S3] 2025/11/27 16:10:11.642636         [29:T1] 
[S3] 2025/11/27 16:10:11.642649         [30:T1] 
[S3] 2025/11/27 16:10:11.642661         [31:T1] 
[S3] 2025/11/27 16:10:11.642675         [32:T1] 
[S3] 2025/11/27 16:10:11.642687         [33:T1] 
[S3] 2025/11/27 16:10:11.642700         [34:T1] 
[S3] 2025/11/27 16:10:11.642714         [35:T1] 
[S3] 2025/11/27 16:10:11.642726         [36:T1] 
[S3] 2025/11/27 16:10:11.642738         [37:T1] 
[S3] 2025/11/27 16:10:11.642750         [38:T1] 
[S3] 2025/11/27 16:10:11.642764         [39:T1] 
[S3] 2025/11/27 16:10:11.642776         [40:T1] 
[S3] 2025/11/27 16:10:11.642790         [41:T1] 
[S3] 2025/11/27 16:10:11.642802         [42:T1] 
[S3] 2025/11/27 16:10:11.642814         [43:T1] 
[S3] 2025/11/27 16:10:11.642826         [44:T1] 
[S3] 2025/11/27 16:10:11.642838         [45:T1] 
[S3] 2025/11/27 16:10:11.642850         [46:T1] 
[S3] 2025/11/27 16:10:11.642864         [47:T1] 
[S3] 2025/11/27 16:10:11.642876         [48:T1] 
[S3] 2025/11/27 16:10:11.642891         [49:T1] 
[S3] 2025/11/27 16:10:11.642904         [50:T1] 
[S3] 2025/11/27 16:10:11.642917         [51:T1] 
[S3] 2025/11/27 16:10:11.642929         [52:T1] 
[S3] 2025/11/27 16:10:11.642943         [53:T1] 
[S3] 2025/11/27 16:10:11.642955         [54:T1] 
[S3] 2025/11/27 16:10:11.642969         [55:T1] 
[S3] 2025/11/27 16:10:11.642981         [56:T1] 
[S3] 2025/11/27 16:10:11.642993         [57:T1] 
[S3] 2025/11/27 16:10:11.643007         [58:T1] 
[S3] 2025/11/27 16:10:11.643019         [59:T1] 
[S3] 2025/11/27 16:10:11.643031         [60:T1] 
[S3] 2025/11/27 16:10:11.643043         [61:T1] 
[S3] 2025/11/27 16:10:11.643055         [62:T1] 
[S3] 2025/11/27 16:10:11.643067         [63:T1] 
[S3] 2025/11/27 16:10:11.643091         [64:T1] 
[S3] 2025/11/27 16:10:11.643104         [65:T1] 
[S3] 2025/11/27 16:10:11.643119         [66:T1] 
[S3] 2025/11/27 16:10:11.643132         [67:T1] 
[S3] 2025/11/27 16:10:11.643145         [68:T1] 
[S3] 2025/11/27 16:10:11.643157         [69:T1] 
[S3] 2025/11/27 16:10:11.643172         [70:T1] 
[S3] 2025/11/27 16:10:11.643185         [71:T1] 
[S3] 2025/11/27 16:10:11.643197         [72:T1] 
[S3] 2025/11/27 16:10:11.643210         [73:T1] 
[S3] 2025/11/27 16:10:11.643222         [74:T1] 
[S3] 2025/11/27 16:10:11.643236         [75:T1] 
[S3] 2025/11/27 16:10:11.643251         [76:T1] 
[S3] 2025/11/27 16:10:11.643263         [77:T1] 
[S3] 2025/11/27 16:10:11.643277         [78:T1] 
[S3] 2025/11/27 16:10:11.643291         [79:T1] 
[S3] 2025/11/27 16:10:11.643304         [80:T1] 
[S3] 2025/11/27 16:10:11.643317         [81:T1] 
[S3] 2025/11/27 16:10:11.643329         [82:T1] 
[S3] 2025/11/27 16:10:11.643343         [83:T1] 
[S3] 2025/11/27 16:10:11.643355         [84:T1] 
[S3] 2025/11/27 16:10:11.643371         [85:T1] 
[S3] 2025/11/27 16:10:11.643383         [86:T1] 
[S3] 2025/11/27 16:10:11.643395         [87:T1] 
[S3] 2025/11/27 16:10:11.643409         [88:T1] 
[S3] 2025/11/27 16:10:11.643424         [89:T1] 
[S3] 2025/11/27 16:10:11.643436         [90:T1] 
[S3] 2025/11/27 16:10:11.643449         [91:T1] 
[S3] 2025/11/27 16:10:11.643462         [92:T1] 
[S3] 2025/11/27 16:10:11.643478         [93:T1] 
[S3] 2025/11/27 16:10:11.643492         [94:T1] 
[S3] 2025/11/27 16:10:11.643507         [95:T1] 
[S3] 2025/11/27 16:10:11.643522         [96:T1] 
[S3] 2025/11/27 16:10:11.643537         [97:T1] 
[S3] 2025/11/27 16:10:11.643550         [98:T1] 
[S3] 2025/11/27 16:10:11.643563         [99:T1] 
[S3] 2025/11/27 16:10:11.643578         [100:T1] 
[S3] 2025/11/27 16:10:11.643592         [101:T1] 
[S3] 2025/11/27 16:10:11.643605         [102:T5] 
[S3] 2025/11/27 16:10:11.643620         [103:T5] 
[S3] 2025/11/27 16:10:11.643634         [104:T5] 
[S3] 2025/11/27 16:10:11.643648         [105:T5] 
[S3] 2025/11/27 16:10:11.643661         [106:T5] 
[S3] 2025/11/27 16:10:11.643681         [107:T5] 
[S3] 2025/11/27 16:10:11.643695         [108:T5] 
[S3] 2025/11/27 16:10:11.643709         [109:T5] 
[S3] 2025/11/27 16:10:11.643722         [110:T5] 
[S3] 2025/11/27 16:10:11.643735         [111:T5] 
[S3] 2025/11/27 16:10:11.643750         [112:T5] 
[S3] 2025/11/27 16:10:11.643764         [113:T5] 
[S3] 2025/11/27 16:10:11.643778         [114:T5] 
[S3] 2025/11/27 16:10:11.643792         [115:T5] 
[S3] 2025/11/27 16:10:11.643808         [116:T5] 
[S3] 2025/11/27 16:10:11.643823         [117:T5] 
[S3] 2025/11/27 16:10:11.643836         [118:T5] 
[S3] 2025/11/27 16:10:11.643851         [119:T5] 
[S3] 2025/11/27 16:10:11.643864         [120:T5] 
[S3] 2025/11/27 16:10:11.643881         [121:T5] 
[S3] 2025/11/27 16:10:11.643894         [122:T5] 
[S3] 2025/11/27 16:10:11.643907         [123:T5] 
[S3] 2025/11/27 16:10:11.643920         [124:T5] 
[S3] 2025/11/27 16:10:11.643935         [125:T5] 
[S3] 2025/11/27 16:10:11.643948         [126:T5] 
[S3] 2025/11/27 16:10:11.643963         [127:T5] 
[S3] 2025/11/27 16:10:11.643976         [128:T5] 
[S3] 2025/11/27 16:10:11.643990         [129:T5] 
[S3] 2025/11/27 16:10:11.644005         [130:T5] 
[S3] 2025/11/27 16:10:11.644019         [131:T5] 
[S3] 2025/11/27 16:10:11.644033         [132:T5] 
[S3] 2025/11/27 16:10:11.644048         [133:T5] 
[S3] 2025/11/27 16:10:11.644063         [134:T5] 
[S3] 2025/11/27 16:10:11.644087         [135:T5] 
[S3] 2025/11/27 16:10:11.644101         [136:T5] 
[S3] 2025/11/27 16:10:11.644115         [137:T5] 
[S3] 2025/11/27 16:10:11.644128         [138:T5] 
[S3] 2025/11/27 16:10:11.644140         [139:T5] 
[S3] 2025/11/27 16:10:11.644152         [140:T5] 
[S3] 2025/11/27 16:10:11.644164         [141:T5] 
[S3] 2025/11/27 16:10:11.644180         [142:T5] 
[S3] 2025/11/27 16:10:11.644192         [143:T5] 
[S3] 2025/11/27 16:10:11.644204         [144:T5] 
[S3] 2025/11/27 16:10:11.644216         [145:T5] 
[S3] 2025/11/27 16:10:11.644228         [146:T5] 
[S3] 2025/11/27 16:10:11.644240         [147:T5] 
[S3] 2025/11/27 16:10:11.644252         [148:T5] 
[S3] 2025/11/27 16:10:11.644266         [149:T5] 
[S3] 2025/11/27 16:10:11.644279         [150:T5] 
[S3] 2025/11/27 16:10:11.644292         [151:T5] 
[S3] 2025/11/27 16:10:11.644306         [152:T5] 
[S3] 2025/11/27 16:10:11.644319         [153:T5] 
[S3] 2025/11/27 16:10:11.644332         [154:T5] 
[S3] 2025/11/27 16:10:11.644344         [155:T5] 
[S3] 2025/11/27 16:10:11.644356         [156:T5] 
[S3] 2025/11/27 16:10:11.644368         [157:T5] 
[S3] 2025/11/27 16:10:11.644382         [158:T5] 
[S3] 2025/11/27 16:10:11.644394         [159:T5] 
[S3] 2025/11/27 16:10:11.644407         [160:T5] 
[S3] 2025/11/27 16:10:11.644420         [161:T5] 
[S3] 2025/11/27 16:10:11.644432         [162:T5] 
[S3] 2025/11/27 16:10:11.644444         [163:T5] 
[S3] 2025/11/27 16:10:11.644460         [164:T5] 
[S3] 2025/11/27 16:10:11.644471         [165:T5] 
[S3] 2025/11/27 16:10:11.644483         [166:T5] 
[S3] 2025/11/27 16:10:11.644496         [167:T5] 
[S3] 2025/11/27 16:10:11.644508         [168:T5] 
[S3] 2025/11/27 16:10:11.644519         [169:T5] 
[S3] 2025/11/27 16:10:11.644532         [170:T5] 
[S3] 2025/11/27 16:10:11.644546         [171:T5] 
[S3] 2025/11/27 16:10:11.644558         [172:T5] 
[S3] 2025/11/27 16:10:11.644571         [173:T5] 
[S3] 2025/11/27 16:10:11.644583         [174:T5] 
[S3] 2025/11/27 16:10:11.644594         [175:T5] 
[S3] 2025/11/27 16:10:11.644606         [176:T5] 
[S3] 2025/11/27 16:10:11.644617         [177:T5] 
[S3] 2025/11/27 16:10:11.644629         [178:T5] 
[S3] 2025/11/27 16:10:11.644640         [179:T5] 
[S3] 2025/11/27 16:10:11.644651         [180:T5] 
[S3] 2025/11/27 16:10:11.644663         [181:T5] 
[S3] 2025/11/27 16:10:11.644675         [182:T5] 
[S3] 2025/11/27 16:10:11.644686         [183:T5] 
[S3] 2025/11/27 16:10:11.644699         [184:T5] 
[S3] 2025/11/27 16:10:11.644712         [185:T5] 
[S3] 2025/11/27 16:10:11.644723         [186:T5] 
[S3] 2025/11/27 16:10:11.644735         [187:T5] 
[S3] 2025/11/27 16:10:11.644747         [188:T5] 
[S3] 2025/11/27 16:10:11.644765         [189:T5] 
[S3] 2025/11/27 16:10:11.644777         [190:T5] 
[S3] 2025/11/27 16:10:11.644788         [191:T5] 
[S3] 2025/11/27 16:10:11.644801         [192:T5] 
[S3] 2025/11/27 16:10:11.644812         [193:T5] 
[S3] 2025/11/27 16:10:11.644823         [194:T5] 
[S3] 2025/11/27 16:10:11.644835         [195:T5] 
[S3] 2025/11/27 16:10:11.644846         [196:T5] 
[S3] 2025/11/27 16:10:11.644859         [197:T5] 
[S3] 2025/11/27 16:10:11.644869         [198:T5] 
[S3] 2025/11/27 16:10:11.644880         [199:T5] 
[S3] 2025/11/27 16:10:11.644891         [200:T5] 
[S3] 2025/11/27 16:10:11.644904         [201:T5] 
[S3] 2025/11/27 16:10:11.644916         [202:T5] 
[S3] 2025/11/27 16:10:11.644927         [203:T5] 
[S3] 2025/11/27 16:10:11.644940         [204:T5] 
[S3] 2025/11/27 16:10:11.644953         [205:T5] 
[S3] 2025/11/27 16:10:11.644964         [206:T5] 
[S3] 2025/11/27 16:10:11.644976         [207:T5] 
[S3] 2025/11/27 16:10:11.644988         [208:T5] 
[S3] 2025/11/27 16:10:11.645000         [209:T5] 
[S3] 2025/11/27 16:10:11.645012         [210:T5] 
[S3] 2025/11/27 16:10:11.645024         [211:T5] 
[S3] 2025/11/27 16:10:11.645036         [212:T5] 
[S3] 2025/11/27 16:10:11.645050         [213:T5] 
[S3] 2025/11/27 16:10:11.645062         [214:T5] 
[S3] 2025/11/27 16:10:11.645080         [215:T5] 
[S3] 2025/11/27 16:10:11.645094         [216:T5] 
[S3] 2025/11/27 16:10:11.645108         [217:T5] 
[S3] 2025/11/27 16:10:11.645119         [218:T5] 
[S3] 2025/11/27 16:10:11.645130         [219:T5] 
[S3] 2025/11/27 16:10:11.645143         [220:T5] 
[S3] 2025/11/27 16:10:11.645154         [221:T5] 
[S3] 2025/11/27 16:10:11.645166         [222:T5] 
[S3] 2025/11/27 16:10:11.645179         [223:T5] 
[S3] 2025/11/27 16:10:11.645190 
[S3] 2025/11/27 16:10:11.645200 ---------------------------------------------------
[S3] 2025/11/27 16:10:11.751375 
[At the start of AppendEntries] 🗂 S3 | Term=11 | Role=Follower | CommitIndex=217 | LastApplied=217
[S3] 2025/11/27 16:10:11.751395      📜 Log: 
[S3] 2025/11/27 16:10:11.751403         [0:T0] 
[S3] 2025/11/27 16:10:11.751410         [1:T1] 
[S3] 2025/11/27 16:10:11.751416         [2:T1] 
[S3] 2025/11/27 16:10:11.751422         [3:T1] 
[S3] 2025/11/27 16:10:11.751427         [4:T1] 
[S3] 2025/11/27 16:10:11.751432         [5:T1] 
[S3] 2025/11/27 16:10:11.751437         [6:T1] 
[S3] 2025/11/27 16:10:11.751443         [7:T1] 
[S3] 2025/11/27 16:10:11.751449         [8:T1] 
[S3] 2025/11/27 16:10:11.751454         [9:T1] 
[S3] 2025/11/27 16:10:11.751459         [10:T1] 
[S3] 2025/11/27 16:10:11.751464         [11:T1] 
[S3] 2025/11/27 16:10:11.751470         [12:T1] 
[S3] 2025/11/27 16:10:11.751475         [13:T1] 
[S3] 2025/11/27 16:10:11.751481         [14:T1] 
[S3] 2025/11/27 16:10:11.751486         [15:T1] 
[S3] 2025/11/27 16:10:11.751491         [16:T1] 
[S3] 2025/11/27 16:10:11.751496         [17:T1] 
[S3] 2025/11/27 16:10:11.751501         [18:T1] 
[S3] 2025/11/27 16:10:11.751506         [19:T1] 
[S3] 2025/11/27 16:10:11.751511         [20:T1] 
[S3] 2025/11/27 16:10:11.751516         [21:T1] 
[S3] 2025/11/27 16:10:11.751521         [22:T1] 
[S3] 2025/11/27 16:10:11.751525         [23:T1] 
[S3] 2025/11/27 16:10:11.751531         [24:T1] 
[S3] 2025/11/27 16:10:11.751536         [25:T1] 
[S3] 2025/11/27 16:10:11.751541         [26:T1] 
[S3] 2025/11/27 16:10:11.751546         [27:T1] 
[S3] 2025/11/27 16:10:11.751551         [28:T1] 
[S3] 2025/11/27 16:10:11.751556         [29:T1] 
[S3] 2025/11/27 16:10:11.751561         [30:T1] 
[S3] 2025/11/27 16:10:11.751566         [31:T1] 
[S3] 2025/11/27 16:10:11.751570         [32:T1] 
[S3] 2025/11/27 16:10:11.751575         [33:T1] 
[S3] 2025/11/27 16:10:11.751579         [34:T1] 
[S3] 2025/11/27 16:10:11.751583         [35:T1] 
[S3] 2025/11/27 16:10:11.751589         [36:T1] 
[S3] 2025/11/27 16:10:11.751593         [37:T1] 
[S3] 2025/11/27 16:10:11.751598         [38:T1] 
[S3] 2025/11/27 16:10:11.751603         [39:T1] 
[S3] 2025/11/27 16:10:11.751608         [40:T1] 
[S3] 2025/11/27 16:10:11.751613         [41:T1] 
[S3] 2025/11/27 16:10:11.751623         [42:T1] 
[S3] 2025/11/27 16:10:11.751628         [43:T1] 
[S3] 2025/11/27 16:10:11.751633         [44:T1] 
[S3] 2025/11/27 16:10:11.751638         [45:T1] 
[S3] 2025/11/27 16:10:11.751644         [46:T1] 
[S3] 2025/11/27 16:10:11.751649         [47:T1] 
[S3] 2025/11/27 16:10:11.751654         [48:T1] 
[S3] 2025/11/27 16:10:11.751659         [49:T1] 
[S3] 2025/11/27 16:10:11.751664         [50:T1] 
[S3] 2025/11/27 16:10:11.751669         [51:T1] 
[S3] 2025/11/27 16:10:11.751673         [52:T1] 
[S3] 2025/11/27 16:10:11.751678         [53:T1] 
[S3] 2025/11/27 16:10:11.751682         [54:T1] 
[S3] 2025/11/27 16:10:11.751687         [55:T1] 
[S3] 2025/11/27 16:10:11.751692         [56:T1] 
[S3] 2025/11/27 16:10:11.751696         [57:T1] 
[S3] 2025/11/27 16:10:11.751701         [58:T1] 
[S3] 2025/11/27 16:10:11.751706         [59:T1] 
[S3] 2025/11/27 16:10:11.751711         [60:T1] 
[S3] 2025/11/27 16:10:11.751716         [61:T1] 
[S3] 2025/11/27 16:10:11.751720         [62:T1] 
[S3] 2025/11/27 16:10:11.751725         [63:T1] 
[S3] 2025/11/27 16:10:11.751729         [64:T1] 
[S3] 2025/11/27 16:10:11.751734         [65:T1] 
[S3] 2025/11/27 16:10:11.751739         [66:T1] 
[S3] 2025/11/27 16:10:11.751743         [67:T1] 
[S3] 2025/11/27 16:10:11.751748         [68:T1] 
[S3] 2025/11/27 16:10:11.751753         [69:T1] 
[S3] 2025/11/27 16:10:11.751758         [70:T1] 
[S3] 2025/11/27 16:10:11.751762         [71:T1] 
[S3] 2025/11/27 16:10:11.751767         [72:T1] 
[S3] 2025/11/27 16:10:11.751772         [73:T1] 
[S3] 2025/11/27 16:10:11.751776         [74:T1] 
[S3] 2025/11/27 16:10:11.751781         [75:T1] 
[S3] 2025/11/27 16:10:11.751786         [76:T1] 
[S3] 2025/11/27 16:10:11.751790         [77:T1] 
[S3] 2025/11/27 16:10:11.751795         [78:T1] 
[S3] 2025/11/27 16:10:11.751800         [79:T1] 
[S3] 2025/11/27 16:10:11.751804         [80:T1] 
[S3] 2025/11/27 16:10:11.751809         [81:T1] 
[S3] 2025/11/27 16:10:11.751814         [82:T1] 
[S3] 2025/11/27 16:10:11.751818         [83:T1] 
[S3] 2025/11/27 16:10:11.751823         [84:T1] 
[S3] 2025/11/27 16:10:11.751828         [85:T1] 
[S3] 2025/11/27 16:10:11.751833         [86:T1] 
[S3] 2025/11/27 16:10:11.751838         [87:T1] 
[S3] 2025/11/27 16:10:11.751842         [88:T1] 
[S3] 2025/11/27 16:10:11.751847         [89:T1] 
[S3] 2025/11/27 16:10:11.751852         [90:T1] 
[S3] 2025/11/27 16:10:11.751856         [91:T1] 
[S3] 2025/11/27 16:10:11.751861         [92:T1] 
[S3] 2025/11/27 16:10:11.751865         [93:T1] 
[S3] 2025/11/27 16:10:11.751870         [94:T1] 
[S3] 2025/11/27 16:10:11.751875         [95:T1] 
[S3] 2025/11/27 16:10:11.751880         [96:T1] 
[S3] 2025/11/27 16:10:11.751885         [97:T1] 
[S3] 2025/11/27 16:10:11.751889         [98:T1] 
[S3] 2025/11/27 16:10:11.751894         [99:T1] 
[S3] 2025/11/27 16:10:11.751898         [100:T1] 
[S3] 2025/11/27 16:10:11.751903         [101:T1] 
[S3] 2025/11/27 16:10:11.751909         [102:T5] 
[S3] 2025/11/27 16:10:11.751914         [103:T5] 
[S3] 2025/11/27 16:10:11.751919         [104:T5] 
[S3] 2025/11/27 16:10:11.751925         [105:T5] 
[S3] 2025/11/27 16:10:11.751930         [106:T5] 
[S3] 2025/11/27 16:10:11.751935         [107:T5] 
[S3] 2025/11/27 16:10:11.751941         [108:T5] 
[S3] 2025/11/27 16:10:11.751945         [109:T5] 
[S3] 2025/11/27 16:10:11.751951         [110:T5] 
[S3] 2025/11/27 16:10:11.751955         [111:T5] 
[S3] 2025/11/27 16:10:11.751960         [112:T5] 
[S3] 2025/11/27 16:10:11.751965         [113:T5] 
[S3] 2025/11/27 16:10:11.751970         [114:T5] 
[S3] 2025/11/27 16:10:11.751974         [115:T5] 
[S3] 2025/11/27 16:10:11.751979         [116:T5] 
[S3] 2025/11/27 16:10:11.751984         [117:T5] 
[S3] 2025/11/27 16:10:11.751989         [118:T5] 
[S3] 2025/11/27 16:10:11.751994         [119:T5] 
[S3] 2025/11/27 16:10:11.751998         [120:T5] 
[S3] 2025/11/27 16:10:11.752004         [121:T5] 
[S3] 2025/11/27 16:10:11.752008         [122:T5] 
[S3] 2025/11/27 16:10:11.752013         [123:T5] 
[S3] 2025/11/27 16:10:11.752019         [124:T5] 
[S3] 2025/11/27 16:10:11.752025         [125:T5] 
[S3] 2025/11/27 16:10:11.752029         [126:T5] 
[S3] 2025/11/27 16:10:11.752035         [127:T5] 
[S3] 2025/11/27 16:10:11.752039         [128:T5] 
[S3] 2025/11/27 16:10:11.752044         [129:T5] 
[S3] 2025/11/27 16:10:11.752048         [130:T5] 
[S3] 2025/11/27 16:10:11.752053         [131:T5] 
[S3] 2025/11/27 16:10:11.752058         [132:T5] 
[S3] 2025/11/27 16:10:11.752062         [133:T5] 
[S3] 2025/11/27 16:10:11.752071         [134:T5] 
[S3] 2025/11/27 16:10:11.752076         [135:T5] 
[S3] 2025/11/27 16:10:11.752081         [136:T5] 
[S3] 2025/11/27 16:10:11.752086         [137:T5] 
[S3] 2025/11/27 16:10:11.752091         [138:T5] 
[S3] 2025/11/27 16:10:11.752095         [139:T5] 
[S3] 2025/11/27 16:10:11.752100         [140:T5] 
[S3] 2025/11/27 16:10:11.752105         [141:T5] 
[S3] 2025/11/27 16:10:11.752109         [142:T5] 
[S3] 2025/11/27 16:10:11.752114         [143:T5] 
[S3] 2025/11/27 16:10:11.752119         [144:T5] 
[S3] 2025/11/27 16:10:11.752124         [145:T5] 
[S3] 2025/11/27 16:10:11.752128         [146:T5] 
[S3] 2025/11/27 16:10:11.752134         [147:T5] 
[S3] 2025/11/27 16:10:11.752139         [148:T5] 
[S3] 2025/11/27 16:10:11.752143         [149:T5] 
[S3] 2025/11/27 16:10:11.752148         [150:T5] 
[S3] 2025/11/27 16:10:11.752153         [151:T5] 
[S3] 2025/11/27 16:10:11.752157         [152:T5] 
[S3] 2025/11/27 16:10:11.752161         [153:T5] 
[S3] 2025/11/27 16:10:11.752167         [154:T5] 
[S3] 2025/11/27 16:10:11.752171         [155:T5] 
[S3] 2025/11/27 16:10:11.752176         [156:T5] 
[S3] 2025/11/27 16:10:11.752181         [157:T5] 
[S3] 2025/11/27 16:10:11.752186         [158:T5] 
[S3] 2025/11/27 16:10:11.752190         [159:T5] 
[S3] 2025/11/27 16:10:11.752195         [160:T5] 
[S3] 2025/11/27 16:10:11.752200         [161:T5] 
[S3] 2025/11/27 16:10:11.752205         [162:T5] 
[S3] 2025/11/27 16:10:11.752210         [163:T5] 
[S3] 2025/11/27 16:10:11.752214         [164:T5] 
[S3] 2025/11/27 16:10:11.752220         [165:T5] 
[S3] 2025/11/27 16:10:11.752224         [166:T5] 
[S3] 2025/11/27 16:10:11.752229         [167:T5] 
[S3] 2025/11/27 16:10:11.752233         [168:T5] 
[S3] 2025/11/27 16:10:11.752239         [169:T5] 
[S3] 2025/11/27 16:10:11.752244         [170:T5] 
[S3] 2025/11/27 16:10:11.752248         [171:T5] 
[S3] 2025/11/27 16:10:11.752253         [172:T5] 
[S3] 2025/11/27 16:10:11.752257         [173:T5] 
[S3] 2025/11/27 16:10:11.752262         [174:T5] 
[S3] 2025/11/27 16:10:11.752267         [175:T5] 
[S3] 2025/11/27 16:10:11.752271         [176:T5] 
[S3] 2025/11/27 16:10:11.752276         [177:T5] 
[S3] 2025/11/27 16:10:11.752280         [178:T5] 
[S3] 2025/11/27 16:10:11.752285         [179:T5] 
[S3] 2025/11/27 16:10:11.752289         [180:T5] 
[S3] 2025/11/27 16:10:11.752294         [181:T5] 
[S3] 2025/11/27 16:10:11.752298         [182:T5] 
[S3] 2025/11/27 16:10:11.752303         [183:T5] 
[S3] 2025/11/27 16:10:11.752308         [184:T5] 
[S3] 2025/11/27 16:10:11.752312         [185:T5] 
[S3] 2025/11/27 16:10:11.752317         [186:T5] 
[S3] 2025/11/27 16:10:11.752322         [187:T5] 
[S3] 2025/11/27 16:10:11.752327         [188:T5] 
[S3] 2025/11/27 16:10:11.752332         [189:T5] 
[S3] 2025/11/27 16:10:11.752337         [190:T5] 
[S3] 2025/11/27 16:10:11.752342         [191:T5] 
[S3] 2025/11/27 16:10:11.752346         [192:T5] 
[S3] 2025/11/27 16:10:11.752351         [193:T5] 
[S3] 2025/11/27 16:10:11.752355         [194:T5] 
[S3] 2025/11/27 16:10:11.752360         [195:T5] 
[S3] 2025/11/27 16:10:11.752365         [196:T5] 
[S3] 2025/11/27 16:10:11.752370         [197:T5] 
[S3] 2025/11/27 16:10:11.752375         [198:T5] 
[S3] 2025/11/27 16:10:11.752379         [199:T5] 
[S3] 2025/11/27 16:10:11.752384         [200:T5] 
[S3] 2025/11/27 16:10:11.752389         [201:T5] 
[S3] 2025/11/27 16:10:11.752393         [202:T5] 
[S3] 2025/11/27 16:10:11.752398         [203:T5] 
[S3] 2025/11/27 16:10:11.752402         [204:T5] 
[S3] 2025/11/27 16:10:11.752407         [205:T5] 
[S3] 2025/11/27 16:10:11.752411         [206:T5] 
[S3] 2025/11/27 16:10:11.752417         [207:T5] 
[S3] 2025/11/27 16:10:11.752422         [208:T5] 
[S3] 2025/11/27 16:10:11.752427         [209:T5] 
[S3] 2025/11/27 16:10:11.752431         [210:T5] 
[S3] 2025/11/27 16:10:11.752436         [211:T5] 
[S3] 2025/11/27 16:10:11.752441         [212:T5] 
[S3] 2025/11/27 16:10:11.752445         [213:T5] 
[S3] 2025/11/27 16:10:11.752450         [214:T5] 
[S3] 2025/11/27 16:10:11.752455         [215:T5] 
[S3] 2025/11/27 16:10:11.752460         [216:T5] 
[S3] 2025/11/27 16:10:11.752465         [217:T5] 
[S3] 2025/11/27 16:10:11.752469         [218:T5] 
[S3] 2025/11/27 16:10:11.752474         [219:T5] 
[S3] 2025/11/27 16:10:11.752478         [220:T5] 
[S3] 2025/11/27 16:10:11.752483         [221:T5] 
[S3] 2025/11/27 16:10:11.752488         [222:T5] 
[S3] 2025/11/27 16:10:11.752492         [223:T5] 
[S3] 2025/11/27 16:10:11.752497 
[S3] 2025/11/27 16:10:11.752501 ---------------------------------------------------
[S3] 2025/11/27 16:10:11.752509 
[At the end of AppendEntries] 🗂 S3 | Term=11 | Role=Follower | CommitIndex=217 | LastApplied=217
[S3] 2025/11/27 16:10:11.752517      📜 Log: 
[S3] 2025/11/27 16:10:11.752521         [0:T0] 
[S3] 2025/11/27 16:10:11.752527         [1:T1] 
[S3] 2025/11/27 16:10:11.752532         [2:T1] 
[S3] 2025/11/27 16:10:11.752537         [3:T1] 
[S3] 2025/11/27 16:10:11.752542         [4:T1] 
[S3] 2025/11/27 16:10:11.752547         [5:T1] 
[S3] 2025/11/27 16:10:11.752552         [6:T1] 
[S3] 2025/11/27 16:10:11.752557         [7:T1] 
[S3] 2025/11/27 16:10:11.752562         [8:T1] 
[S3] 2025/11/27 16:10:11.752567         [9:T1] 
[S3] 2025/11/27 16:10:11.752572         [10:T1] 
[S3] 2025/11/27 16:10:11.752577         [11:T1] 
[S3] 2025/11/27 16:10:11.752581         [12:T1] 
[S3] 2025/11/27 16:10:11.752586         [13:T1] 
[S3] 2025/11/27 16:10:11.752591         [14:T1] 
[S3] 2025/11/27 16:10:11.752596         [15:T1] 
[S3] 2025/11/27 16:10:11.752601         [16:T1] 
[S3] 2025/11/27 16:10:11.752606         [17:T1] 
[S3] 2025/11/27 16:10:11.752611         [18:T1] 
[S3] 2025/11/27 16:10:11.752616         [19:T1] 
[S3] 2025/11/27 16:10:11.752621         [20:T1] 
[S3] 2025/11/27 16:10:11.752626         [21:T1] 
[S3] 2025/11/27 16:10:11.752631         [22:T1] 
[S3] 2025/11/27 16:10:11.752635         [23:T1] 
[S3] 2025/11/27 16:10:11.752639         [24:T1] 
[S3] 2025/11/27 16:10:11.752645         [25:T1] 
[S3] 2025/11/27 16:10:11.752649         [26:T1] 
[S3] 2025/11/27 16:10:11.752653         [27:T1] 
[S3] 2025/11/27 16:10:11.752658         [28:T1] 
[S3] 2025/11/27 16:10:11.752663         [29:T1] 
[S3] 2025/11/27 16:10:11.752668         [30:T1] 
[S3] 2025/11/27 16:10:11.752672         [31:T1] 
[S3] 2025/11/27 16:10:11.752678         [32:T1] 
[S3] 2025/11/27 16:10:11.752683         [33:T1] 
[S3] 2025/11/27 16:10:11.752688         [34:T1] 
[S3] 2025/11/27 16:10:11.752693         [35:T1] 
[S3] 2025/11/27 16:10:11.752698         [36:T1] 
[S3] 2025/11/27 16:10:11.752702         [37:T1] 
[S3] 2025/11/27 16:10:11.752707         [38:T1] 
[S3] 2025/11/27 16:10:11.752711         [39:T1] 
[S3] 2025/11/27 16:10:11.752716         [40:T1] 
[S3] 2025/11/27 16:10:11.752721         [41:T1] 
[S3] 2025/11/27 16:10:11.752726         [42:T1] 
[S3] 2025/11/27 16:10:11.752731         [43:T1] 
[S3] 2025/11/27 16:10:11.752736         [44:T1] 
[S3] 2025/11/27 16:10:11.752740         [45:T1] 
[S3] 2025/11/27 16:10:11.752745         [46:T1] 
[S3] 2025/11/27 16:10:11.752751         [47:T1] 
[S3] 2025/11/27 16:10:11.752756         [48:T1] 
[S3] 2025/11/27 16:10:11.752760         [49:T1] 
[S3] 2025/11/27 16:10:11.752765         [50:T1] 
[S3] 2025/11/27 16:10:11.752770         [51:T1] 
[S3] 2025/11/27 16:10:11.752774         [52:T1] 
[S3] 2025/11/27 16:10:11.752779         [53:T1] 
[S3] 2025/11/27 16:10:11.752784         [54:T1] 
[S3] 2025/11/27 16:10:11.752789         [55:T1] 
[S3] 2025/11/27 16:10:11.752794         [56:T1] 
[S3] 2025/11/27 16:10:11.752798         [57:T1] 
[S3] 2025/11/27 16:10:11.752803         [58:T1] 
[S3] 2025/11/27 16:10:11.752807         [59:T1] 
[S3] 2025/11/27 16:10:11.752812         [60:T1] 
[S3] 2025/11/27 16:10:11.752818         [61:T1] 
[S3] 2025/11/27 16:10:11.752822         [62:T1] 
[S3] 2025/11/27 16:10:11.752827         [63:T1] 
[S3] 2025/11/27 16:10:11.752832         [64:T1] 
[S3] 2025/11/27 16:10:11.752836         [65:T1] 
[S3] 2025/11/27 16:10:11.752841         [66:T1] 
[S3] 2025/11/27 16:10:11.752846         [67:T1] 
[S3] 2025/11/27 16:10:11.752850         [68:T1] 
[S3] 2025/11/27 16:10:11.752854         [69:T1] 
[S3] 2025/11/27 16:10:11.752860         [70:T1] 
[S3] 2025/11/27 16:10:11.752864         [71:T1] 
[S3] 2025/11/27 16:10:11.752869         [72:T1] 
[S3] 2025/11/27 16:10:11.752873         [73:T1] 
[S3] 2025/11/27 16:10:11.752878         [74:T1] 
[S3] 2025/11/27 16:10:11.752883         [75:T1] 
[S3] 2025/11/27 16:10:11.752888         [76:T1] 
[S3] 2025/11/27 16:10:11.752893         [77:T1] 
[S3] 2025/11/27 16:10:11.752897         [78:T1] 
[S3] 2025/11/27 16:10:11.752902         [79:T1] 
[S3] 2025/11/27 16:10:11.752907         [80:T1] 
[S3] 2025/11/27 16:10:11.752911         [81:T1] 
[S3] 2025/11/27 16:10:11.752916         [82:T1] 
[S3] 2025/11/27 16:10:11.752920         [83:T1] 
[S3] 2025/11/27 16:10:11.752925         [84:T1] 
[S3] 2025/11/27 16:10:11.752930         [85:T1] 
[S3] 2025/11/27 16:10:11.752934         [86:T1] 
[S3] 2025/11/27 16:10:11.752939         [87:T1] 
[S3] 2025/11/27 16:10:11.752943         [88:T1] 
[S3] 2025/11/27 16:10:11.752947         [89:T1] 
[S3] 2025/11/27 16:10:11.752953         [90:T1] 
[S3] 2025/11/27 16:10:11.752957         [91:T1] 
[S3] 2025/11/27 16:10:11.752962         [92:T1] 
[S3] 2025/11/27 16:10:11.752966         [93:T1] 
[S3] 2025/11/27 16:10:11.752971         [94:T1] 
[S3] 2025/11/27 16:10:11.752976         [95:T1] 
[S3] 2025/11/27 16:10:11.752980         [96:T1] 
[S3] 2025/11/27 16:10:11.752985         [97:T1] 
[S3] 2025/11/27 16:10:11.752990         [98:T1] 
[S3] 2025/11/27 16:10:11.752994         [99:T1] 
[S3] 2025/11/27 16:10:11.752999         [100:T1] 
[S3] 2025/11/27 16:10:11.753004         [101:T1] 
[S3] 2025/11/27 16:10:11.753009         [102:T5] 
[S3] 2025/11/27 16:10:11.753013         [103:T5] 
[S3] 2025/11/27 16:10:11.753018         [104:T5] 
[S3] 2025/11/27 16:10:11.753023         [105:T5] 
[S3] 2025/11/27 16:10:11.753028         [106:T5] 
[S3] 2025/11/27 16:10:11.753033         [107:T5] 
[S3] 2025/11/27 16:10:11.753038         [108:T5] 
[S3] 2025/11/27 16:10:11.753042         [109:T5] 
[S3] 2025/11/27 16:10:11.753047         [110:T5] 
[S3] 2025/11/27 16:10:11.753052         [111:T5] 
[S3] 2025/11/27 16:10:11.753056         [112:T5] 
[S3] 2025/11/27 16:10:11.753061         [113:T5] 
[S3] 2025/11/27 16:10:11.753066         [114:T5] 
[S3] 2025/11/27 16:10:11.753074         [115:T5] 
[S3] 2025/11/27 16:10:11.753079         [116:T5] 
[S3] 2025/11/27 16:10:11.753083         [117:T5] 
[S3] 2025/11/27 16:10:11.753088         [118:T5] 
[S3] 2025/11/27 16:10:11.753093         [119:T5] 
[S3] 2025/11/27 16:10:11.753099         [120:T5] 
[S3] 2025/11/27 16:10:11.753104         [121:T5] 
[S3] 2025/11/27 16:10:11.753109         [122:T5] 
[S3] 2025/11/27 16:10:11.753115         [123:T5] 
[S3] 2025/11/27 16:10:11.753120         [124:T5] 
[S3] 2025/11/27 16:10:11.753125         [125:T5] 
[S3] 2025/11/27 16:10:11.753131         [126:T5] 
[S3] 2025/11/27 16:10:11.753136         [127:T5] 
[S3] 2025/11/27 16:10:11.753141         [128:T5] 
[S3] 2025/11/27 16:10:11.753146         [129:T5] 
[S3] 2025/11/27 16:10:11.753151         [130:T5] 
[S3] 2025/11/27 16:10:11.753156         [131:T5] 
[S3] 2025/11/27 16:10:11.753162         [132:T5] 
[S3] 2025/11/27 16:10:11.753167         [133:T5] 
[S3] 2025/11/27 16:10:11.753171         [134:T5] 
[S3] 2025/11/27 16:10:11.753177         [135:T5] 
[S3] 2025/11/27 16:10:11.753182         [136:T5] 
[S3] 2025/11/27 16:10:11.753187         [137:T5] 
[S3] 2025/11/27 16:10:11.753191         [138:T5] 
[S3] 2025/11/27 16:10:11.753197         [139:T5] 
[S3] 2025/11/27 16:10:11.753201         [140:T5] 
[S3] 2025/11/27 16:10:11.753207         [141:T5] 
[S3] 2025/11/27 16:10:11.753211         [142:T5] 
[S3] 2025/11/27 16:10:11.753218         [143:T5] 
[S3] 2025/11/27 16:10:11.753223         [144:T5] 
[S3] 2025/11/27 16:10:11.753228         [145:T5] 
[S3] 2025/11/27 16:10:11.753233         [146:T5] 
[S3] 2025/11/27 16:10:11.753238         [147:T5] 
[S3] 2025/11/27 16:10:11.753242         [148:T5] 
[S3] 2025/11/27 16:10:11.753247         [149:T5] 
[S3] 2025/11/27 16:10:11.753252         [150:T5] 
[S3] 2025/11/27 16:10:11.753257         [151:T5] 
[S3] 2025/11/27 16:10:11.753262         [152:T5] 
[S3] 2025/11/27 16:10:11.753266         [153:T5] 
[S3] 2025/11/27 16:10:11.753271         [154:T5] 
[S3] 2025/11/27 16:10:11.753276         [155:T5] 
[S3] 2025/11/27 16:10:11.753283         [156:T5] 
[S3] 2025/11/27 16:10:11.753288         [157:T5] 
[S3] 2025/11/27 16:10:11.753293         [158:T5] 
[S3] 2025/11/27 16:10:11.753298         [159:T5] 
[S3] 2025/11/27 16:10:11.753303         [160:T5] 
[S3] 2025/11/27 16:10:11.753308         [161:T5] 
[S3] 2025/11/27 16:10:11.753313         [162:T5] 
[S3] 2025/11/27 16:10:11.753317         [163:T5] 
[S3] 2025/11/27 16:10:11.753323         [164:T5] 
[S3] 2025/11/27 16:10:11.753327         [165:T5] 
[S3] 2025/11/27 16:10:11.753332         [166:T5] 
[S3] 2025/11/27 16:10:11.753337         [167:T5] 
[S3] 2025/11/27 16:10:11.753342         [168:T5] 
[S3] 2025/11/27 16:10:11.753346         [169:T5] 
[S3] 2025/11/27 16:10:11.753351         [170:T5] 
[S3] 2025/11/27 16:10:11.753356         [171:T5] 
[S3] 2025/11/27 16:10:11.753361         [172:T5] 
[S3] 2025/11/27 16:10:11.753365         [173:T5] 
[S3] 2025/11/27 16:10:11.753371         [174:T5] 
[S3] 2025/11/27 16:10:11.753375         [175:T5] 
[S3] 2025/11/27 16:10:11.753380         [176:T5] 
[S3] 2025/11/27 16:10:11.753385         [177:T5] 
[S3] 2025/11/27 16:10:11.753390         [178:T5] 
[S3] 2025/11/27 16:10:11.753395         [179:T5] 
[S3] 2025/11/27 16:10:11.753400         [180:T5] 
[S3] 2025/11/27 16:10:11.753404         [181:T5] 
[S3] 2025/11/27 16:10:11.753409         [182:T5] 
[S3] 2025/11/27 16:10:11.753414         [183:T5] 
[S3] 2025/11/27 16:10:11.753419         [184:T5] 
[S3] 2025/11/27 16:10:11.753424         [185:T5] 
[S3] 2025/11/27 16:10:11.753429         [186:T5] 
[S3] 2025/11/27 16:10:11.753434         [187:T5] 
[S3] 2025/11/27 16:10:11.753439         [188:T5] 
[S3] 2025/11/27 16:10:11.753444         [189:T5] 
[S3] 2025/11/27 16:10:11.753448         [190:T5] 
[S3] 2025/11/27 16:10:11.753453         [191:T5] 
[S3] 2025/11/27 16:10:11.753458         [192:T5] 
[S3] 2025/11/27 16:10:11.753462         [193:T5] 
[S3] 2025/11/27 16:10:11.753467         [194:T5] 
[S3] 2025/11/27 16:10:11.753472         [195:T5] 
[S3] 2025/11/27 16:10:11.753477         [196:T5] 
[S3] 2025/11/27 16:10:11.753482         [197:T5] 
[S3] 2025/11/27 16:10:11.753488         [198:T5] 
[S3] 2025/11/27 16:10:11.753493         [199:T5] 
[S3] 2025/11/27 16:10:11.753498         [200:T5] 
[S3] 2025/11/27 16:10:11.753504         [201:T5] 
[S3] 2025/11/27 16:10:11.753508         [202:T5] 
[S3] 2025/11/27 16:10:11.753513         [203:T5] 
[S3] 2025/11/27 16:10:11.753518         [204:T5] 
[S3] 2025/11/27 16:10:11.753523         [205:T5] 
[S3] 2025/11/27 16:10:11.753528         [206:T5] 
[S3] 2025/11/27 16:10:11.753533         [207:T5] 
[S3] 2025/11/27 16:10:11.753538         [208:T5] 
[S3] 2025/11/27 16:10:11.753542         [209:T5] 
[S3] 2025/11/27 16:10:11.753548         [210:T5] 
[S3] 2025/11/27 16:10:11.753552         [211:T5] 
[S3] 2025/11/27 16:10:11.753557         [212:T5] 
[S3] 2025/11/27 16:10:11.753563         [213:T5] 
[S3] 2025/11/27 16:10:11.753568         [214:T5] 
[S3] 2025/11/27 16:10:11.753572         [215:T5] 
[S3] 2025/11/27 16:10:11.753577         [216:T5] 
[S3] 2025/11/27 16:10:11.753581         [217:T5] 
[S3] 2025/11/27 16:10:11.753586         [218:T5] 
[S3] 2025/11/27 16:10:11.753592         [219:T5] 
[S3] 2025/11/27 16:10:11.753596         [220:T5] 
[S3] 2025/11/27 16:10:11.753601         [221:T5] 
[S3] 2025/11/27 16:10:11.753606         [222:T5] 
[S3] 2025/11/27 16:10:11.753611         [223:T5] 
[S3] 2025/11/27 16:10:11.753616 
[S3] 2025/11/27 16:10:11.753620 ---------------------------------------------------
[S3] 2025/11/27 16:10:11.863230 
[At the start of AppendEntries] 🗂 S3 | Term=11 | Role=Follower | CommitIndex=217 | LastApplied=217
[S3] 2025/11/27 16:10:11.863302      📜 Log: 
[S3] 2025/11/27 16:10:11.863337         [0:T0] 
[S3] 2025/11/27 16:10:11.863365         [1:T1] 
[S3] 2025/11/27 16:10:11.863391         [2:T1] 
[S3] 2025/11/27 16:10:11.863414         [3:T1] 
[S3] 2025/11/27 16:10:11.863436         [4:T1] 
[S3] 2025/11/27 16:10:11.863461         [5:T1] 
[S3] 2025/11/27 16:10:11.863483         [6:T1] 
[S3] 2025/11/27 16:10:11.863503         [7:T1] 
[S3] 2025/11/27 16:10:11.863529         [8:T1] 
[S3] 2025/11/27 16:10:11.863551         [9:T1] 
[S3] 2025/11/27 16:10:11.863571         [10:T1] 
[S3] 2025/11/27 16:10:11.863595         [11:T1] 
[S3] 2025/11/27 16:10:11.863620         [12:T1] 
[S3] 2025/11/27 16:10:11.863629         [13:T1] 
[S3] 2025/11/27 16:10:11.863638         [14:T1] 
[S3] 2025/11/27 16:10:11.863647         [15:T1] 
[S3] 2025/11/27 16:10:11.863656         [16:T1] 
[S3] 2025/11/27 16:10:11.863664         [17:T1] 
[S3] 2025/11/27 16:10:11.863673         [18:T1] 
[S3] 2025/11/27 16:10:11.863681         [19:T1] 
[S3] 2025/11/27 16:10:11.863689         [20:T1] 
[S3] 2025/11/27 16:10:11.863698         [21:T1] 
[S3] 2025/11/27 16:10:11.863705         [22:T1] 
[S3] 2025/11/27 16:10:11.863714         [23:T1] 
[S3] 2025/11/27 16:10:11.863724         [24:T1] 
[S3] 2025/11/27 16:10:11.863732         [25:T1] 
[S3] 2025/11/27 16:10:11.863740         [26:T1] 
[S3] 2025/11/27 16:10:11.863749         [27:T1] 
[S3] 2025/11/27 16:10:11.863758         [28:T1] 
[S3] 2025/11/27 16:10:11.863767         [29:T1] 
[S3] 2025/11/27 16:10:11.863775         [30:T1] 
[S3] 2025/11/27 16:10:11.863783         [31:T1] 
[S3] 2025/11/27 16:10:11.863791         [32:T1] 
[S3] 2025/11/27 16:10:11.863799         [33:T1] 
[S3] 2025/11/27 16:10:11.863807         [34:T1] 
[S3] 2025/11/27 16:10:11.863815         [35:T1] 
[S3] 2025/11/27 16:10:11.863823         [36:T1] 
[S3] 2025/11/27 16:10:11.863831         [37:T1] 
[S3] 2025/11/27 16:10:11.863838         [38:T1] 
[S3] 2025/11/27 16:10:11.863846         [39:T1] 
[S3] 2025/11/27 16:10:11.863856         [40:T1] 
[S3] 2025/11/27 16:10:11.863865         [41:T1] 
[S3] 2025/11/27 16:10:11.863873         [42:T1] 
[S3] 2025/11/27 16:10:11.863881         [43:T1] 
[S3] 2025/11/27 16:10:11.863888         [44:T1] 
[S3] 2025/11/27 16:10:11.863897         [45:T1] 
[S3] 2025/11/27 16:10:11.863905         [46:T1] 
[S3] 2025/11/27 16:10:11.863912         [47:T1] 
[S3] 2025/11/27 16:10:11.863921         [48:T1] 
[S3] 2025/11/27 16:10:11.863929         [49:T1] 
[S3] 2025/11/27 16:10:11.863938         [50:T1] 
[S3] 2025/11/27 16:10:11.863946         [51:T1] 
[S3] 2025/11/27 16:10:11.863954         [52:T1] 
[S3] 2025/11/27 16:10:11.863963         [53:T1] 
[S3] 2025/11/27 16:10:11.863971         [54:T1] 
[S3] 2025/11/27 16:10:11.863980         [55:T1] 
[S3] 2025/11/27 16:10:11.863988         [56:T1] 
[S3] 2025/11/27 16:10:11.863996         [57:T1] 
[S3] 2025/11/27 16:10:11.864004         [58:T1] 
[S3] 2025/11/27 16:10:11.864013         [59:T1] 
[S3] 2025/11/27 16:10:11.864021         [60:T1] 
[S3] 2025/11/27 16:10:11.864030         [61:T1] 
[S3] 2025/11/27 16:10:11.864038         [62:T1] 
[S3] 2025/11/27 16:10:11.864046         [63:T1] 
[S3] 2025/11/27 16:10:11.864054         [64:T1] 
[S3] 2025/11/27 16:10:11.864062         [65:T1] 
[S3] 2025/11/27 16:10:11.864075         [66:T1] 
[S3] 2025/11/27 16:10:11.864084         [67:T1] 
[S3] 2025/11/27 16:10:11.864092         [68:T1] 
[S3] 2025/11/27 16:10:11.864099         [69:T1] 
[S3] 2025/11/27 16:10:11.864109         [70:T1] 
[S3] 2025/11/27 16:10:11.864116         [71:T1] 
[S3] 2025/11/27 16:10:11.864125         [72:T1] 
[S3] 2025/11/27 16:10:11.864133         [73:T1] 
[S3] 2025/11/27 16:10:11.864142         [74:T1] 
[S3] 2025/11/27 16:10:11.864150         [75:T1] 
[S3] 2025/11/27 16:10:11.864158         [76:T1] 
[S3] 2025/11/27 16:10:11.864165         [77:T1] 
[S3] 2025/11/27 16:10:11.864173         [78:T1] 
[S3] 2025/11/27 16:10:11.864186         [79:T1] 
[S3] 2025/11/27 16:10:11.864194         [80:T1] 
[S3] 2025/11/27 16:10:11.864203         [81:T1] 
[S3] 2025/11/27 16:10:11.864212         [82:T1] 
[S3] 2025/11/27 16:10:11.864219         [83:T1] 
[S3] 2025/11/27 16:10:11.864227         [84:T1] 
[S3] 2025/11/27 16:10:11.864235         [85:T1] 
[S3] 2025/11/27 16:10:11.864244         [86:T1] 
[S3] 2025/11/27 16:10:11.864252         [87:T1] 
[S3] 2025/11/27 16:10:11.864260         [88:T1] 
[S3] 2025/11/27 16:10:11.864268         [89:T1] 
[S3] 2025/11/27 16:10:11.864275         [90:T1] 
[S3] 2025/11/27 16:10:11.864283         [91:T1] 
[S3] 2025/11/27 16:10:11.864291         [92:T1] 
[S3] 2025/11/27 16:10:11.864299         [93:T1] 
[S3] 2025/11/27 16:10:11.864306         [94:T1] 
[S3] 2025/11/27 16:10:11.864314         [95:T1] 
[S3] 2025/11/27 16:10:11.864322         [96:T1] 
[S3] 2025/11/27 16:10:11.864330         [97:T1] 
[S3] 2025/11/27 16:10:11.864337         [98:T1] 
[S3] 2025/11/27 16:10:11.864345         [99:T1] 
[S3] 2025/11/27 16:10:11.864353         [100:T1] 
[S3] 2025/11/27 16:10:11.864361         [101:T1] 
[S3] 2025/11/27 16:10:11.864370         [102:T5] 
[S3] 2025/11/27 16:10:11.864379         [103:T5] 
[S3] 2025/11/27 16:10:11.864387         [104:T5] 
[S3] 2025/11/27 16:10:11.864395         [105:T5] 
[S3] 2025/11/27 16:10:11.864403         [106:T5] 
[S3] 2025/11/27 16:10:11.864411         [107:T5] 
[S3] 2025/11/27 16:10:11.864422         [108:T5] 
[S3] 2025/11/27 16:10:11.864430         [109:T5] 
[S3] 2025/11/27 16:10:11.864437         [110:T5] 
[S3] 2025/11/27 16:10:11.864446         [111:T5] 
[S3] 2025/11/27 16:10:11.864454         [112:T5] 
[S3] 2025/11/27 16:10:11.864462         [113:T5] 
[S3] 2025/11/27 16:10:11.864470         [114:T5] 
[S3] 2025/11/27 16:10:11.864477         [115:T5] 
[S3] 2025/11/27 16:10:11.864485         [116:T5] 
[S3] 2025/11/27 16:10:11.864492         [117:T5] 
[S3] 2025/11/27 16:10:11.864502         [118:T5] 
[S3] 2025/11/27 16:10:11.864509         [119:T5] 
[S3] 2025/11/27 16:10:11.864518         [120:T5] 
[S3] 2025/11/27 16:10:11.864527         [121:T5] 
[S3] 2025/11/27 16:10:11.864535         [122:T5] 
[S3] 2025/11/27 16:10:11.864544         [123:T5] 
[S3] 2025/11/27 16:10:11.864554         [124:T5] 
[S3] 2025/11/27 16:10:11.864562         [125:T5] 
[S3] 2025/11/27 16:10:11.864570         [126:T5] 
[S3] 2025/11/27 16:10:11.864578         [127:T5] 
[S3] 2025/11/27 16:10:11.864587         [128:T5] 
[S3] 2025/11/27 16:10:11.864595         [129:T5] 
[S3] 2025/11/27 16:10:11.864602         [130:T5] 
[S3] 2025/11/27 16:10:11.864611         [131:T5] 
[S3] 2025/11/27 16:10:11.864619         [132:T5] 
[S3] 2025/11/27 16:10:11.864629         [133:T5] 
[S3] 2025/11/27 16:10:11.864637         [134:T5] 
[S3] 2025/11/27 16:10:11.864645         [135:T5] 
[S3] 2025/11/27 16:10:11.864653         [136:T5] 
[S3] 2025/11/27 16:10:11.864661         [137:T5] 
[S3] 2025/11/27 16:10:11.864669         [138:T5] 
[S3] 2025/11/27 16:10:11.864678         [139:T5] 
[S3] 2025/11/27 16:10:11.864686         [140:T5] 
[S3] 2025/11/27 16:10:11.864695         [141:T5] 
[S3] 2025/11/27 16:10:11.864703         [142:T5] 
[S3] 2025/11/27 16:10:11.864711         [143:T5] 
[S3] 2025/11/27 16:10:11.864719         [144:T5] 
[S3] 2025/11/27 16:10:11.864726         [145:T5] 
[S3] 2025/11/27 16:10:11.864736         [146:T5] 
[S3] 2025/11/27 16:10:11.864743         [147:T5] 
[S3] 2025/11/27 16:10:11.864752         [148:T5] 
[S3] 2025/11/27 16:10:11.864760         [149:T5] 
[S3] 2025/11/27 16:10:11.864768         [150:T5] 
[S3] 2025/11/27 16:10:11.864776         [151:T5] 
[S3] 2025/11/27 16:10:11.864783         [152:T5] 
[S3] 2025/11/27 16:10:11.864791         [153:T5] 
[S3] 2025/11/27 16:10:11.864799         [154:T5] 
[S3] 2025/11/27 16:10:11.864807         [155:T5] 
[S3] 2025/11/27 16:10:11.864816         [156:T5] 
[S3] 2025/11/27 16:10:11.864824         [157:T5] 
[S3] 2025/11/27 16:10:11.864831         [158:T5] 
[S3] 2025/11/27 16:10:11.864840         [159:T5] 
[S3] 2025/11/27 16:10:11.864849         [160:T5] 
[S3] 2025/11/27 16:10:11.864860         [161:T5] 
[S3] 2025/11/27 16:10:11.864869         [162:T5] 
[S3] 2025/11/27 16:10:11.864876         [163:T5] 
[S3] 2025/11/27 16:10:11.864884         [164:T5] 
[S3] 2025/11/27 16:10:11.864891         [165:T5] 
[S3] 2025/11/27 16:10:11.864900         [166:T5] 
[S3] 2025/11/27 16:10:11.864909         [167:T5] 
[S3] 2025/11/27 16:10:11.864916         [168:T5] 
[S3] 2025/11/27 16:10:11.864924         [169:T5] 
[S3] 2025/11/27 16:10:11.864933         [170:T5] 
[S3] 2025/11/27 16:10:11.864941         [171:T5] 
[S3] 2025/11/27 16:10:11.864949         [172:T5] 
[S3] 2025/11/27 16:10:11.864957         [173:T5] 
[S3] 2025/11/27 16:10:11.864965         [174:T5] 
[S3] 2025/11/27 16:10:11.864973         [175:T5] 
[S3] 2025/11/27 16:10:11.864980         [176:T5] 
[S3] 2025/11/27 16:10:11.864989         [177:T5] 
[S3] 2025/11/27 16:10:11.864997         [178:T5] 
[S3] 2025/11/27 16:10:11.865004         [179:T5] 
[S3] 2025/11/27 16:10:11.865012         [180:T5] 
[S3] 2025/11/27 16:10:11.865020         [181:T5] 
[S3] 2025/11/27 16:10:11.865028         [182:T5] 
[S3] 2025/11/27 16:10:11.865036         [183:T5] 
[S3] 2025/11/27 16:10:11.865043         [184:T5] 
[S3] 2025/11/27 16:10:11.865053         [185:T5] 
[S3] 2025/11/27 16:10:11.865060         [186:T5] 
[S3] 2025/11/27 16:10:11.865072         [187:T5] 
[S3] 2025/11/27 16:10:11.865082         [188:T5] 
[S3] 2025/11/27 16:10:11.865090         [189:T5] 
[S3] 2025/11/27 16:10:11.865098         [190:T5] 
[S3] 2025/11/27 16:10:11.865105         [191:T5] 
[S3] 2025/11/27 16:10:11.865113         [192:T5] 
[S3] 2025/11/27 16:10:11.865120         [193:T5] 
[S3] 2025/11/27 16:10:11.865128         [194:T5] 
[S3] 2025/11/27 16:10:11.865136         [195:T5] 
[S3] 2025/11/27 16:10:11.865144         [196:T5] 
[S3] 2025/11/27 16:10:11.865151         [197:T5] 
[S3] 2025/11/27 16:10:11.865159         [198:T5] 
[S3] 2025/11/27 16:10:11.865167         [199:T5] 
[S3] 2025/11/27 16:10:11.865175         [200:T5] 
[S3] 2025/11/27 16:10:11.865182         [201:T5] 
[S3] 2025/11/27 16:10:11.865190         [202:T5] 
[S3] 2025/11/27 16:10:11.865198         [203:T5] 
[S3] 2025/11/27 16:10:11.865206         [204:T5] 
[S3] 2025/11/27 16:10:11.865214         [205:T5] 
[S3] 2025/11/27 16:10:11.865221         [206:T5] 
[S3] 2025/11/27 16:10:11.865229         [207:T5] 
[S3] 2025/11/27 16:10:11.865238         [208:T5] 
[S3] 2025/11/27 16:10:11.865246         [209:T5] 
[S3] 2025/11/27 16:10:11.865254         [210:T5] 
[S3] 2025/11/27 16:10:11.865262         [211:T5] 
[S3] 2025/11/27 16:10:11.865271         [212:T5] 
[S3] 2025/11/27 16:10:11.865279         [213:T5] 
[S3] 2025/11/27 16:10:11.865287         [214:T5] 
[S3] 2025/11/27 16:10:11.865294         [215:T5] 
[S3] 2025/11/27 16:10:11.865302         [216:T5] 
[S3] 2025/11/27 16:10:11.865448         [217:T5] 
[S3] 2025/11/27 16:10:11.865461         [218:T5] 
[S3] 2025/11/27 16:10:11.865470         [219:T5] 
[S3] 2025/11/27 16:10:11.865480         [220:T5] 
[S3] 2025/11/27 16:10:11.865488         [221:T5] 
[S3] 2025/11/27 16:10:11.865500         [222:T5] 
[S3] 2025/11/27 16:10:11.865510         [223:T5] 
[S3] 2025/11/27 16:10:11.865519 
[S3] 2025/11/27 16:10:11.865527 ---------------------------------------------------
[S3] 2025/11/27 16:10:11.865538 
[At the end of AppendEntries] 🗂 S3 | Term=11 | Role=Follower | CommitIndex=217 | LastApplied=217
[S3] 2025/11/27 16:10:11.865838      📜 Log: 
[S3] 2025/11/27 16:10:11.865848         [0:T0] 
[S3] 2025/11/27 16:10:11.865860         [1:T1] 
[S3] 2025/11/27 16:10:11.865868         [2:T1] 
[S3] 2025/11/27 16:10:11.865876         [3:T1] 
[S3] 2025/11/27 16:10:11.865884         [4:T1] 
[S3] 2025/11/27 16:10:11.865892         [5:T1] 
[S3] 2025/11/27 16:10:11.865902         [6:T1] 
[S3] 2025/11/27 16:10:11.865910         [7:T1] 
[S3] 2025/11/27 16:10:11.865918         [8:T1] 
[S3] 2025/11/27 16:10:11.865925         [9:T1] 
[S3] 2025/11/27 16:10:11.865933         [10:T1] 
[S3] 2025/11/27 16:10:11.865941         [11:T1] 
[S3] 2025/11/27 16:10:11.865952         [12:T1] 
[S3] 2025/11/27 16:10:11.865960         [13:T1] 
[S3] 2025/11/27 16:10:11.865972         [14:T1] 
[S3] 2025/11/27 16:10:11.865982         [15:T1] 
[S3] 2025/11/27 16:10:11.866002         [16:T1] 
[S3] 2025/11/27 16:10:11.866013         [17:T1] 
[S3] 2025/11/27 16:10:11.866023         [18:T1] 
[S3] 2025/11/27 16:10:11.866031         [19:T1] 
[S3] 2025/11/27 16:10:11.866040         [20:T1] 
[S3] 2025/11/27 16:10:11.866049         [21:T1] 
[S3] 2025/11/27 16:10:11.866058         [22:T1] 
[S3] 2025/11/27 16:10:11.866074         [23:T1] 
[S3] 2025/11/27 16:10:11.866085         [24:T1] 
[S3] 2025/11/27 16:10:11.866094         [25:T1] 
[S3] 2025/11/27 16:10:11.866102         [26:T1] 
[S3] 2025/11/27 16:10:11.866110         [27:T1] 
[S3] 2025/11/27 16:10:11.866121         [28:T1] 
[S3] 2025/11/27 16:10:11.866129         [29:T1] 
[S3] 2025/11/27 16:10:11.866137         [30:T1] 
[S3] 2025/11/27 16:10:11.866145         [31:T1] 
[S3] 2025/11/27 16:10:11.866153         [32:T1] 
[S3] 2025/11/27 16:10:11.866161         [33:T1] 
[S3] 2025/11/27 16:10:11.866172         [34:T1] 
[S3] 2025/11/27 16:10:11.866181         [35:T1] 
[S3] 2025/11/27 16:10:11.866189         [36:T1] 
[S3] 2025/11/27 16:10:11.866198         [37:T1] 
[S3] 2025/11/27 16:10:11.866206         [38:T1] 
[S3] 2025/11/27 16:10:11.866218         [39:T1] 
[S3] 2025/11/27 16:10:11.866226         [40:T1] 
[S3] 2025/11/27 16:10:11.866235         [41:T1] 
[S3] 2025/11/27 16:10:11.866243         [42:T1] 
[S3] 2025/11/27 16:10:11.866252         [43:T1] 
[S3] 2025/11/27 16:10:11.866260         [44:T1] 
[S3] 2025/11/27 16:10:11.866271         [45:T1] 
[S3] 2025/11/27 16:10:11.866279         [46:T1] 
[S3] 2025/11/27 16:10:11.866288         [47:T1] 
[S3] 2025/11/27 16:10:11.866295         [48:T1] 
[S3] 2025/11/27 16:10:11.866310         [49:T1] 
[S3] 2025/11/27 16:10:11.866319         [50:T1] 
[S3] 2025/11/27 16:10:11.866330         [51:T1] 
[S3] 2025/11/27 16:10:11.866339         [52:T1] 
[S3] 2025/11/27 16:10:11.866347         [53:T1] 
[S3] 2025/11/27 16:10:11.866355         [54:T1] 
[S3] 2025/11/27 16:10:11.866363         [55:T1] 
[S3] 2025/11/27 16:10:11.866373         [56:T1] 
[S3] 2025/11/27 16:10:11.866381         [57:T1] 
[S3] 2025/11/27 16:10:11.866390         [58:T1] 
[S3] 2025/11/27 16:10:11.866398         [59:T1] 
[S3] 2025/11/27 16:10:11.866407         [60:T1] 
[S3] 2025/11/27 16:10:11.866415         [61:T1] 
[S3] 2025/11/27 16:10:11.866426         [62:T1] 
[S3] 2025/11/27 16:10:11.866435         [63:T1] 
[S3] 2025/11/27 16:10:11.866443         [64:T1] 
[S3] 2025/11/27 16:10:11.866451         [65:T1] 
[S3] 2025/11/27 16:10:11.866458         [66:T1] 
[S3] 2025/11/27 16:10:11.866470         [67:T1] 
[S3] 2025/11/27 16:10:11.866478         [68:T1] 
[S3] 2025/11/27 16:10:11.866486         [69:T1] 
[S3] 2025/11/27 16:10:11.866494         [70:T1] 
[S3] 2025/11/27 16:10:11.866502         [71:T1] 
[S3] 2025/11/27 16:10:11.866510         [72:T1] 
[S3] 2025/11/27 16:10:11.866520         [73:T1] 
[S3] 2025/11/27 16:10:11.866529         [74:T1] 
[S3] 2025/11/27 16:10:11.866536         [75:T1] 
[S3] 2025/11/27 16:10:11.866545         [76:T1] 
[S3] 2025/11/27 16:10:11.866553         [77:T1] 
[S3] 2025/11/27 16:10:11.866563         [78:T1] 
[S3] 2025/11/27 16:10:11.866572         [79:T1] 
[S3] 2025/11/27 16:10:11.866580         [80:T1] 
[S3] 2025/11/27 16:10:11.866589         [81:T1] 
[S3] 2025/11/27 16:10:11.866599         [82:T1] 
[S3] 2025/11/27 16:10:11.866606         [83:T1] 
[S3] 2025/11/27 16:10:11.866617         [84:T1] 
[S3] 2025/11/27 16:10:11.866624         [85:T1] 
[S3] 2025/11/27 16:10:11.866633         [86:T1] 
[S3] 2025/11/27 16:10:11.866645         [87:T1] 
[S3] 2025/11/27 16:10:11.866653         [88:T1] 
[S3] 2025/11/27 16:10:11.866664         [89:T1] 
[S3] 2025/11/27 16:10:11.866673         [90:T1] 
[S3] 2025/11/27 16:10:11.866681         [91:T1] 
[S3] 2025/11/27 16:10:11.866689         [92:T1] 
[S3] 2025/11/27 16:10:11.866697         [93:T1] 
[S3] 2025/11/27 16:10:11.866705         [94:T1] 
[S3] 2025/11/27 16:10:11.866726         [95:T1] 
[S3] 2025/11/27 16:10:11.866736         [96:T1] 
[S3] 2025/11/27 16:10:11.866747         [97:T1] 
[S3] 2025/11/27 16:10:11.866756         [98:T1] 
[S3] 2025/11/27 16:10:11.866763         [99:T1] 
[S3] 2025/11/27 16:10:11.866779         [100:T1] 
[S3] 2025/11/27 16:10:11.866792         [101:T1] 
[S3] 2025/11/27 16:10:11.866801         [102:T5] 
[S3] 2025/11/27 16:10:11.866810         [103:T5] 
[S3] 2025/11/27 16:10:11.866818         [104:T5] 
[S3] 2025/11/27 16:10:11.866826         [105:T5] 
[S3] 2025/11/27 16:10:11.866835         [106:T5] 
[S3] 2025/11/27 16:10:11.866846         [107:T5] 
[S3] 2025/11/27 16:10:11.866854         [108:T5] 
[S3] 2025/11/27 16:10:11.866862         [109:T5] 
[S3] 2025/11/27 16:10:11.866869         [110:T5] 
[S3] 2025/11/27 16:10:11.866877         [111:T5] 
[S3] 2025/11/27 16:10:11.866887         [112:T5] 
[S3] 2025/11/27 16:10:11.866895         [113:T5] 
[S3] 2025/11/27 16:10:11.866902         [114:T5] 
[S3] 2025/11/27 16:10:11.866910         [115:T5] 
[S3] 2025/11/27 16:10:11.866918         [116:T5] 
[S3] 2025/11/27 16:10:11.866925         [117:T5] 
[S3] 2025/11/27 16:10:11.866946         [118:T5] 
[S3] 2025/11/27 16:10:11.867144         [119:T5] 
[S3] 2025/11/27 16:10:11.867170         [120:T5] 
[S3] 2025/11/27 16:10:11.867178         [121:T5] 
[S3] 2025/11/27 16:10:11.867184         [122:T5] 
[S3] 2025/11/27 16:10:11.867189         [123:T5] 
[S3] 2025/11/27 16:10:11.867194         [124:T5] 
[S3] 2025/11/27 16:10:11.867200         [125:T5] 
[S3] 2025/11/27 16:10:11.867205         [126:T5] 
[S3] 2025/11/27 16:10:11.867210         [127:T5] 
[S3] 2025/11/27 16:10:11.867215         [128:T5] 
[S3] 2025/11/27 16:10:11.867220         [129:T5] 
[S3] 2025/11/27 16:10:11.867224         [130:T5] 
[S3] 2025/11/27 16:10:11.867229         [131:T5] 
[S3] 2025/11/27 16:10:11.867235         [132:T5] 
[S3] 2025/11/27 16:10:11.867241         [133:T5] 
[S3] 2025/11/27 16:10:11.867246         [134:T5] 
[S3] 2025/11/27 16:10:11.867251         [135:T5] 
[S3] 2025/11/27 16:10:11.867256         [136:T5] 
[S3] 2025/11/27 16:10:11.867261         [137:T5] 
[S3] 2025/11/27 16:10:11.867265         [138:T5] 
[S3] 2025/11/27 16:10:11.867270         [139:T5] 
[S3] 2025/11/27 16:10:11.867275         [140:T5] 
[S3] 2025/11/27 16:10:11.867281         [141:T5] 
[S3] 2025/11/27 16:10:11.867285         [142:T5] 
[S3] 2025/11/27 16:10:11.867290         [143:T5] 
[S3] 2025/11/27 16:10:11.867295         [144:T5] 
[S3] 2025/11/27 16:10:11.867299         [145:T5] 
[S3] 2025/11/27 16:10:11.867304         [146:T5] 
[S3] 2025/11/27 16:10:11.867309         [147:T5] 
[S3] 2025/11/27 16:10:11.867314         [148:T5] 
[S3] 2025/11/27 16:10:11.867319         [149:T5] 
[S3] 2025/11/27 16:10:11.867323         [150:T5] 
[S3] 2025/11/27 16:10:11.867328         [151:T5] 
[S3] 2025/11/27 16:10:11.867333         [152:T5] 
[S3] 2025/11/27 16:10:11.867338         [153:T5] 
[S3] 2025/11/27 16:10:11.867343         [154:T5] 
[S3] 2025/11/27 16:10:11.867348         [155:T5] 
[S3] 2025/11/27 16:10:11.867352         [156:T5] 
[S3] 2025/11/27 16:10:11.867357         [157:T5] 
[S3] 2025/11/27 16:10:11.867361         [158:T5] 
[S3] 2025/11/27 16:10:11.867366         [159:T5] 
[S3] 2025/11/27 16:10:11.867370         [160:T5] 
[S3] 2025/11/27 16:10:11.867375         [161:T5] 
[S3] 2025/11/27 16:10:11.867380         [162:T5] 
[S3] 2025/11/27 16:10:11.867385         [163:T5] 
[S3] 2025/11/27 16:10:11.867390         [164:T5] 
[S3] 2025/11/27 16:10:11.867394         [165:T5] 
[S3] 2025/11/27 16:10:11.867399         [166:T5] 
[S3] 2025/11/27 16:10:11.867404         [167:T5] 
[S3] 2025/11/27 16:10:11.867408         [168:T5] 
[S3] 2025/11/27 16:10:11.867413         [169:T5] 
[S3] 2025/11/27 16:10:11.867418         [170:T5] 
[S3] 2025/11/27 16:10:11.867422         [171:T5] 
[S3] 2025/11/27 16:10:11.867426         [172:T5] 
[S3] 2025/11/27 16:10:11.867431         [173:T5] 
[S3] 2025/11/27 16:10:11.867436         [174:T5] 
[S3] 2025/11/27 16:10:11.867441         [175:T5] 
[S3] 2025/11/27 16:10:11.867446         [176:T5] 
[S3] 2025/11/27 16:10:11.867450         [177:T5] 
[S3] 2025/11/27 16:10:11.867455         [178:T5] 
[S3] 2025/11/27 16:10:11.867463         [179:T5] 
[S3] 2025/11/27 16:10:11.867468         [180:T5] 
[S3] 2025/11/27 16:10:11.867473         [181:T5] 
[S3] 2025/11/27 16:10:11.867477         [182:T5] 
[S3] 2025/11/27 16:10:11.867482         [183:T5] 
[S3] 2025/11/27 16:10:11.867486         [184:T5] 
[S3] 2025/11/27 16:10:11.867491         [185:T5] 
[S3] 2025/11/27 16:10:11.867496         [186:T5] 
[S3] 2025/11/27 16:10:11.867500         [187:T5] 
[S3] 2025/11/27 16:10:11.867505         [188:T5] 
[S3] 2025/11/27 16:10:11.867510         [189:T5] 
[S3] 2025/11/27 16:10:11.867515         [190:T5] 
[S3] 2025/11/27 16:10:11.867519         [191:T5] 
[S3] 2025/11/27 16:10:11.867523         [192:T5] 
[S3] 2025/11/27 16:10:11.867528         [193:T5] 
[S3] 2025/11/27 16:10:11.867533         [194:T5] 
[S3] 2025/11/27 16:10:11.867537         [195:T5] 
[S3] 2025/11/27 16:10:11.867542         [196:T5] 
[S3] 2025/11/27 16:10:11.867547         [197:T5] 
[S3] 2025/11/27 16:10:11.867551         [198:T5] 
[S3] 2025/11/27 16:10:11.867557         [199:T5] 
[S3] 2025/11/27 16:10:11.867562         [200:T5] 
[S3] 2025/11/27 16:10:11.867567         [201:T5] 
[S3] 2025/11/27 16:10:11.867571         [202:T5] 
[S3] 2025/11/27 16:10:11.867576         [203:T5] 
[S3] 2025/11/27 16:10:11.867581         [204:T5] 
[S3] 2025/11/27 16:10:11.867585         [205:T5] 
[S3] 2025/11/27 16:10:11.867590         [206:T5] 
[S3] 2025/11/27 16:10:11.867594         [207:T5] 
[S3] 2025/11/27 16:10:11.867599         [208:T5] 
[S3] 2025/11/27 16:10:11.867605         [209:T5] 
[S3] 2025/11/27 16:10:11.867610         [210:T5] 
[S3] 2025/11/27 16:10:11.867614         [211:T5] 
[S3] 2025/11/27 16:10:11.867619         [212:T5] 
[S3] 2025/11/27 16:10:11.867623         [213:T5] 
[S3] 2025/11/27 16:10:11.867629         [214:T5] 
[S3] 2025/11/27 16:10:11.867633         [215:T5] 
[S3] 2025/11/27 16:10:11.867638         [216:T5] 
[S3] 2025/11/27 16:10:11.867642         [217:T5] 
[S3] 2025/11/27 16:10:11.867647         [218:T5] 
[S3] 2025/11/27 16:10:11.867652         [219:T5] 
[S3] 2025/11/27 16:10:11.867656         [220:T5] 
[S3] 2025/11/27 16:10:11.867661         [221:T5] 
[S3] 2025/11/27 16:10:11.867666         [222:T5] 
[S3] 2025/11/27 16:10:11.867671         [223:T5] 
[S3] 2025/11/27 16:10:11.867676 
[S3] 2025/11/27 16:10:11.867680 ---------------------------------------------------
[S3] 2025/11/27 16:10:11.979712 
[At the start of AppendEntries] 🗂 S3 | Term=11 | Role=Follower | CommitIndex=217 | LastApplied=217
[S3] 2025/11/27 16:10:11.979801      📜 Log: 
[S3] 2025/11/27 16:10:11.979837         [0:T0] 
[S3] 2025/11/27 16:10:11.979868         [1:T1] 
[S3] 2025/11/27 16:10:11.979900         [2:T1] 
[S3] 2025/11/27 16:10:11.979926         [3:T1] 
[S3] 2025/11/27 16:10:11.979950         [4:T1] 
[S3] 2025/11/27 16:10:11.979976         [5:T1] 
[S3] 2025/11/27 16:10:11.980001         [6:T1] 
[S3] 2025/11/27 16:10:11.980025         [7:T1] 
[S3] 2025/11/27 16:10:11.980048         [8:T1] 
[S3] 2025/11/27 16:10:11.980078         [9:T1] 
[S3] 2025/11/27 16:10:11.980104         [10:T1] 
[S3] 2025/11/27 16:10:11.980130         [11:T1] 
[S3] 2025/11/27 16:10:11.980157         [12:T1] 
[S3] 2025/11/27 16:10:11.980200         [13:T1] 
[S3] 2025/11/27 16:10:11.980223         [14:T1] 
[S3] 2025/11/27 16:10:11.980245         [15:T1] 
[S3] 2025/11/27 16:10:11.980267         [16:T1] 
[S3] 2025/11/27 16:10:11.980290         [17:T1] 
[S3] 2025/11/27 16:10:11.980314         [18:T1] 
[S3] 2025/11/27 16:10:11.980338         [19:T1] 
[S3] 2025/11/27 16:10:11.980363         [20:T1] 
[S3] 2025/11/27 16:10:11.980387         [21:T1] 
[S3] 2025/11/27 16:10:11.980411         [22:T1] 
[S3] 2025/11/27 16:10:11.980430         [23:T1] 
[S3] 2025/11/27 16:10:11.980455         [24:T1] 
[S3] 2025/11/27 16:10:11.980475         [25:T1] 
[S3] 2025/11/27 16:10:11.980498         [26:T1] 
[S3] 2025/11/27 16:10:11.980519         [27:T1] 
[S3] 2025/11/27 16:10:11.980539         [28:T1] 
[S3] 2025/11/27 16:10:11.980559         [29:T1] 
[S3] 2025/11/27 16:10:11.980582         [30:T1] 
[S3] 2025/11/27 16:10:11.980602         [31:T1] 
[S3] 2025/11/27 16:10:11.980645         [32:T1] 
[S3] 2025/11/27 16:10:11.980666         [33:T1] 
[S3] 2025/11/27 16:10:11.980691         [34:T1] 
[S3] 2025/11/27 16:10:11.980711         [35:T1] 
[S3] 2025/11/27 16:10:11.980734         [36:T1] 
[S3] 2025/11/27 16:10:11.980756         [37:T1] 
[S3] 2025/11/27 16:10:11.980778         [38:T1] 
[S3] 2025/11/27 16:10:11.980798         [39:T1] 
[S3] 2025/11/27 16:10:11.980819         [40:T1] 
[S3] 2025/11/27 16:10:11.980839         [41:T1] 
[S3] 2025/11/27 16:10:11.980862         [42:T1] 
[S3] 2025/11/27 16:10:11.980885         [43:T1] 
[S3] 2025/11/27 16:10:11.980908         [44:T1] 
[S3] 2025/11/27 16:10:11.980929         [45:T1] 
[S3] 2025/11/27 16:10:11.980949         [46:T1] 
[S3] 2025/11/27 16:10:11.980972         [47:T1] 
[S3] 2025/11/27 16:10:11.980992         [48:T1] 
[S3] 2025/11/27 16:10:11.981012         [49:T1] 
[S3] 2025/11/27 16:10:11.981032         [50:T1] 
[S3] 2025/11/27 16:10:11.981053         [51:T1] 
[S3] 2025/11/27 16:10:11.981081         [52:T1] 
[S3] 2025/11/27 16:10:11.981106         [53:T1] 
[S3] 2025/11/27 16:10:11.981131         [54:T1] 
[S3] 2025/11/27 16:10:11.981151         [55:T1] 
[S3] 2025/11/27 16:10:11.981171         [56:T1] 
[S3] 2025/11/27 16:10:11.981190         [57:T1] 
[S3] 2025/11/27 16:10:11.981296         [58:T1] 
[S3] 2025/11/27 16:10:11.981325         [59:T1] 
[S3] 2025/11/27 16:10:11.981345         [60:T1] 
[S3] 2025/11/27 16:10:11.981363         [61:T1] 
[S3] 2025/11/27 16:10:11.981378         [62:T1] 
[S3] 2025/11/27 16:10:11.981398         [63:T1] 
[S3] 2025/11/27 16:10:11.981413         [64:T1] 
[S3] 2025/11/27 16:10:11.981433         [65:T1] 
[S3] 2025/11/27 16:10:11.981450         [66:T1] 
[S3] 2025/11/27 16:10:11.981465         [67:T1] 
[S3] 2025/11/27 16:10:11.981480         [68:T1] 
[S3] 2025/11/27 16:10:11.981494         [69:T1] 
[S3] 2025/11/27 16:10:11.981508         [70:T1] 
[S3] 2025/11/27 16:10:11.981523         [71:T1] 
[S3] 2025/11/27 16:10:11.981537         [72:T1] 
[S3] 2025/11/27 16:10:11.981550         [73:T1] 
[S3] 2025/11/27 16:10:11.981564         [74:T1] 
[S3] 2025/11/27 16:10:11.981578         [75:T1] 
[S3] 2025/11/27 16:10:11.981593         [76:T1] 
[S3] 2025/11/27 16:10:11.981605         [77:T1] 
[S3] 2025/11/27 16:10:11.981622         [78:T1] 
[S3] 2025/11/27 16:10:11.981638         [79:T1] 
[S3] 2025/11/27 16:10:11.981652         [80:T1] 
[S3] 2025/11/27 16:10:11.981666         [81:T1] 
[S3] 2025/11/27 16:10:11.981681         [82:T1] 
[S3] 2025/11/27 16:10:11.981695         [83:T1] 
[S3] 2025/11/27 16:10:11.981710         [84:T1] 
[S3] 2025/11/27 16:10:11.981725         [85:T1] 
[S3] 2025/11/27 16:10:11.981741         [86:T1] 
[S3] 2025/11/27 16:10:11.981756         [87:T1] 
[S3] 2025/11/27 16:10:11.981771         [88:T1] 
[S3] 2025/11/27 16:10:11.981785         [89:T1] 
[S3] 2025/11/27 16:10:11.981800         [90:T1] 
[S3] 2025/11/27 16:10:11.981818         [91:T1] 
[S3] 2025/11/27 16:10:11.981834         [92:T1] 
[S3] 2025/11/27 16:10:11.981848         [93:T1] 
[S3] 2025/11/27 16:10:11.981862         [94:T1] 
[S3] 2025/11/27 16:10:11.981875         [95:T1] 
[S3] 2025/11/27 16:10:11.981891         [96:T1] 
[S3] 2025/11/27 16:10:11.981906         [97:T1] 
[S3] 2025/11/27 16:10:11.981920         [98:T1] 
[S3] 2025/11/27 16:10:11.981934         [99:T1] 
[S3] 2025/11/27 16:10:11.981948         [100:T1] 
[S3] 2025/11/27 16:10:11.981965         [101:T1] 
[S3] 2025/11/27 16:10:11.981981         [102:T5] 
[S3] 2025/11/27 16:10:11.981995         [103:T5] 
[S3] 2025/11/27 16:10:11.982010         [104:T5] 
[S3] 2025/11/27 16:10:11.982025         [105:T5] 
[S3] 2025/11/27 16:10:11.982043         [106:T5] 
[S3] 2025/11/27 16:10:11.982061         [107:T5] 
[S3] 2025/11/27 16:10:11.982105         [108:T5] 
[S3] 2025/11/27 16:10:11.982122         [109:T5] 
[S3] 2025/11/27 16:10:11.982139         [110:T5] 
[S3] 2025/11/27 16:10:11.982153         [111:T5] 
[S3] 2025/11/27 16:10:11.982168         [112:T5] 
[S3] 2025/11/27 16:10:11.982183         [113:T5] 
[S3] 2025/11/27 16:10:11.982200         [114:T5] 
[S3] 2025/11/27 16:10:11.982226         [115:T5] 
[S3] 2025/11/27 16:10:11.982241         [116:T5] 
[S3] 2025/11/27 16:10:11.982255         [117:T5] 
[S3] 2025/11/27 16:10:11.982268         [118:T5] 
[S3] 2025/11/27 16:10:11.982282         [119:T5] 
[S3] 2025/11/27 16:10:11.982296         [120:T5] 
[S3] 2025/11/27 16:10:11.982309         [121:T5] 
[S3] 2025/11/27 16:10:11.982325         [122:T5] 
[S3] 2025/11/27 16:10:11.982341         [123:T5] 
[S3] 2025/11/27 16:10:11.982354         [124:T5] 
[S3] 2025/11/27 16:10:11.982368         [125:T5] 
[S3] 2025/11/27 16:10:11.982380         [126:T5] 
[S3] 2025/11/27 16:10:11.982395         [127:T5] 
[S3] 2025/11/27 16:10:11.982408         [128:T5] 
[S3] 2025/11/27 16:10:11.982422         [129:T5] 
[S3] 2025/11/27 16:10:11.982435         [130:T5] 
[S3] 2025/11/27 16:10:11.982447         [131:T5] 
[S3] 2025/11/27 16:10:11.982460         [132:T5] 
[S3] 2025/11/27 16:10:11.982475         [133:T5] 
[S3] 2025/11/27 16:10:11.982489         [134:T5] 
[S3] 2025/11/27 16:10:11.982501         [135:T5] 
[S3] 2025/11/27 16:10:11.982515         [136:T5] 
[S3] 2025/11/27 16:10:11.982528         [137:T5] 
[S3] 2025/11/27 16:10:11.982542         [138:T5] 
[S3] 2025/11/27 16:10:11.982556         [139:T5] 
[S3] 2025/11/27 16:10:11.982572         [140:T5] 
[S3] 2025/11/27 16:10:11.982584         [141:T5] 
[S3] 2025/11/27 16:10:11.982597         [142:T5] 
[S3] 2025/11/27 16:10:11.982610         [143:T5] 
[S3] 2025/11/27 16:10:11.982623         [144:T5] 
[S3] 2025/11/27 16:10:11.982635         [145:T5] 
[S3] 2025/11/27 16:10:11.982650         [146:T5] 
[S3] 2025/11/27 16:10:11.982662         [147:T5] 
[S3] 2025/11/27 16:10:11.982674         [148:T5] 
[S3] 2025/11/27 16:10:11.982690         [149:T5] 
[S3] 2025/11/27 16:10:11.982701         [150:T5] 
[S3] 2025/11/27 16:10:11.982714         [151:T5] 
[S3] 2025/11/27 16:10:11.982725         [152:T5] 
[S3] 2025/11/27 16:10:11.982738         [153:T5] 
[S3] 2025/11/27 16:10:11.982751         [154:T5] 
[S3] 2025/11/27 16:10:11.982763         [155:T5] 
[S3] 2025/11/27 16:10:11.982775         [156:T5] 
[S3] 2025/11/27 16:10:11.982787         [157:T5] 
[S3] 2025/11/27 16:10:11.982801         [158:T5] 
[S3] 2025/11/27 16:10:11.982813         [159:T5] 
[S3] 2025/11/27 16:10:11.982826         [160:T5] 
[S3] 2025/11/27 16:10:11.982838         [161:T5] 
[S3] 2025/11/27 16:10:11.982850         [162:T5] 
[S3] 2025/11/27 16:10:11.982861         [163:T5] 
[S3] 2025/11/27 16:10:11.982873         [164:T5] 
[S3] 2025/11/27 16:10:11.982884         [165:T5] 
[S3] 2025/11/27 16:10:11.982896         [166:T5] 
[S3] 2025/11/27 16:10:11.982908         [167:T5] 
[S3] 2025/11/27 16:10:11.982919         [168:T5] 
[S3] 2025/11/27 16:10:11.982933         [169:T5] 
[S3] 2025/11/27 16:10:11.982946         [170:T5] 
[S3] 2025/11/27 16:10:11.982960         [171:T5] 
[S3] 2025/11/27 16:10:11.982973         [172:T5] 
[S3] 2025/11/27 16:10:11.982985         [173:T5] 
[S3] 2025/11/27 16:10:11.982999         [174:T5] 
[S3] 2025/11/27 16:10:11.983012         [175:T5] 
[S3] 2025/11/27 16:10:11.983024         [176:T5] 
[S3] 2025/11/27 16:10:11.983036         [177:T5] 
[S3] 2025/11/27 16:10:11.983047         [178:T5] 
[S3] 2025/11/27 16:10:11.983059         [179:T5] 
[S3] 2025/11/27 16:10:11.983083         [180:T5] 
[S3] 2025/11/27 16:10:11.983101         [181:T5] 
[S3] 2025/11/27 16:10:11.983117         [182:T5] 
[S3] 2025/11/27 16:10:11.983130         [183:T5] 
[S3] 2025/11/27 16:10:11.983143         [184:T5] 
[S3] 2025/11/27 16:10:11.983156         [185:T5] 
[S3] 2025/11/27 16:10:11.983171         [186:T5] 
[S3] 2025/11/27 16:10:11.983183         [187:T5] 
[S3] 2025/11/27 16:10:11.983198         [188:T5] 
[S3] 2025/11/27 16:10:11.983212         [189:T5] 
[S3] 2025/11/27 16:10:11.983224         [190:T5] 
[S3] 2025/11/27 16:10:11.983234         [191:T5] 
[S3] 2025/11/27 16:10:11.983245         [192:T5] 
[S3] 2025/11/27 16:10:11.983257         [193:T5] 
[S3] 2025/11/27 16:10:11.983267         [194:T5] 
[S3] 2025/11/27 16:10:11.983279         [195:T5] 
[S3] 2025/11/27 16:10:11.983290         [196:T5] 
[S3] 2025/11/27 16:10:11.983304         [197:T5] 
[S3] 2025/11/27 16:10:11.983314         [198:T5] 
[S3] 2025/11/27 16:10:11.983327         [199:T5] 
[S3] 2025/11/27 16:10:11.983339         [200:T5] 
[S3] 2025/11/27 16:10:11.983351         [201:T5] 
[S3] 2025/11/27 16:10:11.983362         [202:T5] 
[S3] 2025/11/27 16:10:11.983374         [203:T5] 
[S3] 2025/11/27 16:10:11.983385         [204:T5] 
[S3] 2025/11/27 16:10:11.983398         [205:T5] 
[S3] 2025/11/27 16:10:11.983409         [206:T5] 
[S3] 2025/11/27 16:10:11.983422         [207:T5] 
[S3] 2025/11/27 16:10:11.983434         [208:T5] 
[S3] 2025/11/27 16:10:11.983444         [209:T5] 
[S3] 2025/11/27 16:10:11.983456         [210:T5] 
[S3] 2025/11/27 16:10:11.983469         [211:T5] 
[S3] 2025/11/27 16:10:11.983480         [212:T5] 
[S3] 2025/11/27 16:10:11.983491         [213:T5] 
[S3] 2025/11/27 16:10:11.983503         [214:T5] 
[S3] 2025/11/27 16:10:11.983513         [215:T5] 
[S3] 2025/11/27 16:10:11.983524         [216:T5] 
[S3] 2025/11/27 16:10:11.983534         [217:T5] 
[S3] 2025/11/27 16:10:11.983545         [218:T5] 
[S3] 2025/11/27 16:10:11.983559         [219:T5] 
[S3] 2025/11/27 16:10:11.983574         [220:T5] 
[S3] 2025/11/27 16:10:11.983588         [221:T5] 
[S3] 2025/11/27 16:10:11.983600         [222:T5] 
[S3] 2025/11/27 16:10:11.983613         [223:T5] 
[S3] 2025/11/27 16:10:11.983627 
[S3] 2025/11/27 16:10:11.983643 ---------------------------------------------------
[S3] 2025/11/27 16:10:11.983665 
[At the end of AppendEntries] 🗂 S3 | Term=11 | Role=Follower | CommitIndex=217 | LastApplied=217
[S3] 2025/11/27 16:10:11.983689      📜 Log: 
[S3] 2025/11/27 16:10:11.983703         [0:T0] 
[S3] 2025/11/27 16:10:11.983718         [1:T1] 
[S3] 2025/11/27 16:10:11.983732         [2:T1] 
[S3] 2025/11/27 16:10:11.983745         [3:T1] 
[S3] 2025/11/27 16:10:11.983759         [4:T1] 
[S3] 2025/11/27 16:10:11.983772         [5:T1] 
[S3] 2025/11/27 16:10:11.983786         [6:T1] 
[S3] 2025/11/27 16:10:11.983800         [7:T1] 
[S3] 2025/11/27 16:10:11.983812         [8:T1] 
[S3] 2025/11/27 16:10:11.983828         [9:T1] 
[S3] 2025/11/27 16:10:11.983843         [10:T1] 
[S3] 2025/11/27 16:10:11.983856         [11:T1] 
[S3] 2025/11/27 16:10:11.983869         [12:T1] 
[S3] 2025/11/27 16:10:11.983884         [13:T1] 
[S3] 2025/11/27 16:10:11.983898         [14:T1] 
[S3] 2025/11/27 16:10:11.983913         [15:T1] 
[S3] 2025/11/27 16:10:11.983925         [16:T1] 
[S3] 2025/11/27 16:10:11.983940         [17:T1] 
[S3] 2025/11/27 16:10:11.983954         [18:T1] 
[S3] 2025/11/27 16:10:11.983967         [19:T1] 
[S3] 2025/11/27 16:10:11.983981         [20:T1] 
[S3] 2025/11/27 16:10:11.983998         [21:T1] 
[S3] 2025/11/27 16:10:11.984010         [22:T1] 
[S3] 2025/11/27 16:10:11.984024         [23:T1] 
[S3] 2025/11/27 16:10:11.984038         [24:T1] 
[S3] 2025/11/27 16:10:11.984051         [25:T1] 
[S3] 2025/11/27 16:10:11.984065         [26:T1] 
[S3] 2025/11/27 16:10:11.984087         [27:T1] 
[S3] 2025/11/27 16:10:11.984104         [28:T1] 
[S3] 2025/11/27 16:10:11.984117         [29:T1] 
[S3] 2025/11/27 16:10:11.984129         [30:T1] 
[S3] 2025/11/27 16:10:11.984142         [31:T1] 
[S3] 2025/11/27 16:10:11.984156         [32:T1] 
[S3] 2025/11/27 16:10:11.984172         [33:T1] 
[S3] 2025/11/27 16:10:11.984181         [34:T1] 
[S3] 2025/11/27 16:10:11.984191         [35:T1] 
[S3] 2025/11/27 16:10:11.984200         [36:T1] 
[S3] 2025/11/27 16:10:11.984211         [37:T1] 
[S3] 2025/11/27 16:10:11.984220         [38:T1] 
[S3] 2025/11/27 16:10:11.984229         [39:T1] 
[S3] 2025/11/27 16:10:11.984238         [40:T1] 
[S3] 2025/11/27 16:10:11.984247         [41:T1] 
[S3] 2025/11/27 16:10:11.984256         [42:T1] 
[S3] 2025/11/27 16:10:11.984266         [43:T1] 
[S3] 2025/11/27 16:10:11.984275         [44:T1] 
[S3] 2025/11/27 16:10:11.984285         [45:T1] 
[S3] 2025/11/27 16:10:11.984294         [46:T1] 
[S3] 2025/11/27 16:10:11.984303         [47:T1] 
[S3] 2025/11/27 16:10:11.984311         [48:T1] 
[S3] 2025/11/27 16:10:11.984322         [49:T1] 
[S3] 2025/11/27 16:10:11.984335         [50:T1] 
[S3] 2025/11/27 16:10:11.984345         [51:T1] 
[S3] 2025/11/27 16:10:11.984354         [52:T1] 
[S3] 2025/11/27 16:10:11.984365         [53:T1] 
[S3] 2025/11/27 16:10:11.984374         [54:T1] 
[S3] 2025/11/27 16:10:11.984383         [55:T1] 
[S3] 2025/11/27 16:10:11.984393         [56:T1] 
[S3] 2025/11/27 16:10:11.984402         [57:T1] 
[S3] 2025/11/27 16:10:11.984412         [58:T1] 
[S3] 2025/11/27 16:10:11.984421         [59:T1] 
[S3] 2025/11/27 16:10:11.984430         [60:T1] 
[S3] 2025/11/27 16:10:11.984440         [61:T1] 
[S3] 2025/11/27 16:10:11.984449         [62:T1] 
[S3] 2025/11/27 16:10:11.984458         [63:T1] 
[S3] 2025/11/27 16:10:11.984468         [64:T1] 
[S3] 2025/11/27 16:10:11.984477         [65:T1] 
[S3] 2025/11/27 16:10:11.984487         [66:T1] 
[S3] 2025/11/27 16:10:11.984497         [67:T1] 
[S3] 2025/11/27 16:10:11.984507         [68:T1] 
[S3] 2025/11/27 16:10:11.984517         [69:T1] 
[S3] 2025/11/27 16:10:11.984531         [70:T1] 
[S3] 2025/11/27 16:10:11.984540         [71:T1] 
[S3] 2025/11/27 16:10:11.984549         [72:T1] 
[S3] 2025/11/27 16:10:11.984558         [73:T1] 
[S3] 2025/11/27 16:10:11.984569         [74:T1] 
[S3] 2025/11/27 16:10:11.984578         [75:T1] 
[S3] 2025/11/27 16:10:11.984587         [76:T1] 
[S3] 2025/11/27 16:10:11.984595         [77:T1] 
[S3] 2025/11/27 16:10:11.984605         [78:T1] 
[S3] 2025/11/27 16:10:11.984614         [79:T1] 
[S3] 2025/11/27 16:10:11.984622         [80:T1] 
[S3] 2025/11/27 16:10:11.984631         [81:T1] 
[S3] 2025/11/27 16:10:11.984640         [82:T1] 
[S3] 2025/11/27 16:10:11.984649         [83:T1] 
[S3] 2025/11/27 16:10:11.984657         [84:T1] 
[S3] 2025/11/27 16:10:11.984666         [85:T1] 
[S3] 2025/11/27 16:10:11.984675         [86:T1] 
[S3] 2025/11/27 16:10:11.984684         [87:T1] 
[S3] 2025/11/27 16:10:11.984693         [88:T1] 
[S3] 2025/11/27 16:10:11.984701         [89:T1] 
[S3] 2025/11/27 16:10:11.984711         [90:T1] 
[S3] 2025/11/27 16:10:11.984719         [91:T1] 
[S3] 2025/11/27 16:10:11.984728         [92:T1] 
[S3] 2025/11/27 16:10:11.984736         [93:T1] 
[S3] 2025/11/27 16:10:11.984746         [94:T1] 
[S3] 2025/11/27 16:10:11.984754         [95:T1] 
[S3] 2025/11/27 16:10:11.984762         [96:T1] 
[S3] 2025/11/27 16:10:11.984770         [97:T1] 
[S3] 2025/11/27 16:10:11.984779         [98:T1] 
[S3] 2025/11/27 16:10:11.984789         [99:T1] 
[S3] 2025/11/27 16:10:11.984798         [100:T1] 
[S3] 2025/11/27 16:10:11.984808         [101:T1] 
[S3] 2025/11/27 16:10:11.984816         [102:T5] 
[S3] 2025/11/27 16:10:11.984827         [103:T5] 
[S3] 2025/11/27 16:10:11.984836         [104:T5] 
[S3] 2025/11/27 16:10:11.984845         [105:T5] 
[S3] 2025/11/27 16:10:11.984855         [106:T5] 
[S3] 2025/11/27 16:10:11.984865         [107:T5] 
[S3] 2025/11/27 16:10:11.984874         [108:T5] 
[S3] 2025/11/27 16:10:11.984883         [109:T5] 
[S3] 2025/11/27 16:10:11.984892         [110:T5] 
[S3] 2025/11/27 16:10:11.984902         [111:T5] 
[S3] 2025/11/27 16:10:11.984911         [112:T5] 
[S3] 2025/11/27 16:10:11.984921         [113:T5] 
[S3] 2025/11/27 16:10:11.984929         [114:T5] 
[S3] 2025/11/27 16:10:11.984938         [115:T5] 
[S3] 2025/11/27 16:10:11.984947         [116:T5] 
[S3] 2025/11/27 16:10:11.984956         [117:T5] 
[S3] 2025/11/27 16:10:11.984965         [118:T5] 
[S3] 2025/11/27 16:10:11.984974         [119:T5] 
[S3] 2025/11/27 16:10:11.984983         [120:T5] 
[S3] 2025/11/27 16:10:11.984991         [121:T5] 
[S3] 2025/11/27 16:10:11.985001         [122:T5] 
[S3] 2025/11/27 16:10:11.985017         [123:T5] 
[S3] 2025/11/27 16:10:11.985025         [124:T5] 
[S3] 2025/11/27 16:10:11.985034         [125:T5] 
[S3] 2025/11/27 16:10:11.985043         [126:T5] 
[S3] 2025/11/27 16:10:11.985052         [127:T5] 
[S3] 2025/11/27 16:10:11.985060         [128:T5] 
[S3] 2025/11/27 16:10:11.985072         [129:T5] 
[S3] 2025/11/27 16:10:11.985085         [130:T5] 
[S3] 2025/11/27 16:10:11.985093         [131:T5] 
[S3] 2025/11/27 16:10:11.985102         [132:T5] 
[S3] 2025/11/27 16:10:11.985112         [133:T5] 
[S3] 2025/11/27 16:10:11.985120         [134:T5] 
[S3] 2025/11/27 16:10:11.985130         [135:T5] 
[S3] 2025/11/27 16:10:11.985137         [136:T5] 
[S3] 2025/11/27 16:10:11.985145         [137:T5] 
[S3] 2025/11/27 16:10:11.985154         [138:T5] 
[S3] 2025/11/27 16:10:11.985161         [139:T5] 
[S3] 2025/11/27 16:10:11.985169         [140:T5] 
[S3] 2025/11/27 16:10:11.985178         [141:T5] 
[S3] 2025/11/27 16:10:11.985187         [142:T5] 
[S3] 2025/11/27 16:10:11.985195         [143:T5] 
[S3] 2025/11/27 16:10:11.985203         [144:T5] 
[S3] 2025/11/27 16:10:11.985211         [145:T5] 
[S3] 2025/11/27 16:10:11.985219         [146:T5] 
[S3] 2025/11/27 16:10:11.985227         [147:T5] 
[S3] 2025/11/27 16:10:11.985235         [148:T5] 
[S3] 2025/11/27 16:10:11.985242         [149:T5] 
[S3] 2025/11/27 16:10:11.985252         [150:T5] 
[S3] 2025/11/27 16:10:11.985260         [151:T5] 
[S3] 2025/11/27 16:10:11.985267         [152:T5] 
[S3] 2025/11/27 16:10:11.985276         [153:T5] 
[S3] 2025/11/27 16:10:11.985284         [154:T5] 
[S3] 2025/11/27 16:10:11.985292         [155:T5] 
[S3] 2025/11/27 16:10:11.985300         [156:T5] 
[S3] 2025/11/27 16:10:11.985309         [157:T5] 
[S3] 2025/11/27 16:10:11.985318         [158:T5] 
[S3] 2025/11/27 16:10:11.985327         [159:T5] 
[S3] 2025/11/27 16:10:11.985334         [160:T5] 
[S3] 2025/11/27 16:10:11.985344         [161:T5] 
[S3] 2025/11/27 16:10:11.985352         [162:T5] 
[S3] 2025/11/27 16:10:11.985359         [163:T5] 
[S3] 2025/11/27 16:10:11.985367         [164:T5] 
[S3] 2025/11/27 16:10:11.985375         [165:T5] 
[S3] 2025/11/27 16:10:11.985384         [166:T5] 
[S3] 2025/11/27 16:10:11.985392         [167:T5] 
[S3] 2025/11/27 16:10:11.985401         [168:T5] 
[S3] 2025/11/27 16:10:11.985410         [169:T5] 
[S3] 2025/11/27 16:10:11.985421         [170:T5] 
[S3] 2025/11/27 16:10:11.985428         [171:T5] 
[S3] 2025/11/27 16:10:11.985436         [172:T5] 
[S3] 2025/11/27 16:10:11.985443         [173:T5] 
[S3] 2025/11/27 16:10:11.985450         [174:T5] 
[S3] 2025/11/27 16:10:11.985458         [175:T5] 
[S3] 2025/11/27 16:10:11.985466         [176:T5] 
[S3] 2025/11/27 16:10:11.985474         [177:T5] 
[S3] 2025/11/27 16:10:11.985481         [178:T5] 
[S3] 2025/11/27 16:10:11.985489         [179:T5] 
[S3] 2025/11/27 16:10:11.985497         [180:T5] 
[S3] 2025/11/27 16:10:11.985505         [181:T5] 
[S3] 2025/11/27 16:10:11.985514         [182:T5] 
[S3] 2025/11/27 16:10:11.985524         [183:T5] 
[S3] 2025/11/27 16:10:11.985532         [184:T5] 
[S3] 2025/11/27 16:10:11.985540         [185:T5] 
[S3] 2025/11/27 16:10:11.985547         [186:T5] 
[S3] 2025/11/27 16:10:11.985554         [187:T5] 
[S3] 2025/11/27 16:10:11.985561         [188:T5] 
[S3] 2025/11/27 16:10:11.985569         [189:T5] 
[S3] 2025/11/27 16:10:11.985576         [190:T5] 
[S3] 2025/11/27 16:10:11.985583         [191:T5] 
[S3] 2025/11/27 16:10:11.985591         [192:T5] 
[S3] 2025/11/27 16:10:11.985598         [193:T5] 
[S3] 2025/11/27 16:10:11.985607         [194:T5] 
[S3] 2025/11/27 16:10:11.985614         [195:T5] 
[S3] 2025/11/27 16:10:11.985622         [196:T5] 
[S3] 2025/11/27 16:10:11.985629         [197:T5] 
[S3] 2025/11/27 16:10:11.985638         [198:T5] 
[S3] 2025/11/27 16:10:11.985646         [199:T5] 
[S3] 2025/11/27 16:10:11.985653         [200:T5] 
[S3] 2025/11/27 16:10:11.985660         [201:T5] 
[S3] 2025/11/27 16:10:11.985668         [202:T5] 
[S3] 2025/11/27 16:10:11.985676         [203:T5] 
[S3] 2025/11/27 16:10:11.985683         [204:T5] 
[S3] 2025/11/27 16:10:11.985690         [205:T5] 
[S3] 2025/11/27 16:10:11.985697         [206:T5] 
[S3] 2025/11/27 16:10:11.985706         [207:T5] 
[S3] 2025/11/27 16:10:11.985714         [208:T5] 
[S3] 2025/11/27 16:10:11.985722         [209:T5] 
[S3] 2025/11/27 16:10:11.985731         [210:T5] 
[S3] 2025/11/27 16:10:11.985744         [211:T5] 
[S3] 2025/11/27 16:10:11.985748         [212:T5] 
[S3] 2025/11/27 16:10:11.985753         [213:T5] 
[S3] 2025/11/27 16:10:11.985758         [214:T5] 
[S3] 2025/11/27 16:10:11.985763         [215:T5] 
[S3] 2025/11/27 16:10:11.985768         [216:T5] 
[S3] 2025/11/27 16:10:11.985772         [217:T5] 
[S3] 2025/11/27 16:10:11.985777         [218:T5] 
[S3] 2025/11/27 16:10:11.985781         [219:T5] 
[S3] 2025/11/27 16:10:11.985786         [220:T5] 
[S3] 2025/11/27 16:10:11.985790         [221:T5] 
[S3] 2025/11/27 16:10:11.985795         [222:T5] 
[S3] 2025/11/27 16:10:11.985800         [223:T5] 
[S3] 2025/11/27 16:10:11.985804 
[S3] 2025/11/27 16:10:11.985808 ---------------------------------------------------
[S3] 2025/11/27 16:10:12.096337 
[At the start of AppendEntries] 🗂 S3 | Term=11 | Role=Follower | CommitIndex=217 | LastApplied=217
[S3] 2025/11/27 16:10:12.096351      📜 Log: 
[S3] 2025/11/27 16:10:12.096358         [0:T0] 
[S3] 2025/11/27 16:10:12.096364         [1:T1] 
[S3] 2025/11/27 16:10:12.096369         [2:T1] 
[S3] 2025/11/27 16:10:12.096374         [3:T1] 
[S3] 2025/11/27 16:10:12.096379         [4:T1] 
[S3] 2025/11/27 16:10:12.096385         [5:T1] 
[S3] 2025/11/27 16:10:12.096390         [6:T1] 
[S3] 2025/11/27 16:10:12.096395         [7:T1] 
[S3] 2025/11/27 16:10:12.096400         [8:T1] 
[S3] 2025/11/27 16:10:12.096405         [9:T1] 
[S3] 2025/11/27 16:10:12.096410         [10:T1] 
[S3] 2025/11/27 16:10:12.096417         [11:T1] 
[S3] 2025/11/27 16:10:12.096422         [12:T1] 
[S3] 2025/11/27 16:10:12.096427         [13:T1] 
[S3] 2025/11/27 16:10:12.096432         [14:T1] 
[S3] 2025/11/27 16:10:12.096437         [15:T1] 
[S3] 2025/11/27 16:10:12.096442         [16:T1] 
[S3] 2025/11/27 16:10:12.096447         [17:T1] 
[S3] 2025/11/27 16:10:12.096452         [18:T1] 
[S3] 2025/11/27 16:10:12.096457         [19:T1] 
[S3] 2025/11/27 16:10:12.096463         [20:T1] 
[S3] 2025/11/27 16:10:12.096467         [21:T1] 
[S3] 2025/11/27 16:10:12.096472         [22:T1] 
[S3] 2025/11/27 16:10:12.096477         [23:T1] 
[S3] 2025/11/27 16:10:12.096483         [24:T1] 
[S3] 2025/11/27 16:10:12.096488         [25:T1] 
[S3] 2025/11/27 16:10:12.096493         [26:T1] 
[S3] 2025/11/27 16:10:12.096499         [27:T1] 
[S3] 2025/11/27 16:10:12.096503         [28:T1] 
[S3] 2025/11/27 16:10:12.096509         [29:T1] 
[S3] 2025/11/27 16:10:12.096514         [30:T1] 
[S3] 2025/11/27 16:10:12.096519         [31:T1] 
[S3] 2025/11/27 16:10:12.096523         [32:T1] 
[S3] 2025/11/27 16:10:12.096528         [33:T1] 
[S3] 2025/11/27 16:10:12.096533         [34:T1] 
[S3] 2025/11/27 16:10:12.096538         [35:T1] 
[S3] 2025/11/27 16:10:12.096542         [36:T1] 
[S3] 2025/11/27 16:10:12.096548         [37:T1] 
[S3] 2025/11/27 16:10:12.096553         [38:T1] 
[S3] 2025/11/27 16:10:12.096557         [39:T1] 
[S3] 2025/11/27 16:10:12.096562         [40:T1] 
[S3] 2025/11/27 16:10:12.096568         [41:T1] 
[S3] 2025/11/27 16:10:12.096573         [42:T1] 
[S3] 2025/11/27 16:10:12.096577         [43:T1] 
[S3] 2025/11/27 16:10:12.096582         [44:T1] 
[S3] 2025/11/27 16:10:12.096587         [45:T1] 
[S3] 2025/11/27 16:10:12.096592         [46:T1] 
[S3] 2025/11/27 16:10:12.096597         [47:T1] 
[S3] 2025/11/27 16:10:12.096602         [48:T1] 
[S3] 2025/11/27 16:10:12.096606         [49:T1] 
[S3] 2025/11/27 16:10:12.096611         [50:T1] 
[S3] 2025/11/27 16:10:12.096616         [51:T1] 
[S3] 2025/11/27 16:10:12.096620         [52:T1] 
[S3] 2025/11/27 16:10:12.096625         [53:T1] 
[S3] 2025/11/27 16:10:12.096630         [54:T1] 
[S3] 2025/11/27 16:10:12.096634         [55:T1] 
[S3] 2025/11/27 16:10:12.096639         [56:T1] 
[S3] 2025/11/27 16:10:12.096644         [57:T1] 
[S3] 2025/11/27 16:10:12.096649         [58:T1] 
[S3] 2025/11/27 16:10:12.096654         [59:T1] 
[S3] 2025/11/27 16:10:12.096659         [60:T1] 
[S3] 2025/11/27 16:10:12.096664         [61:T1] 
[S3] 2025/11/27 16:10:12.096668         [62:T1] 
[S3] 2025/11/27 16:10:12.096674         [63:T1] 
[S3] 2025/11/27 16:10:12.096679         [64:T1] 
[S3] 2025/11/27 16:10:12.096684         [65:T1] 
[S3] 2025/11/27 16:10:12.096689         [66:T1] 
[S3] 2025/11/27 16:10:12.096694         [67:T1] 
[S3] 2025/11/27 16:10:12.096699         [68:T1] 
[S3] 2025/11/27 16:10:12.096705         [69:T1] 
[S3] 2025/11/27 16:10:12.096710         [70:T1] 
[S3] 2025/11/27 16:10:12.096715         [71:T1] 
[S3] 2025/11/27 16:10:12.096720         [72:T1] 
[S3] 2025/11/27 16:10:12.096724         [73:T1] 
[S3] 2025/11/27 16:10:12.096729         [74:T1] 
[S3] 2025/11/27 16:10:12.096734         [75:T1] 
[S3] 2025/11/27 16:10:12.096739         [76:T1] 
[S3] 2025/11/27 16:10:12.096743         [77:T1] 
[S3] 2025/11/27 16:10:12.096748         [78:T1] 
[S3] 2025/11/27 16:10:12.096753         [79:T1] 
[S3] 2025/11/27 16:10:12.096758         [80:T1] 
[S3] 2025/11/27 16:10:12.096763         [81:T1] 
[S3] 2025/11/27 16:10:12.096768         [82:T1] 
[S3] 2025/11/27 16:10:12.096772         [83:T1] 
[S3] 2025/11/27 16:10:12.096777         [84:T1] 
[S3] 2025/11/27 16:10:12.096781         [85:T1] 
[S3] 2025/11/27 16:10:12.096787         [86:T1] 
[S3] 2025/11/27 16:10:12.096791         [87:T1] 
[S3] 2025/11/27 16:10:12.096796         [88:T1] 
[S3] 2025/11/27 16:10:12.096800         [89:T1] 
[S3] 2025/11/27 16:10:12.096805         [90:T1] 
[S3] 2025/11/27 16:10:12.096809         [91:T1] 
[S3] 2025/11/27 16:10:12.096814         [92:T1] 
[S3] 2025/11/27 16:10:12.096819         [93:T1] 
[S3] 2025/11/27 16:10:12.096824         [94:T1] 
[S3] 2025/11/27 16:10:12.096829         [95:T1] 
[S3] 2025/11/27 16:10:12.096833         [96:T1] 
[S3] 2025/11/27 16:10:12.096838         [97:T1] 
[S3] 2025/11/27 16:10:12.096842         [98:T1] 
[S3] 2025/11/27 16:10:12.096847         [99:T1] 
[S3] 2025/11/27 16:10:12.096851         [100:T1] 
[S3] 2025/11/27 16:10:12.096856         [101:T1] 
[S3] 2025/11/27 16:10:12.096861         [102:T5] 
[S3] 2025/11/27 16:10:12.096866         [103:T5] 
[S3] 2025/11/27 16:10:12.096871         [104:T5] 
[S3] 2025/11/27 16:10:12.096877         [105:T5] 
[S3] 2025/11/27 16:10:12.096882         [106:T5] 
[S3] 2025/11/27 16:10:12.096887         [107:T5] 
[S3] 2025/11/27 16:10:12.096892         [108:T5] 
[S3] 2025/11/27 16:10:12.096897         [109:T5] 
[S3] 2025/11/27 16:10:12.096903         [110:T5] 
[S3] 2025/11/27 16:10:12.096908         [111:T5] 
[S3] 2025/11/27 16:10:12.096913         [112:T5] 
[S3] 2025/11/27 16:10:12.096918         [113:T5] 
[S3] 2025/11/27 16:10:12.096922         [114:T5] 
[S3] 2025/11/27 16:10:12.096927         [115:T5] 
[S3] 2025/11/27 16:10:12.096932         [116:T5] 
[S3] 2025/11/27 16:10:12.096936         [117:T5] 
[S3] 2025/11/27 16:10:12.096941         [118:T5] 
[S3] 2025/11/27 16:10:12.096947         [119:T5] 
[S3] 2025/11/27 16:10:12.096951         [120:T5] 
[S3] 2025/11/27 16:10:12.096956         [121:T5] 
[S3] 2025/11/27 16:10:12.096961         [122:T5] 
[S3] 2025/11/27 16:10:12.096965         [123:T5] 
[S3] 2025/11/27 16:10:12.096970         [124:T5] 
[S3] 2025/11/27 16:10:12.096975         [125:T5] 
[S3] 2025/11/27 16:10:12.096980         [126:T5] 
[S3] 2025/11/27 16:10:12.096986         [127:T5] 
[S3] 2025/11/27 16:10:12.096990         [128:T5] 
[S3] 2025/11/27 16:10:12.096994         [129:T5] 
[S3] 2025/11/27 16:10:12.096999         [130:T5] 
[S3] 2025/11/27 16:10:12.097005         [131:T5] 
[S3] 2025/11/27 16:10:12.097009         [132:T5] 
[S3] 2025/11/27 16:10:12.097014         [133:T5] 
[S3] 2025/11/27 16:10:12.097019         [134:T5] 
[S3] 2025/11/27 16:10:12.097023         [135:T5] 
[S3] 2025/11/27 16:10:12.097028         [136:T5] 
[S3] 2025/11/27 16:10:12.097033         [137:T5] 
[S3] 2025/11/27 16:10:12.097038         [138:T5] 
[S3] 2025/11/27 16:10:12.097043         [139:T5] 
[S3] 2025/11/27 16:10:12.097048         [140:T5] 
[S3] 2025/11/27 16:10:12.097053         [141:T5] 
[S3] 2025/11/27 16:10:12.097058         [142:T5] 
[S3] 2025/11/27 16:10:12.097064         [143:T5] 
[S3] 2025/11/27 16:10:12.097071         [144:T5] 
[S3] 2025/11/27 16:10:12.097076         [145:T5] 
[S3] 2025/11/27 16:10:12.097083         [146:T5] 
[S3] 2025/11/27 16:10:12.097088         [147:T5] 
[S3] 2025/11/27 16:10:12.097093         [148:T5] 
[S3] 2025/11/27 16:10:12.097097         [149:T5] 
[S3] 2025/11/27 16:10:12.097102         [150:T5] 
[S3] 2025/11/27 16:10:12.097109         [151:T5] 
[S3] 2025/11/27 16:10:12.097113         [152:T5] 
[S3] 2025/11/27 16:10:12.097119         [153:T5] 
[S3] 2025/11/27 16:10:12.097123         [154:T5] 
[S3] 2025/11/27 16:10:12.097128         [155:T5] 
[S3] 2025/11/27 16:10:12.097133         [156:T5] 
[S3] 2025/11/27 16:10:12.097138         [157:T5] 
[S3] 2025/11/27 16:10:12.097143         [158:T5] 
[S3] 2025/11/27 16:10:12.097147         [159:T5] 
[S3] 2025/11/27 16:10:12.097152         [160:T5] 
[S3] 2025/11/27 16:10:12.097156         [161:T5] 
[S3] 2025/11/27 16:10:12.097160         [162:T5] 
[S3] 2025/11/27 16:10:12.097165         [163:T5] 
[S3] 2025/11/27 16:10:12.097169         [164:T5] 
[S3] 2025/11/27 16:10:12.097174         [165:T5] 
[S3] 2025/11/27 16:10:12.097178         [166:T5] 
[S3] 2025/11/27 16:10:12.097182         [167:T5] 
[S3] 2025/11/27 16:10:12.097187         [168:T5] 
[S3] 2025/11/27 16:10:12.097191         [169:T5] 
[S3] 2025/11/27 16:10:12.097196         [170:T5] 
[S3] 2025/11/27 16:10:12.097201         [171:T5] 
[S3] 2025/11/27 16:10:12.097206         [172:T5] 
[S3] 2025/11/27 16:10:12.097210         [173:T5] 
[S3] 2025/11/27 16:10:12.097214         [174:T5] 
[S3] 2025/11/27 16:10:12.097219         [175:T5] 
[S3] 2025/11/27 16:10:12.097224         [176:T5] 
[S3] 2025/11/27 16:10:12.097228         [177:T5] 
[S3] 2025/11/27 16:10:12.097232         [178:T5] 
[S3] 2025/11/27 16:10:12.097237         [179:T5] 
[S3] 2025/11/27 16:10:12.097242         [180:T5] 
[S3] 2025/11/27 16:10:12.097247         [181:T5] 
[S3] 2025/11/27 16:10:12.097251         [182:T5] 
[S3] 2025/11/27 16:10:12.097256         [183:T5] 
[S3] 2025/11/27 16:10:12.097261         [184:T5] 
[S3] 2025/11/27 16:10:12.097265         [185:T5] 
[S3] 2025/11/27 16:10:12.097270         [186:T5] 
[S3] 2025/11/27 16:10:12.097275         [187:T5] 
[S3] 2025/11/27 16:10:12.097279         [188:T5] 
[S3] 2025/11/27 16:10:12.097284         [189:T5] 
[S3] 2025/11/27 16:10:12.097288         [190:T5] 
[S3] 2025/11/27 16:10:12.097292         [191:T5] 
[S3] 2025/11/27 16:10:12.097297         [192:T5] 
[S3] 2025/11/27 16:10:12.097302         [193:T5] 
[S3] 2025/11/27 16:10:12.097306         [194:T5] 
[S3] 2025/11/27 16:10:12.097311         [195:T5] 
[S3] 2025/11/27 16:10:12.097315         [196:T5] 
[S3] 2025/11/27 16:10:12.097321         [197:T5] 
[S3] 2025/11/27 16:10:12.097325         [198:T5] 
[S3] 2025/11/27 16:10:12.097330         [199:T5] 
[S3] 2025/11/27 16:10:12.097334         [200:T5] 
[S3] 2025/11/27 16:10:12.097338         [201:T5] 
[S3] 2025/11/27 16:10:12.097344         [202:T5] 
[S3] 2025/11/27 16:10:12.097348         [203:T5] 
[S3] 2025/11/27 16:10:12.097353         [204:T5] 
[S3] 2025/11/27 16:10:12.097357         [205:T5] 
[S3] 2025/11/27 16:10:12.097361         [206:T5] 
[S3] 2025/11/27 16:10:12.097366         [207:T5] 
[S3] 2025/11/27 16:10:12.097372         [208:T5] 
[S3] 2025/11/27 16:10:12.097376         [209:T5] 
[S3] 2025/11/27 16:10:12.097380         [210:T5] 
[S3] 2025/11/27 16:10:12.097385         [211:T5] 
[S3] 2025/11/27 16:10:12.097389         [212:T5] 
[S3] 2025/11/27 16:10:12.097394         [213:T5] 
[S3] 2025/11/27 16:10:12.097398         [214:T5] 
[S3] 2025/11/27 16:10:12.097403         [215:T5] 
[S3] 2025/11/27 16:10:12.097407         [216:T5] 
[S3] 2025/11/27 16:10:12.097412         [217:T5] 
[S3] 2025/11/27 16:10:12.097416         [218:T5] 
[S3] 2025/11/27 16:10:12.097421         [219:T5] 
[S3] 2025/11/27 16:10:12.097426         [220:T5] 
[S3] 2025/11/27 16:10:12.097430         [221:T5] 
[S3] 2025/11/27 16:10:12.097434         [222:T5] 
[S3] 2025/11/27 16:10:12.097439         [223:T5] 
[S3] 2025/11/27 16:10:12.097444 
[S3] 2025/11/27 16:10:12.097448 ---------------------------------------------------
[S3] 2025/11/27 16:10:12.097455 
[At the end of AppendEntries] 🗂 S3 | Term=11 | Role=Follower | CommitIndex=217 | LastApplied=217
[S3] 2025/11/27 16:10:12.097462      📜 Log: 
[S3] 2025/11/27 16:10:12.097466         [0:T0] 
[S3] 2025/11/27 16:10:12.097471         [1:T1] 
[S3] 2025/11/27 16:10:12.097476         [2:T1] 
[S3] 2025/11/27 16:10:12.097482         [3:T1] 
[S3] 2025/11/27 16:10:12.097487         [4:T1] 
[S3] 2025/11/27 16:10:12.097491         [5:T1] 
[S3] 2025/11/27 16:10:12.097496         [6:T1] 
[S3] 2025/11/27 16:10:12.097500         [7:T1] 
[S3] 2025/11/27 16:10:12.097504         [8:T1] 
[S3] 2025/11/27 16:10:12.097510         [9:T1] 
[S3] 2025/11/27 16:10:12.097514         [10:T1] 
[S3] 2025/11/27 16:10:12.097519         [11:T1] 
[S3] 2025/11/27 16:10:12.097523         [12:T1] 
[S3] 2025/11/27 16:10:12.097528         [13:T1] 
[S3] 2025/11/27 16:10:12.097534         [14:T1] 
[S3] 2025/11/27 16:10:12.097538         [15:T1] 
[S3] 2025/11/27 16:10:12.097543         [16:T1] 
[S3] 2025/11/27 16:10:12.097548         [17:T1] 
[S3] 2025/11/27 16:10:12.097553         [18:T1] 
[S3] 2025/11/27 16:10:12.097557         [19:T1] 
[S3] 2025/11/27 16:10:12.097561         [20:T1] 
[S3] 2025/11/27 16:10:12.097566         [21:T1] 
[S3] 2025/11/27 16:10:12.097570         [22:T1] 
[S3] 2025/11/27 16:10:12.097575         [23:T1] 
[S3] 2025/11/27 16:10:12.097580         [24:T1] 
[S3] 2025/11/27 16:10:12.097584         [25:T1] 
[S3] 2025/11/27 16:10:12.097589         [26:T1] 
[S3] 2025/11/27 16:10:12.097594         [27:T1] 
[S3] 2025/11/27 16:10:12.097598         [28:T1] 
[S3] 2025/11/27 16:10:12.097602         [29:T1] 
[S3] 2025/11/27 16:10:12.097607         [30:T1] 
[S3] 2025/11/27 16:10:12.097611         [31:T1] 
[S3] 2025/11/27 16:10:12.097616         [32:T1] 
[S3] 2025/11/27 16:10:12.097621         [33:T1] 
[S3] 2025/11/27 16:10:12.097624         [34:T1] 
[S3] 2025/11/27 16:10:12.097629         [35:T1] 
[S3] 2025/11/27 16:10:12.097634         [36:T1] 
[S3] 2025/11/27 16:10:12.097638         [37:T1] 
[S3] 2025/11/27 16:10:12.097643         [38:T1] 
[S3] 2025/11/27 16:10:12.097647         [39:T1] 
[S3] 2025/11/27 16:10:12.097652         [40:T1] 
[S3] 2025/11/27 16:10:12.097656         [41:T1] 
[S3] 2025/11/27 16:10:12.097660         [42:T1] 
[S3] 2025/11/27 16:10:12.097664         [43:T1] 
[S3] 2025/11/27 16:10:12.097669         [44:T1] 
[S3] 2025/11/27 16:10:12.097673         [45:T1] 
[S3] 2025/11/27 16:10:12.097677         [46:T1] 
[S3] 2025/11/27 16:10:12.097682         [47:T1] 
[S3] 2025/11/27 16:10:12.097686         [48:T1] 
[S3] 2025/11/27 16:10:12.097690         [49:T1] 
[S3] 2025/11/27 16:10:12.097694         [50:T1] 
[S3] 2025/11/27 16:10:12.097700         [51:T1] 
[S3] 2025/11/27 16:10:12.097705         [52:T1] 
[S3] 2025/11/27 16:10:12.097709         [53:T1] 
[S3] 2025/11/27 16:10:12.097713         [54:T1] 
[S3] 2025/11/27 16:10:12.097717         [55:T1] 
[S3] 2025/11/27 16:10:12.097722         [56:T1] 
[S3] 2025/11/27 16:10:12.097726         [57:T1] 
[S3] 2025/11/27 16:10:12.097731         [58:T1] 
[S3] 2025/11/27 16:10:12.097735         [59:T1] 
[S3] 2025/11/27 16:10:12.097740         [60:T1] 
[S3] 2025/11/27 16:10:12.097744         [61:T1] 
[S3] 2025/11/27 16:10:12.097749         [62:T1] 
[S3] 2025/11/27 16:10:12.097753         [63:T1] 
[S3] 2025/11/27 16:10:12.097757         [64:T1] 
[S3] 2025/11/27 16:10:12.097761         [65:T1] 
[S3] 2025/11/27 16:10:12.097765         [66:T1] 
[S3] 2025/11/27 16:10:12.097770         [67:T1] 
[S3] 2025/11/27 16:10:12.097774         [68:T1] 
[S3] 2025/11/27 16:10:12.097779         [69:T1] 
[S3] 2025/11/27 16:10:12.097783         [70:T1] 
[S3] 2025/11/27 16:10:12.097787         [71:T1] 
[S3] 2025/11/27 16:10:12.097791         [72:T1] 
[S3] 2025/11/27 16:10:12.097796         [73:T1] 
[S3] 2025/11/27 16:10:12.097800         [74:T1] 
[S3] 2025/11/27 16:10:12.097804         [75:T1] 
[S3] 2025/11/27 16:10:12.097808         [76:T1] 
[S3] 2025/11/27 16:10:12.097812         [77:T1] 
[S3] 2025/11/27 16:10:12.097817         [78:T1] 
[S3] 2025/11/27 16:10:12.097821         [79:T1] 
[S3] 2025/11/27 16:10:12.097826         [80:T1] 
[S3] 2025/11/27 16:10:12.097830         [81:T1] 
[S3] 2025/11/27 16:10:12.097835         [82:T1] 
[S3] 2025/11/27 16:10:12.097839         [83:T1] 
[S3] 2025/11/27 16:10:12.097843         [84:T1] 
[S3] 2025/11/27 16:10:12.097848         [85:T1] 
[S3] 2025/11/27 16:10:12.097853         [86:T1] 
[S3] 2025/11/27 16:10:12.097858         [87:T1] 
[S3] 2025/11/27 16:10:12.097863         [88:T1] 
[S3] 2025/11/27 16:10:12.097868         [89:T1] 
[S3] 2025/11/27 16:10:12.097872         [90:T1] 
[S3] 2025/11/27 16:10:12.097876         [91:T1] 
[S3] 2025/11/27 16:10:12.097881         [92:T1] 
[S3] 2025/11/27 16:10:12.097885         [93:T1] 
[S3] 2025/11/27 16:10:12.097890         [94:T1] 
[S3] 2025/11/27 16:10:12.097894         [95:T1] 
[S3] 2025/11/27 16:10:12.097898         [96:T1] 
[S3] 2025/11/27 16:10:12.097903         [97:T1] 
[S3] 2025/11/27 16:10:12.097907         [98:T1] 
[S3] 2025/11/27 16:10:12.097912         [99:T1] 
[S3] 2025/11/27 16:10:12.097917         [100:T1] 
[S3] 2025/11/27 16:10:12.097921         [101:T1] 
[S3] 2025/11/27 16:10:12.097926         [102:T5] 
[S3] 2025/11/27 16:10:12.097931         [103:T5] 
[S3] 2025/11/27 16:10:12.097936         [104:T5] 
[S3] 2025/11/27 16:10:12.097941         [105:T5] 
[S3] 2025/11/27 16:10:12.097946         [106:T5] 
[S3] 2025/11/27 16:10:12.097950         [107:T5] 
[S3] 2025/11/27 16:10:12.097955         [108:T5] 
[S3] 2025/11/27 16:10:12.097960         [109:T5] 
[S3] 2025/11/27 16:10:12.097965         [110:T5] 
[S3] 2025/11/27 16:10:12.097969         [111:T5] 
[S3] 2025/11/27 16:10:12.097974         [112:T5] 
[S3] 2025/11/27 16:10:12.097978         [113:T5] 
[S3] 2025/11/27 16:10:12.097982         [114:T5] 
[S3] 2025/11/27 16:10:12.097987         [115:T5] 
[S3] 2025/11/27 16:10:12.097991         [116:T5] 
[S3] 2025/11/27 16:10:12.097996         [117:T5] 
[S3] 2025/11/27 16:10:12.098001         [118:T5] 
[S3] 2025/11/27 16:10:12.098005         [119:T5] 
[S3] 2025/11/27 16:10:12.098010         [120:T5] 
[S3] 2025/11/27 16:10:12.098015         [121:T5] 
[S3] 2025/11/27 16:10:12.098019         [122:T5] 
[S3] 2025/11/27 16:10:12.098023         [123:T5] 
[S3] 2025/11/27 16:10:12.098027         [124:T5] 
[S3] 2025/11/27 16:10:12.098031         [125:T5] 
[S3] 2025/11/27 16:10:12.098036         [126:T5] 
[S3] 2025/11/27 16:10:12.098041         [127:T5] 
[S3] 2025/11/27 16:10:12.098045         [128:T5] 
[S3] 2025/11/27 16:10:12.098050         [129:T5] 
[S3] 2025/11/27 16:10:12.098054         [130:T5] 
[S3] 2025/11/27 16:10:12.098059         [131:T5] 
[S3] 2025/11/27 16:10:12.098063         [132:T5] 
[S3] 2025/11/27 16:10:12.098070         [133:T5] 
[S3] 2025/11/27 16:10:12.098074         [134:T5] 
[S3] 2025/11/27 16:10:12.098079         [135:T5] 
[S3] 2025/11/27 16:10:12.098084         [136:T5] 
[S3] 2025/11/27 16:10:12.098089         [137:T5] 
[S3] 2025/11/27 16:10:12.098094         [138:T5] 
[S3] 2025/11/27 16:10:12.098098         [139:T5] 
[S3] 2025/11/27 16:10:12.098103         [140:T5] 
[S3] 2025/11/27 16:10:12.098108         [141:T5] 
[S3] 2025/11/27 16:10:12.098117         [142:T5] 
[S3] 2025/11/27 16:10:12.098122         [143:T5] 
[S3] 2025/11/27 16:10:12.098127         [144:T5] 
[S3] 2025/11/27 16:10:12.098132         [145:T5] 
[S3] 2025/11/27 16:10:12.098137         [146:T5] 
[S3] 2025/11/27 16:10:12.098141         [147:T5] 
[S3] 2025/11/27 16:10:12.098146         [148:T5] 
[S3] 2025/11/27 16:10:12.098151         [149:T5] 
[S3] 2025/11/27 16:10:12.098156         [150:T5] 
[S3] 2025/11/27 16:10:12.098161         [151:T5] 
[S3] 2025/11/27 16:10:12.098166         [152:T5] 
[S3] 2025/11/27 16:10:12.098171         [153:T5] 
[S3] 2025/11/27 16:10:12.098176         [154:T5] 
[S3] 2025/11/27 16:10:12.098181         [155:T5] 
[S3] 2025/11/27 16:10:12.098185         [156:T5] 
[S3] 2025/11/27 16:10:12.098190         [157:T5] 
[S3] 2025/11/27 16:10:12.098194         [158:T5] 
[S3] 2025/11/27 16:10:12.098199         [159:T5] 
[S3] 2025/11/27 16:10:12.098203         [160:T5] 
[S3] 2025/11/27 16:10:12.098208         [161:T5] 
[S3] 2025/11/27 16:10:12.098212         [162:T5] 
[S3] 2025/11/27 16:10:12.098216         [163:T5] 
[S3] 2025/11/27 16:10:12.098221         [164:T5] 
[S3] 2025/11/27 16:10:12.098225         [165:T5] 
[S3] 2025/11/27 16:10:12.098230         [166:T5] 
[S3] 2025/11/27 16:10:12.098234         [167:T5] 
[S3] 2025/11/27 16:10:12.098239         [168:T5] 
[S3] 2025/11/27 16:10:12.098245         [169:T5] 
[S3] 2025/11/27 16:10:12.098249         [170:T5] 
[S3] 2025/11/27 16:10:12.098253         [171:T5] 
[S3] 2025/11/27 16:10:12.098258         [172:T5] 
[S3] 2025/11/27 16:10:12.098263         [173:T5] 
[S3] 2025/11/27 16:10:12.098267         [174:T5] 
[S3] 2025/11/27 16:10:12.098271         [175:T5] 
[S3] 2025/11/27 16:10:12.098275         [176:T5] 
[S3] 2025/11/27 16:10:12.098280         [177:T5] 
[S3] 2025/11/27 16:10:12.098285         [178:T5] 
[S3] 2025/11/27 16:10:12.098289         [179:T5] 
[S3] 2025/11/27 16:10:12.098293         [180:T5] 
[S3] 2025/11/27 16:10:12.098297         [181:T5] 
[S3] 2025/11/27 16:10:12.098302         [182:T5] 
[S3] 2025/11/27 16:10:12.098306         [183:T5] 
[S3] 2025/11/27 16:10:12.098310         [184:T5] 
[S3] 2025/11/27 16:10:12.098315         [185:T5] 
[S3] 2025/11/27 16:10:12.098319         [186:T5] 
[S3] 2025/11/27 16:10:12.098323         [187:T5] 
[S3] 2025/11/27 16:10:12.098327         [188:T5] 
[S3] 2025/11/27 16:10:12.098332         [189:T5] 
[S3] 2025/11/27 16:10:12.098337         [190:T5] 
[S3] 2025/11/27 16:10:12.098342         [191:T5] 
[S3] 2025/11/27 16:10:12.098346         [192:T5] 
[S3] 2025/11/27 16:10:12.098351         [193:T5] 
[S3] 2025/11/27 16:10:12.098356         [194:T5] 
[S3] 2025/11/27 16:10:12.098361         [195:T5] 
[S3] 2025/11/27 16:10:12.098365         [196:T5] 
[S3] 2025/11/27 16:10:12.098370         [197:T5] 
[S3] 2025/11/27 16:10:12.098375         [198:T5] 
[S3] 2025/11/27 16:10:12.098379         [199:T5] 
[S3] 2025/11/27 16:10:12.098384         [200:T5] 
[S3] 2025/11/27 16:10:12.098389         [201:T5] 
[S3] 2025/11/27 16:10:12.098394         [202:T5] 
[S3] 2025/11/27 16:10:12.098398         [203:T5] 
[S3] 2025/11/27 16:10:12.098403         [204:T5] 
[S3] 2025/11/27 16:10:12.098407         [205:T5] 
[S3] 2025/11/27 16:10:12.098412         [206:T5] 
[S3] 2025/11/27 16:10:12.098416         [207:T5] 
[S3] 2025/11/27 16:10:12.098421         [208:T5] 
[S3] 2025/11/27 16:10:12.098425         [209:T5] 
[S3] 2025/11/27 16:10:12.098430         [210:T5] 
[S3] 2025/11/27 16:10:12.098435         [211:T5] 
[S3] 2025/11/27 16:10:12.098439         [212:T5] 
[S3] 2025/11/27 16:10:12.098443         [213:T5] 
[S3] 2025/11/27 16:10:12.098448         [214:T5] 
[S3] 2025/11/27 16:10:12.098452         [215:T5] 
[S3] 2025/11/27 16:10:12.098457         [216:T5] 
[S3] 2025/11/27 16:10:12.098462         [217:T5] 
[S3] 2025/11/27 16:10:12.098467         [218:T5] 
[S3] 2025/11/27 16:10:12.098471         [219:T5] 
[S3] 2025/11/27 16:10:12.098476         [220:T5] 
[S3] 2025/11/27 16:10:12.098481         [221:T5] 
[S3] 2025/11/27 16:10:12.098486         [222:T5] 
[S3] 2025/11/27 16:10:12.098490         [223:T5] 
[S3] 2025/11/27 16:10:12.098494 
[S3] 2025/11/27 16:10:12.098499 ---------------------------------------------------
[S3] 2025/11/27 16:10:12.208016 
[At the start of AppendEntries] 🗂 S3 | Term=11 | Role=Follower | CommitIndex=217 | LastApplied=217
[S3] 2025/11/27 16:10:12.208062      📜 Log: 
[S3] 2025/11/27 16:10:12.208089         [0:T0] 
[S3] 2025/11/27 16:10:12.208114         [1:T1] 
[S3] 2025/11/27 16:10:12.208130         [2:T1] 
[S3] 2025/11/27 16:10:12.208149         [3:T1] 
[S3] 2025/11/27 16:10:12.208165         [4:T1] 
[S3] 2025/11/27 16:10:12.208182         [5:T1] 
[S3] 2025/11/27 16:10:12.208199         [6:T1] 
[S3] 2025/11/27 16:10:12.208214         [7:T1] 
[S3] 2025/11/27 16:10:12.208229         [8:T1] 
[S3] 2025/11/27 16:10:12.208244         [9:T1] 
[S3] 2025/11/27 16:10:12.208263         [10:T1] 
[S3] 2025/11/27 16:10:12.208282         [11:T1] 
[S3] 2025/11/27 16:10:12.208300         [12:T1] 
[S3] 2025/11/27 16:10:12.208316         [13:T1] 
[S3] 2025/11/27 16:10:12.208332         [14:T1] 
[S3] 2025/11/27 16:10:12.208352         [15:T1] 
[S3] 2025/11/27 16:10:12.208367         [16:T1] 
[S3] 2025/11/27 16:10:12.208382         [17:T1] 
[S3] 2025/11/27 16:10:12.208400         [18:T1] 
[S3] 2025/11/27 16:10:12.208414         [19:T1] 
[S3] 2025/11/27 16:10:12.208428         [20:T1] 
[S3] 2025/11/27 16:10:12.208445         [21:T1] 
[S3] 2025/11/27 16:10:12.208466         [22:T1] 
[S3] 2025/11/27 16:10:12.208482         [23:T1] 
[S3] 2025/11/27 16:10:12.208498         [24:T1] 
[S3] 2025/11/27 16:10:12.208514         [25:T1] 
[S3] 2025/11/27 16:10:12.208529         [26:T1] 
[S3] 2025/11/27 16:10:12.208542         [27:T1] 
[S3] 2025/11/27 16:10:12.208560         [28:T1] 
[S3] 2025/11/27 16:10:12.208576         [29:T1] 
[S3] 2025/11/27 16:10:12.208590         [30:T1] 
[S3] 2025/11/27 16:10:12.208603         [31:T1] 
[S3] 2025/11/27 16:10:12.208619         [32:T1] 
[S3] 2025/11/27 16:10:12.208636         [33:T1] 
[S3] 2025/11/27 16:10:12.208652         [34:T1] 
[S3] 2025/11/27 16:10:12.208666         [35:T1] 
[S3] 2025/11/27 16:10:12.208680         [36:T1] 
[S3] 2025/11/27 16:10:12.208695         [37:T1] 
[S3] 2025/11/27 16:10:12.208709         [38:T1] 
[S3] 2025/11/27 16:10:12.208722         [39:T1] 
[S3] 2025/11/27 16:10:12.208736         [40:T1] 
[S3] 2025/11/27 16:10:12.208750         [41:T1] 
[S3] 2025/11/27 16:10:12.208763         [42:T1] 
[S3] 2025/11/27 16:10:12.208778         [43:T1] 
[S3] 2025/11/27 16:10:12.208792         [44:T1] 
[S3] 2025/11/27 16:10:12.208805         [45:T1] 
[S3] 2025/11/27 16:10:12.208818         [46:T1] 
[S3] 2025/11/27 16:10:12.208832         [47:T1] 
[S3] 2025/11/27 16:10:12.208845         [48:T1] 
[S3] 2025/11/27 16:10:12.208862         [49:T1] 
[S3] 2025/11/27 16:10:12.208876         [50:T1] 
[S3] 2025/11/27 16:10:12.208891         [51:T1] 
[S3] 2025/11/27 16:10:12.208905         [52:T1] 
[S3] 2025/11/27 16:10:12.208919         [53:T1] 
[S3] 2025/11/27 16:10:12.208933         [54:T1] 
[S3] 2025/11/27 16:10:12.208949         [55:T1] 
[S3] 2025/11/27 16:10:12.208964         [56:T1] 
[S3] 2025/11/27 16:10:12.208977         [57:T1] 
[S3] 2025/11/27 16:10:12.208994         [58:T1] 
[S3] 2025/11/27 16:10:12.209006         [59:T1] 
[S3] 2025/11/27 16:10:12.209021         [60:T1] 
[S3] 2025/11/27 16:10:12.209036         [61:T1] 
[S3] 2025/11/27 16:10:12.209051         [62:T1] 
[S3] 2025/11/27 16:10:12.209064         [63:T1] 
[S3] 2025/11/27 16:10:12.209087         [64:T1] 
[S3] 2025/11/27 16:10:12.209103         [65:T1] 
[S3] 2025/11/27 16:10:12.209117         [66:T1] 
[S3] 2025/11/27 16:10:12.209130         [67:T1] 
[S3] 2025/11/27 16:10:12.209146         [68:T1] 
[S3] 2025/11/27 16:10:12.209159         [69:T1] 
[S3] 2025/11/27 16:10:12.209174         [70:T1] 
[S3] 2025/11/27 16:10:12.209188         [71:T1] 
[S3] 2025/11/27 16:10:12.209204         [72:T1] 
[S3] 2025/11/27 16:10:12.209217         [73:T1] 
[S3] 2025/11/27 16:10:12.209233         [74:T1] 
[S3] 2025/11/27 16:10:12.209248         [75:T1] 
[S3] 2025/11/27 16:10:12.209261         [76:T1] 
[S3] 2025/11/27 16:10:12.209276         [77:T1] 
[S3] 2025/11/27 16:10:12.209290         [78:T1] 
[S3] 2025/11/27 16:10:12.209307         [79:T1] 
[S3] 2025/11/27 16:10:12.209322         [80:T1] 
[S3] 2025/11/27 16:10:12.209338         [81:T1] 
[S3] 2025/11/27 16:10:12.209351         [82:T1] 
[S3] 2025/11/27 16:10:12.209364         [83:T1] 
[S3] 2025/11/27 16:10:12.209379         [84:T1] 
[S3] 2025/11/27 16:10:12.209392         [85:T1] 
[S3] 2025/11/27 16:10:12.209409         [86:T1] 
[S3] 2025/11/27 16:10:12.209424         [87:T1] 
[S3] 2025/11/27 16:10:12.209439         [88:T1] 
[S3] 2025/11/27 16:10:12.209453         [89:T1] 
[S3] 2025/11/27 16:10:12.209468         [90:T1] 
[S3] 2025/11/27 16:10:12.209480         [91:T1] 
[S3] 2025/11/27 16:10:12.209497         [92:T1] 
[S3] 2025/11/27 16:10:12.209510         [93:T1] 
[S3] 2025/11/27 16:10:12.209524         [94:T1] 
[S3] 2025/11/27 16:10:12.209538         [95:T1] 
[S3] 2025/11/27 16:10:12.209552         [96:T1] 
[S3] 2025/11/27 16:10:12.209567         [97:T1] 
[S3] 2025/11/27 16:10:12.209580         [98:T1] 
[S3] 2025/11/27 16:10:12.209593         [99:T1] 
[S3] 2025/11/27 16:10:12.209607         [100:T1] 
[S3] 2025/11/27 16:10:12.209621         [101:T1] 
[S3] 2025/11/27 16:10:12.209625         [102:T5] 
[S3] 2025/11/27 16:10:12.209631         [103:T5] 
[S3] 2025/11/27 16:10:12.209636         [104:T5] 
[S3] 2025/11/27 16:10:12.209643         [105:T5] 
[S3] 2025/11/27 16:10:12.209648         [106:T5] 
[S3] 2025/11/27 16:10:12.209653         [107:T5] 
[S3] 2025/11/27 16:10:12.209658         [108:T5] 
[S3] 2025/11/27 16:10:12.209663         [109:T5] 
[S3] 2025/11/27 16:10:12.209669         [110:T5] 
[S3] 2025/11/27 16:10:12.209673         [111:T5] 
[S3] 2025/11/27 16:10:12.209679         [112:T5] 
[S3] 2025/11/27 16:10:12.209683         [113:T5] 
[S3] 2025/11/27 16:10:12.209688         [114:T5] 
[S3] 2025/11/27 16:10:12.209694         [115:T5] 
[S3] 2025/11/27 16:10:12.209699         [116:T5] 
[S3] 2025/11/27 16:10:12.209703         [117:T5] 
[S3] 2025/11/27 16:10:12.209709         [118:T5] 
[S3] 2025/11/27 16:10:12.209714         [119:T5] 
[S3] 2025/11/27 16:10:12.209718         [120:T5] 
[S3] 2025/11/27 16:10:12.209724         [121:T5] 
[S3] 2025/11/27 16:10:12.209729         [122:T5] 
[S3] 2025/11/27 16:10:12.209734         [123:T5] 
[S3] 2025/11/27 16:10:12.209739         [124:T5] 
[S3] 2025/11/27 16:10:12.209743         [125:T5] 
[S3] 2025/11/27 16:10:12.209748         [126:T5] 
[S3] 2025/11/27 16:10:12.209753         [127:T5] 
[S3] 2025/11/27 16:10:12.209758         [128:T5] 
[S3] 2025/11/27 16:10:12.209763         [129:T5] 
[S3] 2025/11/27 16:10:12.209768         [130:T5] 
[S3] 2025/11/27 16:10:12.209773         [131:T5] 
[S3] 2025/11/27 16:10:12.209779         [132:T5] 
[S3] 2025/11/27 16:10:12.209784         [133:T5] 
[S3] 2025/11/27 16:10:12.209789         [134:T5] 
[S3] 2025/11/27 16:10:12.209794         [135:T5] 
[S3] 2025/11/27 16:10:12.209799         [136:T5] 
[S3] 2025/11/27 16:10:12.209803         [137:T5] 
[S3] 2025/11/27 16:10:12.209809         [138:T5] 
[S3] 2025/11/27 16:10:12.209813         [139:T5] 
[S3] 2025/11/27 16:10:12.209819         [140:T5] 
[S3] 2025/11/27 16:10:12.209824         [141:T5] 
[S3] 2025/11/27 16:10:12.209828         [142:T5] 
[S3] 2025/11/27 16:10:12.209834         [143:T5] 
[S3] 2025/11/27 16:10:12.209839         [144:T5] 
[S3] 2025/11/27 16:10:12.209844         [145:T5] 
[S3] 2025/11/27 16:10:12.209849         [146:T5] 
[S3] 2025/11/27 16:10:12.209854         [147:T5] 
[S3] 2025/11/27 16:10:12.209859         [148:T5] 
[S3] 2025/11/27 16:10:12.209863         [149:T5] 
[S3] 2025/11/27 16:10:12.209869         [150:T5] 
[S3] 2025/11/27 16:10:12.209873         [151:T5] 
[S3] 2025/11/27 16:10:12.209878         [152:T5] 
[S3] 2025/11/27 16:10:12.209883         [153:T5] 
[S3] 2025/11/27 16:10:12.209887         [154:T5] 
[S3] 2025/11/27 16:10:12.209892         [155:T5] 
[S3] 2025/11/27 16:10:12.209897         [156:T5] 
[S3] 2025/11/27 16:10:12.209901         [157:T5] 
[S3] 2025/11/27 16:10:12.209906         [158:T5] 
[S3] 2025/11/27 16:10:12.209911         [159:T5] 
[S3] 2025/11/27 16:10:12.209916         [160:T5] 
[S3] 2025/11/27 16:10:12.209921         [161:T5] 
[S3] 2025/11/27 16:10:12.209926         [162:T5] 
[S3] 2025/11/27 16:10:12.209931         [163:T5] 
[S3] 2025/11/27 16:10:12.209936         [164:T5] 
[S3] 2025/11/27 16:10:12.209940         [165:T5] 
[S3] 2025/11/27 16:10:12.209945         [166:T5] 
[S3] 2025/11/27 16:10:12.209950         [167:T5] 
[S3] 2025/11/27 16:10:12.209954         [168:T5] 
[S3] 2025/11/27 16:10:12.209959         [169:T5] 
[S3] 2025/11/27 16:10:12.209963         [170:T5] 
[S3] 2025/11/27 16:10:12.209967         [171:T5] 
[S3] 2025/11/27 16:10:12.209972         [172:T5] 
[S3] 2025/11/27 16:10:12.209977         [173:T5] 
[S3] 2025/11/27 16:10:12.209982         [174:T5] 
[S3] 2025/11/27 16:10:12.209987         [175:T5] 
[S3] 2025/11/27 16:10:12.209991         [176:T5] 
[S3] 2025/11/27 16:10:12.209996         [177:T5] 
[S3] 2025/11/27 16:10:12.210000         [178:T5] 
[S3] 2025/11/27 16:10:12.210005         [179:T5] 
[S3] 2025/11/27 16:10:12.210009         [180:T5] 
[S3] 2025/11/27 16:10:12.210014         [181:T5] 
[S3] 2025/11/27 16:10:12.210018         [182:T5] 
[S3] 2025/11/27 16:10:12.210023         [183:T5] 
[S3] 2025/11/27 16:10:12.210027         [184:T5] 
[S3] 2025/11/27 16:10:12.210032         [185:T5] 
[S3] 2025/11/27 16:10:12.210036         [186:T5] 
[S3] 2025/11/27 16:10:12.210044         [187:T5] 
[S3] 2025/11/27 16:10:12.210048         [188:T5] 
[S3] 2025/11/27 16:10:12.210053         [189:T5] 
[S3] 2025/11/27 16:10:12.210058         [190:T5] 
[S3] 2025/11/27 16:10:12.210063         [191:T5] 
[S3] 2025/11/27 16:10:12.210070         [192:T5] 
[S3] 2025/11/27 16:10:12.210075         [193:T5] 
[S3] 2025/11/27 16:10:12.210080         [194:T5] 
[S3] 2025/11/27 16:10:12.210084         [195:T5] 
[S3] 2025/11/27 16:10:12.210089         [196:T5] 
[S3] 2025/11/27 16:10:12.210094         [197:T5] 
[S3] 2025/11/27 16:10:12.210099         [198:T5] 
[S3] 2025/11/27 16:10:12.210103         [199:T5] 
[S3] 2025/11/27 16:10:12.210108         [200:T5] 
[S3] 2025/11/27 16:10:12.210113         [201:T5] 
[S3] 2025/11/27 16:10:12.210117         [202:T5] 
[S3] 2025/11/27 16:10:12.210121         [203:T5] 
[S3] 2025/11/27 16:10:12.210125         [204:T5] 
[S3] 2025/11/27 16:10:12.210130         [205:T5] 
[S3] 2025/11/27 16:10:12.210135         [206:T5] 
[S3] 2025/11/27 16:10:12.210139         [207:T5] 
[S3] 2025/11/27 16:10:12.210143         [208:T5] 
[S3] 2025/11/27 16:10:12.210148         [209:T5] 
[S3] 2025/11/27 16:10:12.210153         [210:T5] 
[S3] 2025/11/27 16:10:12.210157         [211:T5] 
[S3] 2025/11/27 16:10:12.210161         [212:T5] 
[S3] 2025/11/27 16:10:12.210166         [213:T5] 
[S3] 2025/11/27 16:10:12.210171         [214:T5] 
[S3] 2025/11/27 16:10:12.210175         [215:T5] 
[S3] 2025/11/27 16:10:12.210180         [216:T5] 
[S3] 2025/11/27 16:10:12.210185         [217:T5] 
[S3] 2025/11/27 16:10:12.210189         [218:T5] 
[S3] 2025/11/27 16:10:12.210194         [219:T5] 
[S3] 2025/11/27 16:10:12.210199         [220:T5] 
[S3] 2025/11/27 16:10:12.210204         [221:T5] 
[S3] 2025/11/27 16:10:12.210208         [222:T5] 
[S3] 2025/11/27 16:10:12.210213         [223:T5] 
[S3] 2025/11/27 16:10:12.210217 
[S3] 2025/11/27 16:10:12.210221 ---------------------------------------------------
[S3] 2025/11/27 16:10:12.211080 
[At the end of AppendEntries] 🗂 S3 | Term=11 | Role=Follower | CommitIndex=217 | LastApplied=217
[S3] 2025/11/27 16:10:12.211093      📜 Log: 
[S3] 2025/11/27 16:10:12.211099         [0:T0] 
[S3] 2025/11/27 16:10:12.211106         [1:T1] 
[S3] 2025/11/27 16:10:12.211111         [2:T1] 
[S3] 2025/11/27 16:10:12.211117         [3:T1] 
[S3] 2025/11/27 16:10:12.211123         [4:T1] 
[S3] 2025/11/27 16:10:12.211128         [5:T1] 
[S3] 2025/11/27 16:10:12.211133         [6:T1] 
[S3] 2025/11/27 16:10:12.211138         [7:T1] 
[S3] 2025/11/27 16:10:12.211143         [8:T1] 
[S3] 2025/11/27 16:10:12.211148         [9:T1] 
[S3] 2025/11/27 16:10:12.211153         [10:T1] 
[S3] 2025/11/27 16:10:12.211159         [11:T1] 
[S3] 2025/11/27 16:10:12.211164         [12:T1] 
[S3] 2025/11/27 16:10:12.211169         [13:T1] 
[S3] 2025/11/27 16:10:12.211174         [14:T1] 
[S3] 2025/11/27 16:10:12.211179         [15:T1] 
[S3] 2025/11/27 16:10:12.211183         [16:T1] 
[S3] 2025/11/27 16:10:12.211188         [17:T1] 
[S3] 2025/11/27 16:10:12.211193         [18:T1] 
[S3] 2025/11/27 16:10:12.211197         [19:T1] 
[S3] 2025/11/27 16:10:12.211203         [20:T1] 
[S3] 2025/11/27 16:10:12.211209         [21:T1] 
[S3] 2025/11/27 16:10:12.211213         [22:T1] 
[S3] 2025/11/27 16:10:12.211217         [23:T1] 
[S3] 2025/11/27 16:10:12.211222         [24:T1] 
[S3] 2025/11/27 16:10:12.211227         [25:T1] 
[S3] 2025/11/27 16:10:12.211231         [26:T1] 
[S3] 2025/11/27 16:10:12.211236         [27:T1] 
[S3] 2025/11/27 16:10:12.211241         [28:T1] 
[S3] 2025/11/27 16:10:12.211245         [29:T1] 
[S3] 2025/11/27 16:10:12.211250         [30:T1] 
[S3] 2025/11/27 16:10:12.211255         [31:T1] 
[S3] 2025/11/27 16:10:12.211260         [32:T1] 
[S3] 2025/11/27 16:10:12.211264         [33:T1] 
[S3] 2025/11/27 16:10:12.211269         [34:T1] 
[S3] 2025/11/27 16:10:12.211274         [35:T1] 
[S3] 2025/11/27 16:10:12.211278         [36:T1] 
[S3] 2025/11/27 16:10:12.211283         [37:T1] 
[S3] 2025/11/27 16:10:12.211289         [38:T1] 
[S3] 2025/11/27 16:10:12.211293         [39:T1] 
[S3] 2025/11/27 16:10:12.211299         [40:T1] 
[S3] 2025/11/27 16:10:12.211304         [41:T1] 
[S3] 2025/11/27 16:10:12.211309         [42:T1] 
[S3] 2025/11/27 16:10:12.211314         [43:T1] 
[S3] 2025/11/27 16:10:12.211319         [44:T1] 
[S3] 2025/11/27 16:10:12.211324         [45:T1] 
[S3] 2025/11/27 16:10:12.211329         [46:T1] 
[S3] 2025/11/27 16:10:12.211333         [47:T1] 
[S3] 2025/11/27 16:10:12.211338         [48:T1] 
[S3] 2025/11/27 16:10:12.211343         [49:T1] 
[S3] 2025/11/27 16:10:12.211348         [50:T1] 
[S3] 2025/11/27 16:10:12.211352         [51:T1] 
[S3] 2025/11/27 16:10:12.211357         [52:T1] 
[S3] 2025/11/27 16:10:12.211362         [53:T1] 
[S3] 2025/11/27 16:10:12.211366         [54:T1] 
[S3] 2025/11/27 16:10:12.211371         [55:T1] 
[S3] 2025/11/27 16:10:12.211375         [56:T1] 
[S3] 2025/11/27 16:10:12.211380         [57:T1] 
[S3] 2025/11/27 16:10:12.211385         [58:T1] 
[S3] 2025/11/27 16:10:12.211390         [59:T1] 
[S3] 2025/11/27 16:10:12.211394         [60:T1] 
[S3] 2025/11/27 16:10:12.211400         [61:T1] 
[S3] 2025/11/27 16:10:12.211404         [62:T1] 
[S3] 2025/11/27 16:10:12.211409         [63:T1] 
[S3] 2025/11/27 16:10:12.211414         [64:T1] 
[S3] 2025/11/27 16:10:12.211418         [65:T1] 
[S3] 2025/11/27 16:10:12.211423         [66:T1] 
[S3] 2025/11/27 16:10:12.211427         [67:T1] 
[S3] 2025/11/27 16:10:12.211432         [68:T1] 
[S3] 2025/11/27 16:10:12.211437         [69:T1] 
[S3] 2025/11/27 16:10:12.211442         [70:T1] 
[S3] 2025/11/27 16:10:12.211446         [71:T1] 
[S3] 2025/11/27 16:10:12.211451         [72:T1] 
[S3] 2025/11/27 16:10:12.211456         [73:T1] 
[S3] 2025/11/27 16:10:12.211460         [74:T1] 
[S3] 2025/11/27 16:10:12.211465         [75:T1] 
[S3] 2025/11/27 16:10:12.211469         [76:T1] 
[S3] 2025/11/27 16:10:12.211474         [77:T1] 
[S3] 2025/11/27 16:10:12.211479         [78:T1] 
[S3] 2025/11/27 16:10:12.211483         [79:T1] 
[S3] 2025/11/27 16:10:12.211488         [80:T1] 
[S3] 2025/11/27 16:10:12.211492         [81:T1] 
[S3] 2025/11/27 16:10:12.211497         [82:T1] 
[S3] 2025/11/27 16:10:12.211501         [83:T1] 
[S3] 2025/11/27 16:10:12.211506         [84:T1] 
[S3] 2025/11/27 16:10:12.211510         [85:T1] 
[S3] 2025/11/27 16:10:12.211514         [86:T1] 
[S3] 2025/11/27 16:10:12.211518         [87:T1] 
[S3] 2025/11/27 16:10:12.211523         [88:T1] 
[S3] 2025/11/27 16:10:12.211528         [89:T1] 
[S3] 2025/11/27 16:10:12.211532         [90:T1] 
[S3] 2025/11/27 16:10:12.211537         [91:T1] 
[S3] 2025/11/27 16:10:12.211542         [92:T1] 
[S3] 2025/11/27 16:10:12.211546         [93:T1] 
[S3] 2025/11/27 16:10:12.211550         [94:T1] 
[S3] 2025/11/27 16:10:12.211556         [95:T1] 
[S3] 2025/11/27 16:10:12.211560         [96:T1] 
[S3] 2025/11/27 16:10:12.211566         [97:T1] 
[S3] 2025/11/27 16:10:12.211570         [98:T1] 
[S3] 2025/11/27 16:10:12.211575         [99:T1] 
[S3] 2025/11/27 16:10:12.211580         [100:T1] 
[S3] 2025/11/27 16:10:12.211586         [101:T1] 
[S3] 2025/11/27 16:10:12.211590         [102:T5] 
[S3] 2025/11/27 16:10:12.211596         [103:T5] 
[S3] 2025/11/27 16:10:12.211600         [104:T5] 
[S3] 2025/11/27 16:10:12.211605         [105:T5] 
[S3] 2025/11/27 16:10:12.211610         [106:T5] 
[S3] 2025/11/27 16:10:12.211614         [107:T5] 
[S3] 2025/11/27 16:10:12.211619         [108:T5] 
[S3] 2025/11/27 16:10:12.211624         [109:T5] 
[S3] 2025/11/27 16:10:12.211629         [110:T5] 
[S3] 2025/11/27 16:10:12.211634         [111:T5] 
[S3] 2025/11/27 16:10:12.211640         [112:T5] 
[S3] 2025/11/27 16:10:12.211644         [113:T5] 
[S3] 2025/11/27 16:10:12.211648         [114:T5] 
[S3] 2025/11/27 16:10:12.211653         [115:T5] 
[S3] 2025/11/27 16:10:12.211658         [116:T5] 
[S3] 2025/11/27 16:10:12.211662         [117:T5] 
[S3] 2025/11/27 16:10:12.211667         [118:T5] 
[S3] 2025/11/27 16:10:12.211672         [119:T5] 
[S3] 2025/11/27 16:10:12.211676         [120:T5] 
[S3] 2025/11/27 16:10:12.211681         [121:T5] 
[S3] 2025/11/27 16:10:12.211686         [122:T5] 
[S3] 2025/11/27 16:10:12.211692         [123:T5] 
[S3] 2025/11/27 16:10:12.211697         [124:T5] 
[S3] 2025/11/27 16:10:12.211701         [125:T5] 
[S3] 2025/11/27 16:10:12.211705         [126:T5] 
[S3] 2025/11/27 16:10:12.211710         [127:T5] 
[S3] 2025/11/27 16:10:12.211715         [128:T5] 
[S3] 2025/11/27 16:10:12.211720         [129:T5] 
[S3] 2025/11/27 16:10:12.211724         [130:T5] 
[S3] 2025/11/27 16:10:12.211729         [131:T5] 
[S3] 2025/11/27 16:10:12.211733         [132:T5] 
[S3] 2025/11/27 16:10:12.211738         [133:T5] 
[S3] 2025/11/27 16:10:12.211743         [134:T5] 
[S3] 2025/11/27 16:10:12.211749         [135:T5] 
[S3] 2025/11/27 16:10:12.211753         [136:T5] 
[S3] 2025/11/27 16:10:12.211758         [137:T5] 
[S3] 2025/11/27 16:10:12.211764         [138:T5] 
[S3] 2025/11/27 16:10:12.211768         [139:T5] 
[S3] 2025/11/27 16:10:12.211773         [140:T5] 
[S3] 2025/11/27 16:10:12.211777         [141:T5] 
[S3] 2025/11/27 16:10:12.211782         [142:T5] 
[S3] 2025/11/27 16:10:12.211786         [143:T5] 
[S3] 2025/11/27 16:10:12.211791         [144:T5] 
[S3] 2025/11/27 16:10:12.211795         [145:T5] 
[S3] 2025/11/27 16:10:12.211800         [146:T5] 
[S3] 2025/11/27 16:10:12.211805         [147:T5] 
[S3] 2025/11/27 16:10:12.211809         [148:T5] 
[S3] 2025/11/27 16:10:12.211815         [149:T5] 
[S3] 2025/11/27 16:10:12.211820         [150:T5] 
[S3] 2025/11/27 16:10:12.211824         [151:T5] 
[S3] 2025/11/27 16:10:12.211828         [152:T5] 
[S3] 2025/11/27 16:10:12.211833         [153:T5] 
[S3] 2025/11/27 16:10:12.211837         [154:T5] 
[S3] 2025/11/27 16:10:12.211842         [155:T5] 
[S3] 2025/11/27 16:10:12.211846         [156:T5] 
[S3] 2025/11/27 16:10:12.211851         [157:T5] 
[S3] 2025/11/27 16:10:12.211856         [158:T5] 
[S3] 2025/11/27 16:10:12.211862         [159:T5] 
[S3] 2025/11/27 16:10:12.211866         [160:T5] 
[S3] 2025/11/27 16:10:12.211871         [161:T5] 
[S3] 2025/11/27 16:10:12.211875         [162:T5] 
[S3] 2025/11/27 16:10:12.211880         [163:T5] 
[S3] 2025/11/27 16:10:12.211885         [164:T5] 
[S3] 2025/11/27 16:10:12.211889         [165:T5] 
[S3] 2025/11/27 16:10:12.211893         [166:T5] 
[S3] 2025/11/27 16:10:12.211898         [167:T5] 
[S3] 2025/11/27 16:10:12.211902         [168:T5] 
[S3] 2025/11/27 16:10:12.211907         [169:T5] 
[S3] 2025/11/27 16:10:12.211912         [170:T5] 
[S3] 2025/11/27 16:10:12.211917         [171:T5] 
[S3] 2025/11/27 16:10:12.211922         [172:T5] 
[S3] 2025/11/27 16:10:12.211927         [173:T5] 
[S3] 2025/11/27 16:10:12.211931         [174:T5] 
[S3] 2025/11/27 16:10:12.211935         [175:T5] 
[S3] 2025/11/27 16:10:12.211940         [176:T5] 
[S3] 2025/11/27 16:10:12.211945         [177:T5] 
[S3] 2025/11/27 16:10:12.211949         [178:T5] 
[S3] 2025/11/27 16:10:12.211953         [179:T5] 
[S3] 2025/11/27 16:10:12.211958         [180:T5] 
[S3] 2025/11/27 16:10:12.211963         [181:T5] 
[S3] 2025/11/27 16:10:12.211967         [182:T5] 
[S3] 2025/11/27 16:10:12.211971         [183:T5] 
[S3] 2025/11/27 16:10:12.211977         [184:T5] 
[S3] 2025/11/27 16:10:12.211981         [185:T5] 
[S3] 2025/11/27 16:10:12.211985         [186:T5] 
[S3] 2025/11/27 16:10:12.211991         [187:T5] 
[S3] 2025/11/27 16:10:12.211995         [188:T5] 
[S3] 2025/11/27 16:10:12.211999         [189:T5] 
[S3] 2025/11/27 16:10:12.212004         [190:T5] 
[S3] 2025/11/27 16:10:12.212008         [191:T5] 
[S3] 2025/11/27 16:10:12.212013         [192:T5] 
[S3] 2025/11/27 16:10:12.212018         [193:T5] 
[S3] 2025/11/27 16:10:12.212022         [194:T5] 
[S3] 2025/11/27 16:10:12.212027         [195:T5] 
[S3] 2025/11/27 16:10:12.212031         [196:T5] 
[S3] 2025/11/27 16:10:12.212035         [197:T5] 
[S3] 2025/11/27 16:10:12.212040         [198:T5] 
[S3] 2025/11/27 16:10:12.212045         [199:T5] 
[S3] 2025/11/27 16:10:12.212049         [200:T5] 
[S3] 2025/11/27 16:10:12.212054         [201:T5] 
[S3] 2025/11/27 16:10:12.212059         [202:T5] 
[S3] 2025/11/27 16:10:12.212064         [203:T5] 
[S3] 2025/11/27 16:10:12.212070         [204:T5] 
[S3] 2025/11/27 16:10:12.212077         [205:T5] 
[S3] 2025/11/27 16:10:12.212082         [206:T5] 
[S3] 2025/11/27 16:10:12.212086         [207:T5] 
[S3] 2025/11/27 16:10:12.212090         [208:T5] 
[S3] 2025/11/27 16:10:12.212095         [209:T5] 
[S3] 2025/11/27 16:10:12.212099         [210:T5] 
[S3] 2025/11/27 16:10:12.212104         [211:T5] 
[S3] 2025/11/27 16:10:12.212109         [212:T5] 
[S3] 2025/11/27 16:10:12.212114         [213:T5] 
[S3] 2025/11/27 16:10:12.212119         [214:T5] 
[S3] 2025/11/27 16:10:12.212124         [215:T5] 
[S3] 2025/11/27 16:10:12.212128         [216:T5] 
[S3] 2025/11/27 16:10:12.212133         [217:T5] 
[S3] 2025/11/27 16:10:12.212138         [218:T5] 
[S3] 2025/11/27 16:10:12.212142         [219:T5] 
[S3] 2025/11/27 16:10:12.212147         [220:T5] 
[S3] 2025/11/27 16:10:12.212152         [221:T5] 
[S3] 2025/11/27 16:10:12.212156         [222:T5] 
[S3] 2025/11/27 16:10:12.212161         [223:T5] 
[S3] 2025/11/27 16:10:12.212165         [224:T11] 
[S3] 2025/11/27 16:10:12.212171 
[S3] 2025/11/27 16:10:12.212175 ---------------------------------------------------
[S3] 2025/11/27 16:10:12.328777 
[At the start of AppendEntries] 🗂 S3 | Term=11 | Role=Follower | CommitIndex=217 | LastApplied=217
[S3] 2025/11/27 16:10:12.328812      📜 Log: 
[S3] 2025/11/27 16:10:12.328832         [0:T0] 
[S3] 2025/11/27 16:10:12.328849         [1:T1] 
[S3] 2025/11/27 16:10:12.328866         [2:T1] 
[S3] 2025/11/27 16:10:12.328881         [3:T1] 
[S3] 2025/11/27 16:10:12.328897         [4:T1] 
[S3] 2025/11/27 16:10:12.328911         [5:T1] 
[S3] 2025/11/27 16:10:12.328926         [6:T1] 
[S3] 2025/11/27 16:10:12.328941         [7:T1] 
[S3] 2025/11/27 16:10:12.328956         [8:T1] 
[S3] 2025/11/27 16:10:12.328970         [9:T1] 
[S3] 2025/11/27 16:10:12.328985         [10:T1] 
[S3] 2025/11/27 16:10:12.328998         [11:T1] 
[S3] 2025/11/27 16:10:12.329013         [12:T1] 
[S3] 2025/11/27 16:10:12.329027         [13:T1] 
[S3] 2025/11/27 16:10:12.329041         [14:T1] 
[S3] 2025/11/27 16:10:12.329054         [15:T1] 
[S3] 2025/11/27 16:10:12.329074         [16:T1] 
[S3] 2025/11/27 16:10:12.329091         [17:T1] 
[S3] 2025/11/27 16:10:12.329106         [18:T1] 
[S3] 2025/11/27 16:10:12.329120         [19:T1] 
[S3] 2025/11/27 16:10:12.329134         [20:T1] 
[S3] 2025/11/27 16:10:12.329148         [21:T1] 
[S3] 2025/11/27 16:10:12.329164         [22:T1] 
[S3] 2025/11/27 16:10:12.329178         [23:T1] 
[S3] 2025/11/27 16:10:12.329193         [24:T1] 
[S3] 2025/11/27 16:10:12.329206         [25:T1] 
[S3] 2025/11/27 16:10:12.329220         [26:T1] 
[S3] 2025/11/27 16:10:12.329234         [27:T1] 
[S3] 2025/11/27 16:10:12.329248         [28:T1] 
[S3] 2025/11/27 16:10:12.329262         [29:T1] 
[S3] 2025/11/27 16:10:12.329275         [30:T1] 
[S3] 2025/11/27 16:10:12.329288         [31:T1] 
[S3] 2025/11/27 16:10:12.329302         [32:T1] 
[S3] 2025/11/27 16:10:12.329315         [33:T1] 
[S3] 2025/11/27 16:10:12.329330         [34:T1] 
[S3] 2025/11/27 16:10:12.329342         [35:T1] 
[S3] 2025/11/27 16:10:12.329354         [36:T1] 
[S3] 2025/11/27 16:10:12.329365         [37:T1] 
[S3] 2025/11/27 16:10:12.329377         [38:T1] 
[S3] 2025/11/27 16:10:12.329389         [39:T1] 
[S3] 2025/11/27 16:10:12.329401         [40:T1] 
[S3] 2025/11/27 16:10:12.329411         [41:T1] 
[S3] 2025/11/27 16:10:12.329423         [42:T1] 
[S3] 2025/11/27 16:10:12.329435         [43:T1] 
[S3] 2025/11/27 16:10:12.329446         [44:T1] 
[S3] 2025/11/27 16:10:12.329457         [45:T1] 
[S3] 2025/11/27 16:10:12.329468         [46:T1] 
[S3] 2025/11/27 16:10:12.329480         [47:T1] 
[S3] 2025/11/27 16:10:12.329491         [48:T1] 
[S3] 2025/11/27 16:10:12.329502         [49:T1] 
[S3] 2025/11/27 16:10:12.329514         [50:T1] 
[S3] 2025/11/27 16:10:12.329524         [51:T1] 
[S3] 2025/11/27 16:10:12.329535         [52:T1] 
[S3] 2025/11/27 16:10:12.329546         [53:T1] 
[S3] 2025/11/27 16:10:12.329557         [54:T1] 
[S3] 2025/11/27 16:10:12.329568         [55:T1] 
[S3] 2025/11/27 16:10:12.329580         [56:T1] 
[S3] 2025/11/27 16:10:12.329597         [57:T1] 
[S3] 2025/11/27 16:10:12.329608         [58:T1] 
[S3] 2025/11/27 16:10:12.329619         [59:T1] 
[S3] 2025/11/27 16:10:12.329629         [60:T1] 
[S3] 2025/11/27 16:10:12.329640         [61:T1] 
[S3] 2025/11/27 16:10:12.329650         [62:T1] 
[S3] 2025/11/27 16:10:12.329662         [63:T1] 
[S3] 2025/11/27 16:10:12.329673         [64:T1] 
[S3] 2025/11/27 16:10:12.329687         [65:T1] 
[S3] 2025/11/27 16:10:12.329696         [66:T1] 
[S3] 2025/11/27 16:10:12.329703         [67:T1] 
[S3] 2025/11/27 16:10:12.329712         [68:T1] 
[S3] 2025/11/27 16:10:12.329719         [69:T1] 
[S3] 2025/11/27 16:10:12.329726         [70:T1] 
[S3] 2025/11/27 16:10:12.329735         [71:T1] 
[S3] 2025/11/27 16:10:12.329744         [72:T1] 
[S3] 2025/11/27 16:10:12.329751         [73:T1] 
[S3] 2025/11/27 16:10:12.329760         [74:T1] 
[S3] 2025/11/27 16:10:12.329767         [75:T1] 
[S3] 2025/11/27 16:10:12.329774         [76:T1] 
[S3] 2025/11/27 16:10:12.329783         [77:T1] 
[S3] 2025/11/27 16:10:12.329791         [78:T1] 
[S3] 2025/11/27 16:10:12.329798         [79:T1] 
[S3] 2025/11/27 16:10:12.329806         [80:T1] 
[S3] 2025/11/27 16:10:12.329813         [81:T1] 
[S3] 2025/11/27 16:10:12.329820         [82:T1] 
[S3] 2025/11/27 16:10:12.329828         [83:T1] 
[S3] 2025/11/27 16:10:12.329836         [84:T1] 
[S3] 2025/11/27 16:10:12.329844         [85:T1] 
[S3] 2025/11/27 16:10:12.329852         [86:T1] 
[S3] 2025/11/27 16:10:12.329859         [87:T1] 
[S3] 2025/11/27 16:10:12.329867         [88:T1] 
[S3] 2025/11/27 16:10:12.329875         [89:T1] 
[S3] 2025/11/27 16:10:12.329884         [90:T1] 
[S3] 2025/11/27 16:10:12.329891         [91:T1] 
[S3] 2025/11/27 16:10:12.329899         [92:T1] 
[S3] 2025/11/27 16:10:12.329906         [93:T1] 
[S3] 2025/11/27 16:10:12.329913         [94:T1] 
[S3] 2025/11/27 16:10:12.329922         [95:T1] 
[S3] 2025/11/27 16:10:12.329930         [96:T1] 
[S3] 2025/11/27 16:10:12.329938         [97:T1] 
[S3] 2025/11/27 16:10:12.329947         [98:T1] 
[S3] 2025/11/27 16:10:12.329955         [99:T1] 
[S3] 2025/11/27 16:10:12.329963         [100:T1] 
[S3] 2025/11/27 16:10:12.329971         [101:T1] 
[S3] 2025/11/27 16:10:12.329979         [102:T5] 
[S3] 2025/11/27 16:10:12.329987         [103:T5] 
[S3] 2025/11/27 16:10:12.329996         [104:T5] 
[S3] 2025/11/27 16:10:12.330005         [105:T5] 
[S3] 2025/11/27 16:10:12.330013         [106:T5] 
[S3] 2025/11/27 16:10:12.330021         [107:T5] 
[S3] 2025/11/27 16:10:12.330029         [108:T5] 
[S3] 2025/11/27 16:10:12.330039         [109:T5] 
[S3] 2025/11/27 16:10:12.330046         [110:T5] 
[S3] 2025/11/27 16:10:12.330054         [111:T5] 
[S3] 2025/11/27 16:10:12.330061         [112:T5] 
[S3] 2025/11/27 16:10:12.330192         [113:T5] 
[S3] 2025/11/27 16:10:12.330209         [114:T5] 
[S3] 2025/11/27 16:10:12.330218         [115:T5] 
[S3] 2025/11/27 16:10:12.330224         [116:T5] 
[S3] 2025/11/27 16:10:12.330232         [117:T5] 
[S3] 2025/11/27 16:10:12.330237         [118:T5] 
[S3] 2025/11/27 16:10:12.330243         [119:T5] 
[S3] 2025/11/27 16:10:12.330248         [120:T5] 
[S3] 2025/11/27 16:10:12.330253         [121:T5] 
[S3] 2025/11/27 16:10:12.330258         [122:T5] 
[S3] 2025/11/27 16:10:12.330263         [123:T5] 
[S3] 2025/11/27 16:10:12.330268         [124:T5] 
[S3] 2025/11/27 16:10:12.330273         [125:T5] 
[S3] 2025/11/27 16:10:12.330278         [126:T5] 
[S3] 2025/11/27 16:10:12.330282         [127:T5] 
[S3] 2025/11/27 16:10:12.330287         [128:T5] 
[S3] 2025/11/27 16:10:12.330291         [129:T5] 
[S3] 2025/11/27 16:10:12.330295         [130:T5] 
[S3] 2025/11/27 16:10:12.330300         [131:T5] 
[S3] 2025/11/27 16:10:12.330304         [132:T5] 
[S3] 2025/11/27 16:10:12.330309         [133:T5] 
[S3] 2025/11/27 16:10:12.330315         [134:T5] 
[S3] 2025/11/27 16:10:12.330320         [135:T5] 
[S3] 2025/11/27 16:10:12.330325         [136:T5] 
[S3] 2025/11/27 16:10:12.330333         [137:T5] 
[S3] 2025/11/27 16:10:12.330337         [138:T5] 
[S3] 2025/11/27 16:10:12.330342         [139:T5] 
[S3] 2025/11/27 16:10:12.330350         [140:T5] 
[S3] 2025/11/27 16:10:12.330355         [141:T5] 
[S3] 2025/11/27 16:10:12.330360         [142:T5] 
[S3] 2025/11/27 16:10:12.330365         [143:T5] 
[S3] 2025/11/27 16:10:12.330370         [144:T5] 
[S3] 2025/11/27 16:10:12.330375         [145:T5] 
[S3] 2025/11/27 16:10:12.330379         [146:T5] 
[S3] 2025/11/27 16:10:12.330384         [147:T5] 
[S3] 2025/11/27 16:10:12.330389         [148:T5] 
[S3] 2025/11/27 16:10:12.330394         [149:T5] 
[S3] 2025/11/27 16:10:12.330398         [150:T5] 
[S3] 2025/11/27 16:10:12.330404         [151:T5] 
[S3] 2025/11/27 16:10:12.330408         [152:T5] 
[S3] 2025/11/27 16:10:12.330412         [153:T5] 
[S3] 2025/11/27 16:10:12.330417         [154:T5] 
[S3] 2025/11/27 16:10:12.330423         [155:T5] 
[S3] 2025/11/27 16:10:12.330427         [156:T5] 
[S3] 2025/11/27 16:10:12.330431         [157:T5] 
[S3] 2025/11/27 16:10:12.330435         [158:T5] 
[S3] 2025/11/27 16:10:12.330440         [159:T5] 
[S3] 2025/11/27 16:10:12.330444         [160:T5] 
[S3] 2025/11/27 16:10:12.330449         [161:T5] 
[S3] 2025/11/27 16:10:12.330453         [162:T5] 
[S3] 2025/11/27 16:10:12.330458         [163:T5] 
[S3] 2025/11/27 16:10:12.330462         [164:T5] 
[S3] 2025/11/27 16:10:12.330466         [165:T5] 
[S3] 2025/11/27 16:10:12.330471         [166:T5] 
[S3] 2025/11/27 16:10:12.330476         [167:T5] 
[S3] 2025/11/27 16:10:12.330480         [168:T5] 
[S3] 2025/11/27 16:10:12.330485         [169:T5] 
[S3] 2025/11/27 16:10:12.330490         [170:T5] 
[S3] 2025/11/27 16:10:12.330494         [171:T5] 
[S3] 2025/11/27 16:10:12.330499         [172:T5] 
[S3] 2025/11/27 16:10:12.330504         [173:T5] 
[S3] 2025/11/27 16:10:12.330509         [174:T5] 
[S3] 2025/11/27 16:10:12.330513         [175:T5] 
[S3] 2025/11/27 16:10:12.330518         [176:T5] 
[S3] 2025/11/27 16:10:12.330523         [177:T5] 
[S3] 2025/11/27 16:10:12.330527         [178:T5] 
[S3] 2025/11/27 16:10:12.330532         [179:T5] 
[S3] 2025/11/27 16:10:12.330536         [180:T5] 
[S3] 2025/11/27 16:10:12.330541         [181:T5] 
[S3] 2025/11/27 16:10:12.330545         [182:T5] 
[S3] 2025/11/27 16:10:12.330550         [183:T5] 
[S3] 2025/11/27 16:10:12.330555         [184:T5] 
[S3] 2025/11/27 16:10:12.330560         [185:T5] 
[S3] 2025/11/27 16:10:12.330564         [186:T5] 
[S3] 2025/11/27 16:10:12.330568         [187:T5] 
[S3] 2025/11/27 16:10:12.330572         [188:T5] 
[S3] 2025/11/27 16:10:12.330577         [189:T5] 
[S3] 2025/11/27 16:10:12.330582         [190:T5] 
[S3] 2025/11/27 16:10:12.330586         [191:T5] 
[S3] 2025/11/27 16:10:12.330590         [192:T5] 
[S3] 2025/11/27 16:10:12.330595         [193:T5] 
[S3] 2025/11/27 16:10:12.330600         [194:T5] 
[S3] 2025/11/27 16:10:12.330605         [195:T5] 
[S3] 2025/11/27 16:10:12.330609         [196:T5] 
[S3] 2025/11/27 16:10:12.330614         [197:T5] 
[S3] 2025/11/27 16:10:12.330619         [198:T5] 
[S3] 2025/11/27 16:10:12.330624         [199:T5] 
[S3] 2025/11/27 16:10:12.330628         [200:T5] 
[S3] 2025/11/27 16:10:12.330633         [201:T5] 
[S3] 2025/11/27 16:10:12.330637         [202:T5] 
[S3] 2025/11/27 16:10:12.330642         [203:T5] 
[S3] 2025/11/27 16:10:12.330647         [204:T5] 
[S3] 2025/11/27 16:10:12.330652         [205:T5] 
[S3] 2025/11/27 16:10:12.330656         [206:T5] 
[S3] 2025/11/27 16:10:12.330660         [207:T5] 
[S3] 2025/11/27 16:10:12.330664         [208:T5] 
[S3] 2025/11/27 16:10:12.330670         [209:T5] 
[S3] 2025/11/27 16:10:12.330674         [210:T5] 
[S3] 2025/11/27 16:10:12.330678         [211:T5] 
[S3] 2025/11/27 16:10:12.330683         [212:T5] 
[S3] 2025/11/27 16:10:12.330687         [213:T5] 
[S3] 2025/11/27 16:10:12.330692         [214:T5] 
[S3] 2025/11/27 16:10:12.330696         [215:T5] 
[S3] 2025/11/27 16:10:12.330701         [216:T5] 
[S3] 2025/11/27 16:10:12.330705         [217:T5] 
[S3] 2025/11/27 16:10:12.330710         [218:T5] 
[S3] 2025/11/27 16:10:12.330715         [219:T5] 
[S3] 2025/11/27 16:10:12.330720         [220:T5] 
[S3] 2025/11/27 16:10:12.330724         [221:T5] 
[S3] 2025/11/27 16:10:12.330730         [222:T5] 
[S3] 2025/11/27 16:10:12.330735         [223:T5] 
[S3] 2025/11/27 16:10:12.330739         [224:T11] 
[S3] 2025/11/27 16:10:12.330744 
[S3] 2025/11/27 16:10:12.330748 ---------------------------------------------------
[S3] 2025/11/27 16:10:12.330758 
[At the end of AppendEntries] 🗂 S3 | Term=11 | Role=Follower | CommitIndex=224 | LastApplied=217
[S3] 2025/11/27 16:10:12.330766      📜 Log: 
[S3] 2025/11/27 16:10:12.330770         [0:T0] 
[S3] 2025/11/27 16:10:12.330775         [1:T1] 
[S3] 2025/11/27 16:10:12.330780         [2:T1] 
[S3] 2025/11/27 16:10:12.330785         [3:T1] 
[S3] 2025/11/27 16:10:12.330790         [4:T1] 
[S3] 2025/11/27 16:10:12.330794         [5:T1] 
[S3] 2025/11/27 16:10:12.330799         [6:T1] 
[S3] 2025/11/27 16:10:12.330804         [7:T1] 
[S3] 2025/11/27 16:10:12.330809         [8:T1] 
[S3] 2025/11/27 16:10:12.330813         [9:T1] 
[S3] 2025/11/27 16:10:12.330818         [10:T1] 
[S3] 2025/11/27 16:10:12.330823         [11:T1] 
[S3] 2025/11/27 16:10:12.330827         [12:T1] 
[S3] 2025/11/27 16:10:12.330832         [13:T1] 
[S3] 2025/11/27 16:10:12.330837         [14:T1] 
[S3] 2025/11/27 16:10:12.330842         [15:T1] 
[S3] 2025/11/27 16:10:12.330847         [16:T1] 
[S3] 2025/11/27 16:10:12.330851         [17:T1] 
[S3] 2025/11/27 16:10:12.330856         [18:T1] 
[S3] 2025/11/27 16:10:12.330861         [19:T1] 
[S3] 2025/11/27 16:10:12.330866         [20:T1] 
[S3] 2025/11/27 16:10:12.330870         [21:T1] 
[S3] 2025/11/27 16:10:12.330874         [22:T1] 
[S3] 2025/11/27 16:10:12.330879         [23:T1] 
[S3] 2025/11/27 16:10:12.330883         [24:T1] 
[S3] 2025/11/27 16:10:12.330888         [25:T1] 
[S3] 2025/11/27 16:10:12.330893         [26:T1] 
[S3] 2025/11/27 16:10:12.330897         [27:T1] 
[S3] 2025/11/27 16:10:12.330902         [28:T1] 
[S3] 2025/11/27 16:10:12.330907         [29:T1] 
[S3] 2025/11/27 16:10:12.330911         [30:T1] 
[S3] 2025/11/27 16:10:12.330917         [31:T1] 
[S3] 2025/11/27 16:10:12.330921         [32:T1] 
[S3] 2025/11/27 16:10:12.330926         [33:T1] 
[S3] 2025/11/27 16:10:12.330931         [34:T1] 
[S3] 2025/11/27 16:10:12.330936         [35:T1] 
[S3] 2025/11/27 16:10:12.330940         [36:T1] 
[S3] 2025/11/27 16:10:12.330945         [37:T1] 
[S3] 2025/11/27 16:10:12.330949         [38:T1] 
[S3] 2025/11/27 16:10:12.330954         [39:T1] 
[S3] 2025/11/27 16:10:12.330958         [40:T1] 
[S3] 2025/11/27 16:10:12.330962         [41:T1] 
[S3] 2025/11/27 16:10:12.330967         [42:T1] 
[S3] 2025/11/27 16:10:12.330971         [43:T1] 
[S3] 2025/11/27 16:10:12.330976         [44:T1] 
[S3] 2025/11/27 16:10:12.330980         [45:T1] 
[S3] 2025/11/27 16:10:12.330984         [46:T1] 
[S3] 2025/11/27 16:10:12.330988         [47:T1] 
[S3] 2025/11/27 16:10:12.330993         [48:T1] 
[S3] 2025/11/27 16:10:12.330998         [49:T1] 
[S3] 2025/11/27 16:10:12.331002         [50:T1] 
[S3] 2025/11/27 16:10:12.331007         [51:T1] 
[S3] 2025/11/27 16:10:12.331011         [52:T1] 
[S3] 2025/11/27 16:10:12.331015         [53:T1] 
[S3] 2025/11/27 16:10:12.331020         [54:T1] 
[S3] 2025/11/27 16:10:12.331025         [55:T1] 
[S3] 2025/11/27 16:10:12.331029         [56:T1] 
[S3] 2025/11/27 16:10:12.331033         [57:T1] 
[S3] 2025/11/27 16:10:12.331038         [58:T1] 
[S3] 2025/11/27 16:10:12.331043         [59:T1] 
[S3] 2025/11/27 16:10:12.331047         [60:T1] 
[S3] 2025/11/27 16:10:12.331052         [61:T1] 
[S3] 2025/11/27 16:10:12.331056         [62:T1] 
[S3] 2025/11/27 16:10:12.331061         [63:T1] 
[S3] 2025/11/27 16:10:12.331065         [64:T1] 
[S3] 2025/11/27 16:10:12.331076         [65:T1] 
[S3] 2025/11/27 16:10:12.331081         [66:T1] 
[S3] 2025/11/27 16:10:12.331085         [67:T1] 
[S3] 2025/11/27 16:10:12.331090         [68:T1] 
[S3] 2025/11/27 16:10:12.331095         [69:T1] 
[S3] 2025/11/27 16:10:12.331100         [70:T1] 
[S3] 2025/11/27 16:10:12.331104         [71:T1] 
[S3] 2025/11/27 16:10:12.331109         [72:T1] 
[S3] 2025/11/27 16:10:12.331114         [73:T1] 
[S3] 2025/11/27 16:10:12.331119         [74:T1] 
[S3] 2025/11/27 16:10:12.331126         [75:T1] 
[S3] 2025/11/27 16:10:12.331131         [76:T1] 
[S3] 2025/11/27 16:10:12.331135         [77:T1] 
[S3] 2025/11/27 16:10:12.331140         [78:T1] 
[S3] 2025/11/27 16:10:12.331144         [79:T1] 
[S3] 2025/11/27 16:10:12.331149         [80:T1] 
[S3] 2025/11/27 16:10:12.331154         [81:T1] 
[S3] 2025/11/27 16:10:12.331158         [82:T1] 
[S3] 2025/11/27 16:10:12.331162         [83:T1] 
[S3] 2025/11/27 16:10:12.331166         [84:T1] 
[S3] 2025/11/27 16:10:12.331171         [85:T1] 
[S3] 2025/11/27 16:10:12.331175         [86:T1] 
[S3] 2025/11/27 16:10:12.331180         [87:T1] 
[S3] 2025/11/27 16:10:12.331184         [88:T1] 
[S3] 2025/11/27 16:10:12.331189         [89:T1] 
[S3] 2025/11/27 16:10:12.331193         [90:T1] 
[S3] 2025/11/27 16:10:12.331197         [91:T1] 
[S3] 2025/11/27 16:10:12.331201         [92:T1] 
[S3] 2025/11/27 16:10:12.331206         [93:T1] 
[S3] 2025/11/27 16:10:12.331211         [94:T1] 
[S3] 2025/11/27 16:10:12.331215         [95:T1] 
[S3] 2025/11/27 16:10:12.331219         [96:T1] 
[S3] 2025/11/27 16:10:12.331224         [97:T1] 
[S3] 2025/11/27 16:10:12.331228         [98:T1] 
[S3] 2025/11/27 16:10:12.331232         [99:T1] 
[S3] 2025/11/27 16:10:12.331237         [100:T1] 
[S3] 2025/11/27 16:10:12.331242         [101:T1] 
[S3] 2025/11/27 16:10:12.331246         [102:T5] 
[S3] 2025/11/27 16:10:12.331251         [103:T5] 
[S3] 2025/11/27 16:10:12.331255         [104:T5] 
[S3] 2025/11/27 16:10:12.331260         [105:T5] 
[S3] 2025/11/27 16:10:12.331264         [106:T5] 
[S3] 2025/11/27 16:10:12.331268         [107:T5] 
[S3] 2025/11/27 16:10:12.331273         [108:T5] 
[S3] 2025/11/27 16:10:12.331278         [109:T5] 
[S3] 2025/11/27 16:10:12.331283         [110:T5] 
[S3] 2025/11/27 16:10:12.331287         [111:T5] 
[S3] 2025/11/27 16:10:12.331291         [112:T5] 
[S3] 2025/11/27 16:10:12.331296         [113:T5] 
[S3] 2025/11/27 16:10:12.331300         [114:T5] 
[S3] 2025/11/27 16:10:12.331305         [115:T5] 
[S3] 2025/11/27 16:10:12.331309         [116:T5] 
[S3] 2025/11/27 16:10:12.331314         [117:T5] 
[S3] 2025/11/27 16:10:12.331318         [118:T5] 
[S3] 2025/11/27 16:10:12.331323         [119:T5] 
[S3] 2025/11/27 16:10:12.331327         [120:T5] 
[S3] 2025/11/27 16:10:12.331332         [121:T5] 
[S3] 2025/11/27 16:10:12.331336         [122:T5] 
[S3] 2025/11/27 16:10:12.331342         [123:T5] 
[S3] 2025/11/27 16:10:12.331346         [124:T5] 
[S3] 2025/11/27 16:10:12.331350         [125:T5] 
[S3] 2025/11/27 16:10:12.331355         [126:T5] 
[S3] 2025/11/27 16:10:12.331360         [127:T5] 
[S3] 2025/11/27 16:10:12.331364         [128:T5] 
[S3] 2025/11/27 16:10:12.331369         [129:T5] 
[S3] 2025/11/27 16:10:12.331374         [130:T5] 
[S3] 2025/11/27 16:10:12.331380         [131:T5] 
[S3] 2025/11/27 16:10:12.331384         [132:T5] 
[S3] 2025/11/27 16:10:12.331389         [133:T5] 
[S3] 2025/11/27 16:10:12.331393         [134:T5] 
[S3] 2025/11/27 16:10:12.331398         [135:T5] 
[S3] 2025/11/27 16:10:12.331402         [136:T5] 
[S3] 2025/11/27 16:10:12.331406         [137:T5] 
[S3] 2025/11/27 16:10:12.331411         [138:T5] 
[S3] 2025/11/27 16:10:12.331416         [139:T5] 
[S3] 2025/11/27 16:10:12.331420         [140:T5] 
[S3] 2025/11/27 16:10:12.331424         [141:T5] 
[S3] 2025/11/27 16:10:12.331429         [142:T5] 
[S3] 2025/11/27 16:10:12.331433         [143:T5] 
[S3] 2025/11/27 16:10:12.331438         [144:T5] 
[S3] 2025/11/27 16:10:12.331443         [145:T5] 
[S3] 2025/11/27 16:10:12.331448         [146:T5] 
[S3] 2025/11/27 16:10:12.331452         [147:T5] 
[S3] 2025/11/27 16:10:12.331457         [148:T5] 
[S3] 2025/11/27 16:10:12.331461         [149:T5] 
[S3] 2025/11/27 16:10:12.331467         [150:T5] 
[S3] 2025/11/27 16:10:12.331471         [151:T5] 
[S3] 2025/11/27 16:10:12.331475         [152:T5] 
[S3] 2025/11/27 16:10:12.331480         [153:T5] 
[S3] 2025/11/27 16:10:12.331485         [154:T5] 
[S3] 2025/11/27 16:10:12.331490         [155:T5] 
[S3] 2025/11/27 16:10:12.331494         [156:T5] 
[S3] 2025/11/27 16:10:12.331499         [157:T5] 
[S3] 2025/11/27 16:10:12.331504         [158:T5] 
[S3] 2025/11/27 16:10:12.331508         [159:T5] 
[S3] 2025/11/27 16:10:12.331513         [160:T5] 
[S3] 2025/11/27 16:10:12.331517         [161:T5] 
[S3] 2025/11/27 16:10:12.331521         [162:T5] 
[S3] 2025/11/27 16:10:12.331525         [163:T5] 
[S3] 2025/11/27 16:10:12.331530         [164:T5] 
[S3] 2025/11/27 16:10:12.331535         [165:T5] 
[S3] 2025/11/27 16:10:12.331539         [166:T5] 
[S3] 2025/11/27 16:10:12.331543         [167:T5] 
[S3] 2025/11/27 16:10:12.331547         [168:T5] 
[S3] 2025/11/27 16:10:12.331552         [169:T5] 
[S3] 2025/11/27 16:10:12.331556         [170:T5] 
[S3] 2025/11/27 16:10:12.331560         [171:T5] 
[S3] 2025/11/27 16:10:12.331565         [172:T5] 
[S3] 2025/11/27 16:10:12.331569         [173:T5] 
[S3] 2025/11/27 16:10:12.331574         [174:T5] 
[S3] 2025/11/27 16:10:12.331578         [175:T5] 
[S3] 2025/11/27 16:10:12.331582         [176:T5] 
[S3] 2025/11/27 16:10:12.331587         [177:T5] 
[S3] 2025/11/27 16:10:12.331592         [178:T5] 
[S3] 2025/11/27 16:10:12.331596         [179:T5] 
[S3] 2025/11/27 16:10:12.331601         [180:T5] 
[S3] 2025/11/27 16:10:12.331605         [181:T5] 
[S3] 2025/11/27 16:10:12.331609         [182:T5] 
[S3] 2025/11/27 16:10:12.331613         [183:T5] 
[S3] 2025/11/27 16:10:12.331618         [184:T5] 
[S3] 2025/11/27 16:10:12.331622         [185:T5] 
[S3] 2025/11/27 16:10:12.331627         [186:T5] 
[S3] 2025/11/27 16:10:12.331632         [187:T5] 
[S3] 2025/11/27 16:10:12.331637         [188:T5] 
[S3] 2025/11/27 16:10:12.331641         [189:T5] 
[S3] 2025/11/27 16:10:12.331646         [190:T5] 
[S3] 2025/11/27 16:10:12.331650         [191:T5] 
[S3] 2025/11/27 16:10:12.331654         [192:T5] 
[S3] 2025/11/27 16:10:12.331658         [193:T5] 
[S3] 2025/11/27 16:10:12.331663         [194:T5] 
[S3] 2025/11/27 16:10:12.331667         [195:T5] 
[S3] 2025/11/27 16:10:12.331672         [196:T5] 
[S3] 2025/11/27 16:10:12.331676         [197:T5] 
[S3] 2025/11/27 16:10:12.331680         [198:T5] 
[S3] 2025/11/27 16:10:12.331684         [199:T5] 
[S3] 2025/11/27 16:10:12.331688         [200:T5] 
[S3] 2025/11/27 16:10:12.331693         [201:T5] 
[S3] 2025/11/27 16:10:12.331698         [202:T5] 
[S3] 2025/11/27 16:10:12.331702         [203:T5] 
[S3] 2025/11/27 16:10:12.331706         [204:T5] 
[S3] 2025/11/27 16:10:12.331711         [205:T5] 
[S3] 2025/11/27 16:10:12.331715         [206:T5] 
[S3] 2025/11/27 16:10:12.331719         [207:T5] 
[S3] 2025/11/27 16:10:12.331724         [208:T5] 
[S3] 2025/11/27 16:10:12.331728         [209:T5] 
[S3] 2025/11/27 16:10:12.331733         [210:T5] 
[S3] 2025/11/27 16:10:12.331738         [211:T5] 
[S3] 2025/11/27 16:10:12.331742         [212:T5] 
[S3] 2025/11/27 16:10:12.331746         [213:T5] 
[S3] 2025/11/27 16:10:12.331750         [214:T5] 
[S3] 2025/11/27 16:10:12.331754         [215:T5] 
[S3] 2025/11/27 16:10:12.331759         [216:T5] 
[S3] 2025/11/27 16:10:12.331764         [217:T5] 
[S3] 2025/11/27 16:10:12.331768         [218:T5] 
[S3] 2025/11/27 16:10:12.331772         [219:T5] 
[S3] 2025/11/27 16:10:12.331776         [220:T5] 
[S3] 2025/11/27 16:10:12.331780         [221:T5] 
[S3] 2025/11/27 16:10:12.331785         [222:T5] 
[S3] 2025/11/27 16:10:12.331789         [223:T5] 
[S3] 2025/11/27 16:10:12.331794         [224:T11] 
[S3] 2025/11/27 16:10:12.331798 
[S3] 2025/11/27 16:10:12.331802 ---------------------------------------------------
