[S1] 2025/11/27 16:10:16.649559 
[At the start of applier] 🗂 S1 | Term=0 | Role=Follower | CommitIndex=0 | LastApplied=0
[S1] 2025/11/27 16:10:16.649578      📜 Log: 
[S1] 2025/11/27 16:10:16.649587         [0:T0] 
[S1] 2025/11/27 16:10:16.649596 
[S1] 2025/11/27 16:10:16.649602 ---------------------------------------------------
[S1] 2025/11/27 16:10:17.041816 
[At the start of AppendEntries] 🗂 S1 | Term=1 | Role=Follower | CommitIndex=0 | LastApplied=0
[S1] 2025/11/27 16:10:17.041934      📜 Log: 
[S1] 2025/11/27 16:10:17.041970         [0:T0] 
[S1] 2025/11/27 16:10:17.042002 
[S1] 2025/11/27 16:10:17.042021 ---------------------------------------------------
[S1] 2025/11/27 16:10:17.042053 
[At the end of AppendEntries] 🗂 S1 | Term=1 | Role=Follower | CommitIndex=0 | LastApplied=0
[S1] 2025/11/27 16:10:17.042123      📜 Log: 
[S1] 2025/11/27 16:10:17.042157         [0:T0] 
[S1] 2025/11/27 16:10:17.042181 
[S1] 2025/11/27 16:10:17.042201 ---------------------------------------------------
[S1] 2025/11/27 16:10:17.147697 
[At the start of AppendEntries] 🗂 S1 | Term=1 | Role=Follower | CommitIndex=0 | LastApplied=0
[S1] 2025/11/27 16:10:17.147828      📜 Log: 
[S1] 2025/11/27 16:10:17.147875         [0:T0] 
[S1] 2025/11/27 16:10:17.147919 
[S1] 2025/11/27 16:10:17.147950 ---------------------------------------------------
[S1] 2025/11/27 16:10:17.148268 
[At the end of AppendEntries] 🗂 S1 | Term=1 | Role=Follower | CommitIndex=0 | LastApplied=0
[S1] 2025/11/27 16:10:17.148321      📜 Log: 
[S1] 2025/11/27 16:10:17.148353         [0:T0] 
[S1] 2025/11/27 16:10:17.148383         [1:T1] 
[S1] 2025/11/27 16:10:17.148413 
[S1] 2025/11/27 16:10:17.148435 ---------------------------------------------------
[S1] 2025/11/27 16:10:17.254934 
[At the start of AppendEntries] 🗂 S1 | Term=1 | Role=Follower | CommitIndex=0 | LastApplied=0
[S1] 2025/11/27 16:10:17.255053      📜 Log: 
[S1] 2025/11/27 16:10:17.255118         [0:T0] 
[S1] 2025/11/27 16:10:17.255156         [1:T1] 
[S1] 2025/11/27 16:10:17.255186 
[S1] 2025/11/27 16:10:17.255222 ---------------------------------------------------
[S1] 2025/11/27 16:10:17.255266 
[At the end of AppendEntries] 🗂 S1 | Term=1 | Role=Follower | CommitIndex=1 | LastApplied=0
[S1] 2025/11/27 16:10:17.255311      📜 Log: 
[S1] 2025/11/27 16:10:17.255336         [0:T0] 
[S1] 2025/11/27 16:10:17.255369         [1:T1] 
[S1] 2025/11/27 16:10:17.255396 
[S1] 2025/11/27 16:10:17.255418 ---------------------------------------------------
[S1] 2025/11/27 16:10:17.359995 
[At the start of AppendEntries] 🗂 S1 | Term=1 | Role=Follower | CommitIndex=1 | LastApplied=1
[S1] 2025/11/27 16:10:17.360997      📜 Log: 
[S1] 2025/11/27 16:10:17.361004         [0:T0] 
[S1] 2025/11/27 16:10:17.361010         [1:T1] 
[S1] 2025/11/27 16:10:17.361016 
[S1] 2025/11/27 16:10:17.361020 ---------------------------------------------------
[S1] 2025/11/27 16:10:17.361029 
[At the end of AppendEntries] 🗂 S1 | Term=1 | Role=Follower | CommitIndex=1 | LastApplied=1
[S1] 2025/11/27 16:10:17.361037      📜 Log: 
[S1] 2025/11/27 16:10:17.361041         [0:T0] 
[S1] 2025/11/27 16:10:17.361047         [1:T1] 
[S1] 2025/11/27 16:10:17.361053 
[S1] 2025/11/27 16:10:17.361058 ---------------------------------------------------
[S1] 2025/11/27 16:10:17.464642 
[At the start of AppendEntries] 🗂 S1 | Term=1 | Role=Follower | CommitIndex=1 | LastApplied=1
[S1] 2025/11/27 16:10:17.464667      📜 Log: 
[S1] 2025/11/27 16:10:17.464675         [0:T0] 
[S1] 2025/11/27 16:10:17.464683         [1:T1] 
[S1] 2025/11/27 16:10:17.464691 
[S1] 2025/11/27 16:10:17.464703 ---------------------------------------------------
[S1] 2025/11/27 16:10:17.464713 
[At the end of AppendEntries] 🗂 S1 | Term=1 | Role=Follower | CommitIndex=1 | LastApplied=1
[S1] 2025/11/27 16:10:17.464722      📜 Log: 
[S1] 2025/11/27 16:10:17.464727         [0:T0] 
[S1] 2025/11/27 16:10:17.464733         [1:T1] 
[S1] 2025/11/27 16:10:17.464739 
[S1] 2025/11/27 16:10:17.464744 ---------------------------------------------------
[S1] 2025/11/27 16:10:17.571484 
[At the start of AppendEntries] 🗂 S1 | Term=1 | Role=Follower | CommitIndex=1 | LastApplied=1
[S1] 2025/11/27 16:10:17.571552      📜 Log: 
[S1] 2025/11/27 16:10:17.571567         [0:T0] 
[S1] 2025/11/27 16:10:17.571583         [1:T1] 
[S1] 2025/11/27 16:10:17.571596 
[S1] 2025/11/27 16:10:17.571605 ---------------------------------------------------
[S1] 2025/11/27 16:10:17.571623 
[At the end of AppendEntries] 🗂 S1 | Term=1 | Role=Follower | CommitIndex=1 | LastApplied=1
[S1] 2025/11/27 16:10:17.571640      📜 Log: 
[S1] 2025/11/27 16:10:17.571650         [0:T0] 
[S1] 2025/11/27 16:10:17.571664         [1:T1] 
[S1] 2025/11/27 16:10:17.571673 
[S1] 2025/11/27 16:10:17.571683 ---------------------------------------------------
[S1] 2025/11/27 16:10:17.678239 
[At the start of AppendEntries] 🗂 S1 | Term=1 | Role=Follower | CommitIndex=1 | LastApplied=1
[S1] 2025/11/27 16:10:17.678292      📜 Log: 
[S1] 2025/11/27 16:10:17.678309         [0:T0] 
[S1] 2025/11/27 16:10:17.678329         [1:T1] 
[S1] 2025/11/27 16:10:17.678343 
[S1] 2025/11/27 16:10:17.678354 ---------------------------------------------------
[S1] 2025/11/27 16:10:17.678374 
[At the end of AppendEntries] 🗂 S1 | Term=1 | Role=Follower | CommitIndex=1 | LastApplied=1
[S1] 2025/11/27 16:10:17.678395      📜 Log: 
[S1] 2025/11/27 16:10:17.678407         [0:T0] 
[S1] 2025/11/27 16:10:17.678422         [1:T1] 
[S1] 2025/11/27 16:10:17.678435 
[S1] 2025/11/27 16:10:17.678447 ---------------------------------------------------
[S1] 2025/11/27 16:10:17.786912 
[At the start of AppendEntries] 🗂 S1 | Term=1 | Role=Follower | CommitIndex=1 | LastApplied=1
[S1] 2025/11/27 16:10:17.787009      📜 Log: 
[S1] 2025/11/27 16:10:17.787044         [0:T0] 
[S1] 2025/11/27 16:10:17.787090         [1:T1] 
[S1] 2025/11/27 16:10:17.787118 
[S1] 2025/11/27 16:10:17.787137 ---------------------------------------------------
[S1] 2025/11/27 16:10:17.787170 
[At the end of AppendEntries] 🗂 S1 | Term=1 | Role=Follower | CommitIndex=1 | LastApplied=1
[S1] 2025/11/27 16:10:17.787203      📜 Log: 
[S1] 2025/11/27 16:10:17.787225         [0:T0] 
[S1] 2025/11/27 16:10:17.787248         [1:T1] 
[S1] 2025/11/27 16:10:17.787269 
[S1] 2025/11/27 16:10:17.787287 ---------------------------------------------------
[S1] 2025/11/27 16:10:17.896060 
[At the start of AppendEntries] 🗂 S1 | Term=1 | Role=Follower | CommitIndex=1 | LastApplied=1
[S1] 2025/11/27 16:10:17.896162      📜 Log: 
[S1] 2025/11/27 16:10:17.896192         [0:T0] 
[S1] 2025/11/27 16:10:17.896217         [1:T1] 
[S1] 2025/11/27 16:10:17.896240 
[S1] 2025/11/27 16:10:17.896259 ---------------------------------------------------
[S1] 2025/11/27 16:10:17.896513 
[At the end of AppendEntries] 🗂 S1 | Term=1 | Role=Follower | CommitIndex=1 | LastApplied=1
[S1] 2025/11/27 16:10:17.896549      📜 Log: 
[S1] 2025/11/27 16:10:17.896568         [0:T0] 
[S1] 2025/11/27 16:10:17.896591         [1:T1] 
[S1] 2025/11/27 16:10:17.896616         [2:T1] 
[S1] 2025/11/27 16:10:17.896639 
[S1] 2025/11/27 16:10:17.896658 ---------------------------------------------------
[S1] 2025/11/27 16:10:18.000043 
[At the start of AppendEntries] 🗂 S1 | Term=1 | Role=Follower | CommitIndex=1 | LastApplied=1
[S1] 2025/11/27 16:10:18.000096      📜 Log: 
[S1] 2025/11/27 16:10:18.000110         [0:T0] 
[S1] 2025/11/27 16:10:18.000123         [1:T1] 
[S1] 2025/11/27 16:10:18.000134         [2:T1] 
[S1] 2025/11/27 16:10:18.000143 
[S1] 2025/11/27 16:10:18.000154 ---------------------------------------------------
[S1] 2025/11/27 16:10:18.000170 
[At the end of AppendEntries] 🗂 S1 | Term=1 | Role=Follower | CommitIndex=2 | LastApplied=1
[S1] 2025/11/27 16:10:18.000187      📜 Log: 
[S1] 2025/11/27 16:10:18.000196         [0:T0] 
[S1] 2025/11/27 16:10:18.000206         [1:T1] 
[S1] 2025/11/27 16:10:18.000218         [2:T1] 
[S1] 2025/11/27 16:10:18.000228 
[S1] 2025/11/27 16:10:18.000237 ---------------------------------------------------
[S1] 2025/11/27 16:10:18.108601 
[At the start of AppendEntries] 🗂 S1 | Term=1 | Role=Follower | CommitIndex=2 | LastApplied=2
[S1] 2025/11/27 16:10:18.108697      📜 Log: 
[S1] 2025/11/27 16:10:18.108727         [0:T0] 
[S1] 2025/11/27 16:10:18.108761         [1:T1] 
[S1] 2025/11/27 16:10:18.108788         [2:T1] 
[S1] 2025/11/27 16:10:18.108813 
[S1] 2025/11/27 16:10:18.108829 ---------------------------------------------------
[S1] 2025/11/27 16:10:18.109225 
[At the end of AppendEntries] 🗂 S1 | Term=1 | Role=Follower | CommitIndex=2 | LastApplied=2
[S1] 2025/11/27 16:10:18.109260      📜 Log: 
[S1] 2025/11/27 16:10:18.109279         [0:T0] 
[S1] 2025/11/27 16:10:18.109299         [1:T1] 
[S1] 2025/11/27 16:10:18.109320         [2:T1] 
[S1] 2025/11/27 16:10:18.109339         [3:T1] 
[S1] 2025/11/27 16:10:18.109358         [4:T1] 
[S1] 2025/11/27 16:10:18.109374         [5:T1] 
[S1] 2025/11/27 16:10:18.109396         [6:T1] 
[S1] 2025/11/27 16:10:18.109414         [7:T1] 
[S1] 2025/11/27 16:10:18.109433         [8:T1] 
[S1] 2025/11/27 16:10:18.109451         [9:T1] 
[S1] 2025/11/27 16:10:18.109470         [10:T1] 
[S1] 2025/11/27 16:10:18.109489         [11:T1] 
[S1] 2025/11/27 16:10:18.109509 
[S1] 2025/11/27 16:10:18.109526 ---------------------------------------------------
[S1] 2025/11/27 16:10:18.218029 
[At the start of AppendEntries] 🗂 S1 | Term=1 | Role=Follower | CommitIndex=2 | LastApplied=2
[S1] 2025/11/27 16:10:18.218163      📜 Log: 
[S1] 2025/11/27 16:10:18.218205         [0:T0] 
[S1] 2025/11/27 16:10:18.218238         [1:T1] 
[S1] 2025/11/27 16:10:18.218272         [2:T1] 
[S1] 2025/11/27 16:10:18.218300         [3:T1] 
[S1] 2025/11/27 16:10:18.218329         [4:T1] 
[S1] 2025/11/27 16:10:18.218355         [5:T1] 
[S1] 2025/11/27 16:10:18.218383         [6:T1] 
[S1] 2025/11/27 16:10:18.218408         [7:T1] 
[S1] 2025/11/27 16:10:18.218437         [8:T1] 
[S1] 2025/11/27 16:10:18.218462         [9:T1] 
[S1] 2025/11/27 16:10:18.218488         [10:T1] 
[S1] 2025/11/27 16:10:18.218515         [11:T1] 
[S1] 2025/11/27 16:10:18.218541 
[S1] 2025/11/27 16:10:18.218565 ---------------------------------------------------
[S1] 2025/11/27 16:10:18.218607 
[At the end of AppendEntries] 🗂 S1 | Term=1 | Role=Follower | CommitIndex=11 | LastApplied=2
[S1] 2025/11/27 16:10:18.218646      📜 Log: 
[S1] 2025/11/27 16:10:18.218671         [0:T0] 
[S1] 2025/11/27 16:10:18.218698         [1:T1] 
[S1] 2025/11/27 16:10:18.218722         [2:T1] 
[S1] 2025/11/27 16:10:18.218747         [3:T1] 
[S1] 2025/11/27 16:10:18.218772         [4:T1] 
[S1] 2025/11/27 16:10:18.218797         [5:T1] 
[S1] 2025/11/27 16:10:18.218822         [6:T1] 
[S1] 2025/11/27 16:10:18.218848         [7:T1] 
[S1] 2025/11/27 16:10:18.218878         [8:T1] 
[S1] 2025/11/27 16:10:18.218902         [9:T1] 
[S1] 2025/11/27 16:10:18.218926         [10:T1] 
[S1] 2025/11/27 16:10:18.218952         [11:T1] 
[S1] 2025/11/27 16:10:18.218977 
[S1] 2025/11/27 16:10:18.218999 ---------------------------------------------------
[S1] 2025/11/27 16:10:18.325453 
[At the start of AppendEntries] 🗂 S1 | Term=1 | Role=Follower | CommitIndex=11 | LastApplied=11
[S1] 2025/11/27 16:10:18.325482      📜 Log: 
[S1] 2025/11/27 16:10:18.325495         [0:T0] 
[S1] 2025/11/27 16:10:18.325508         [1:T1] 
[S1] 2025/11/27 16:10:18.325519         [2:T1] 
[S1] 2025/11/27 16:10:18.325530         [3:T1] 
[S1] 2025/11/27 16:10:18.325541         [4:T1] 
[S1] 2025/11/27 16:10:18.325551         [5:T1] 
[S1] 2025/11/27 16:10:18.325561         [6:T1] 
[S1] 2025/11/27 16:10:18.325573         [7:T1] 
[S1] 2025/11/27 16:10:18.325584         [8:T1] 
[S1] 2025/11/27 16:10:18.325594         [9:T1] 
[S1] 2025/11/27 16:10:18.325605         [10:T1] 
[S1] 2025/11/27 16:10:18.325616         [11:T1] 
[S1] 2025/11/27 16:10:18.325627 
[S1] 2025/11/27 16:10:18.325636 ---------------------------------------------------
[S1] 2025/11/27 16:10:18.325863 
[At the end of AppendEntries] 🗂 S1 | Term=1 | Role=Follower | CommitIndex=11 | LastApplied=11
[S1] 2025/11/27 16:10:18.325883      📜 Log: 
[S1] 2025/11/27 16:10:18.325894         [0:T0] 
[S1] 2025/11/27 16:10:18.325916         [1:T1] 
[S1] 2025/11/27 16:10:18.325929         [2:T1] 
[S1] 2025/11/27 16:10:18.325940         [3:T1] 
[S1] 2025/11/27 16:10:18.325951         [4:T1] 
[S1] 2025/11/27 16:10:18.325960         [5:T1] 
[S1] 2025/11/27 16:10:18.325971         [6:T1] 
[S1] 2025/11/27 16:10:18.325983         [7:T1] 
[S1] 2025/11/27 16:10:18.325993         [8:T1] 
[S1] 2025/11/27 16:10:18.326004         [9:T1] 
[S1] 2025/11/27 16:10:18.326015         [10:T1] 
[S1] 2025/11/27 16:10:18.326027         [11:T1] 
[S1] 2025/11/27 16:10:18.326037         [12:T1] 
[S1] 2025/11/27 16:10:18.326046 
[S1] 2025/11/27 16:10:18.326055 ---------------------------------------------------
[S1] 2025/11/27 16:10:18.431499 
[At the start of AppendEntries] 🗂 S1 | Term=1 | Role=Follower | CommitIndex=11 | LastApplied=11
[S1] 2025/11/27 16:10:18.431540      📜 Log: 
[S1] 2025/11/27 16:10:18.431556         [0:T0] 
[S1] 2025/11/27 16:10:18.431569         [1:T1] 
[S1] 2025/11/27 16:10:18.431580         [2:T1] 
[S1] 2025/11/27 16:10:18.431592         [3:T1] 
[S1] 2025/11/27 16:10:18.431602         [4:T1] 
[S1] 2025/11/27 16:10:18.431612         [5:T1] 
[S1] 2025/11/27 16:10:18.431622         [6:T1] 
[S1] 2025/11/27 16:10:18.431631         [7:T1] 
[S1] 2025/11/27 16:10:18.431642         [8:T1] 
[S1] 2025/11/27 16:10:18.431651         [9:T1] 
[S1] 2025/11/27 16:10:18.431660         [10:T1] 
[S1] 2025/11/27 16:10:18.431670         [11:T1] 
[S1] 2025/11/27 16:10:18.431679         [12:T1] 
[S1] 2025/11/27 16:10:18.431689 
[S1] 2025/11/27 16:10:18.431697 ---------------------------------------------------
[S1] 2025/11/27 16:10:18.431717 
[At the end of AppendEntries] 🗂 S1 | Term=1 | Role=Follower | CommitIndex=12 | LastApplied=11
[S1] 2025/11/27 16:10:18.431735      📜 Log: 
[S1] 2025/11/27 16:10:18.431744         [0:T0] 
[S1] 2025/11/27 16:10:18.431753         [1:T1] 
[S1] 2025/11/27 16:10:18.431763         [2:T1] 
[S1] 2025/11/27 16:10:18.431772         [3:T1] 
[S1] 2025/11/27 16:10:18.431780         [4:T1] 
[S1] 2025/11/27 16:10:18.431789         [5:T1] 
[S1] 2025/11/27 16:10:18.431798         [6:T1] 
[S1] 2025/11/27 16:10:18.431806         [7:T1] 
[S1] 2025/11/27 16:10:18.431816         [8:T1] 
[S1] 2025/11/27 16:10:18.431825         [9:T1] 
[S1] 2025/11/27 16:10:18.431833         [10:T1] 
[S1] 2025/11/27 16:10:18.431841         [11:T1] 
[S1] 2025/11/27 16:10:18.431851         [12:T1] 
[S1] 2025/11/27 16:10:18.431859 
[S1] 2025/11/27 16:10:18.431866 ---------------------------------------------------
[S1] 2025/11/27 16:10:18.538883 
[At the start of AppendEntries] 🗂 S1 | Term=1 | Role=Follower | CommitIndex=12 | LastApplied=12
[S1] 2025/11/27 16:10:18.538956      📜 Log: 
[S1] 2025/11/27 16:10:18.538979         [0:T0] 
[S1] 2025/11/27 16:10:18.538999         [1:T1] 
[S1] 2025/11/27 16:10:18.539020         [2:T1] 
[S1] 2025/11/27 16:10:18.539038         [3:T1] 
[S1] 2025/11/27 16:10:18.539054         [4:T1] 
[S1] 2025/11/27 16:10:18.539084         [5:T1] 
[S1] 2025/11/27 16:10:18.539103         [6:T1] 
[S1] 2025/11/27 16:10:18.539118         [7:T1] 
[S1] 2025/11/27 16:10:18.539134         [8:T1] 
[S1] 2025/11/27 16:10:18.539149         [9:T1] 
[S1] 2025/11/27 16:10:18.539163         [10:T1] 
[S1] 2025/11/27 16:10:18.539179         [11:T1] 
[S1] 2025/11/27 16:10:18.539195         [12:T1] 
[S1] 2025/11/27 16:10:18.539214 
[S1] 2025/11/27 16:10:18.539228 ---------------------------------------------------
[S1] 2025/11/27 16:10:18.539249 
[At the end of AppendEntries] 🗂 S1 | Term=1 | Role=Follower | CommitIndex=12 | LastApplied=12
[S1] 2025/11/27 16:10:18.539274      📜 Log: 
[S1] 2025/11/27 16:10:18.539287         [0:T0] 
[S1] 2025/11/27 16:10:18.539303         [1:T1] 
[S1] 2025/11/27 16:10:18.539323         [2:T1] 
[S1] 2025/11/27 16:10:18.539337         [3:T1] 
[S1] 2025/11/27 16:10:18.539352         [4:T1] 
[S1] 2025/11/27 16:10:18.539365         [5:T1] 
[S1] 2025/11/27 16:10:18.539378         [6:T1] 
[S1] 2025/11/27 16:10:18.539391         [7:T1] 
[S1] 2025/11/27 16:10:18.539406         [8:T1] 
[S1] 2025/11/27 16:10:18.539419         [9:T1] 
[S1] 2025/11/27 16:10:18.539443         [10:T1] 
[S1] 2025/11/27 16:10:18.539456         [11:T1] 
[S1] 2025/11/27 16:10:18.539468         [12:T1] 
[S1] 2025/11/27 16:10:18.539480 
[S1] 2025/11/27 16:10:18.539492 ---------------------------------------------------
[S1] 2025/11/27 16:10:18.646686 
[At the start of AppendEntries] 🗂 S1 | Term=1 | Role=Follower | CommitIndex=12 | LastApplied=12
[S1] 2025/11/27 16:10:18.646769      📜 Log: 
[S1] 2025/11/27 16:10:18.646802         [0:T0] 
[S1] 2025/11/27 16:10:18.646825         [1:T1] 
[S1] 2025/11/27 16:10:18.646855         [2:T1] 
[S1] 2025/11/27 16:10:18.646875         [3:T1] 
[S1] 2025/11/27 16:10:18.646895         [4:T1] 
[S1] 2025/11/27 16:10:18.646916         [5:T1] 
[S1] 2025/11/27 16:10:18.646933         [6:T1] 
[S1] 2025/11/27 16:10:18.646951         [7:T1] 
[S1] 2025/11/27 16:10:18.646970         [8:T1] 
[S1] 2025/11/27 16:10:18.646990         [9:T1] 
[S1] 2025/11/27 16:10:18.647008         [10:T1] 
[S1] 2025/11/27 16:10:18.647027         [11:T1] 
[S1] 2025/11/27 16:10:18.647045         [12:T1] 
[S1] 2025/11/27 16:10:18.647063 
[S1] 2025/11/27 16:10:18.647097 ---------------------------------------------------
[S1] 2025/11/27 16:10:18.647120 
[At the end of AppendEntries] 🗂 S1 | Term=1 | Role=Follower | CommitIndex=12 | LastApplied=12
[S1] 2025/11/27 16:10:18.647148      📜 Log: 
[S1] 2025/11/27 16:10:18.647162         [0:T0] 
[S1] 2025/11/27 16:10:18.647180         [1:T1] 
[S1] 2025/11/27 16:10:18.647195         [2:T1] 
[S1] 2025/11/27 16:10:18.647213         [3:T1] 
[S1] 2025/11/27 16:10:18.647227         [4:T1] 
[S1] 2025/11/27 16:10:18.647244         [5:T1] 
[S1] 2025/11/27 16:10:18.647259         [6:T1] 
[S1] 2025/11/27 16:10:18.647274         [7:T1] 
[S1] 2025/11/27 16:10:18.647291         [8:T1] 
[S1] 2025/11/27 16:10:18.647306         [9:T1] 
[S1] 2025/11/27 16:10:18.647320         [10:T1] 
[S1] 2025/11/27 16:10:18.647335         [11:T1] 
[S1] 2025/11/27 16:10:18.647351         [12:T1] 
[S1] 2025/11/27 16:10:18.647369 
[S1] 2025/11/27 16:10:18.647382 ---------------------------------------------------
[S1] 2025/11/27 16:10:18.751471 
[At the start of AppendEntries] 🗂 S1 | Term=1 | Role=Follower | CommitIndex=12 | LastApplied=12
[S1] 2025/11/27 16:10:18.751533      📜 Log: 
[S1] 2025/11/27 16:10:18.751561         [0:T0] 
[S1] 2025/11/27 16:10:18.751579         [1:T1] 
[S1] 2025/11/27 16:10:18.751594         [2:T1] 
[S1] 2025/11/27 16:10:18.751610         [3:T1] 
[S1] 2025/11/27 16:10:18.751620         [4:T1] 
[S1] 2025/11/27 16:10:18.751629         [5:T1] 
[S1] 2025/11/27 16:10:18.751637         [6:T1] 
[S1] 2025/11/27 16:10:18.751647         [7:T1] 
[S1] 2025/11/27 16:10:18.751656         [8:T1] 
[S1] 2025/11/27 16:10:18.751664         [9:T1] 
[S1] 2025/11/27 16:10:18.751672         [10:T1] 
[S1] 2025/11/27 16:10:18.751681         [11:T1] 
[S1] 2025/11/27 16:10:18.751689         [12:T1] 
[S1] 2025/11/27 16:10:18.751699 
[S1] 2025/11/27 16:10:18.751706 ---------------------------------------------------
[S1] 2025/11/27 16:10:18.751718 
[At the end of AppendEntries] 🗂 S1 | Term=1 | Role=Follower | CommitIndex=12 | LastApplied=12
[S1] 2025/11/27 16:10:18.751730      📜 Log: 
[S1] 2025/11/27 16:10:18.751737         [0:T0] 
[S1] 2025/11/27 16:10:18.751745         [1:T1] 
[S1] 2025/11/27 16:10:18.751753         [2:T1] 
[S1] 2025/11/27 16:10:18.751761         [3:T1] 
[S1] 2025/11/27 16:10:18.751770         [4:T1] 
[S1] 2025/11/27 16:10:18.751778         [5:T1] 
[S1] 2025/11/27 16:10:18.751785         [6:T1] 
[S1] 2025/11/27 16:10:18.751794         [7:T1] 
[S1] 2025/11/27 16:10:18.751802         [8:T1] 
[S1] 2025/11/27 16:10:18.751810         [9:T1] 
[S1] 2025/11/27 16:10:18.751818         [10:T1] 
[S1] 2025/11/27 16:10:18.751827         [11:T1] 
[S1] 2025/11/27 16:10:18.751835         [12:T1] 
[S1] 2025/11/27 16:10:18.751843 
[S1] 2025/11/27 16:10:18.751850 ---------------------------------------------------
[S1] 2025/11/27 16:10:18.856984 
[At the start of AppendEntries] 🗂 S1 | Term=1 | Role=Follower | CommitIndex=12 | LastApplied=12
[S1] 2025/11/27 16:10:18.857029      📜 Log: 
[S1] 2025/11/27 16:10:18.857048         [0:T0] 
[S1] 2025/11/27 16:10:18.857061         [1:T1] 
[S1] 2025/11/27 16:10:18.857084         [2:T1] 
[S1] 2025/11/27 16:10:18.857094         [3:T1] 
[S1] 2025/11/27 16:10:18.857104         [4:T1] 
[S1] 2025/11/27 16:10:18.857116         [5:T1] 
[S1] 2025/11/27 16:10:18.857125         [6:T1] 
[S1] 2025/11/27 16:10:18.857134         [7:T1] 
[S1] 2025/11/27 16:10:18.857142         [8:T1] 
[S1] 2025/11/27 16:10:18.857151         [9:T1] 
[S1] 2025/11/27 16:10:18.857160         [10:T1] 
[S1] 2025/11/27 16:10:18.857168         [11:T1] 
[S1] 2025/11/27 16:10:18.857176         [12:T1] 
[S1] 2025/11/27 16:10:18.857185 
[S1] 2025/11/27 16:10:18.857192 ---------------------------------------------------
[S1] 2025/11/27 16:10:18.857204 
[At the end of AppendEntries] 🗂 S1 | Term=1 | Role=Follower | CommitIndex=12 | LastApplied=12
[S1] 2025/11/27 16:10:18.857216      📜 Log: 
[S1] 2025/11/27 16:10:18.857224         [0:T0] 
[S1] 2025/11/27 16:10:18.857233         [1:T1] 
[S1] 2025/11/27 16:10:18.857241         [2:T1] 
[S1] 2025/11/27 16:10:18.857248         [3:T1] 
[S1] 2025/11/27 16:10:18.857256         [4:T1] 
[S1] 2025/11/27 16:10:18.857265         [5:T1] 
[S1] 2025/11/27 16:10:18.857272         [6:T1] 
[S1] 2025/11/27 16:10:18.857280         [7:T1] 
[S1] 2025/11/27 16:10:18.857288         [8:T1] 
[S1] 2025/11/27 16:10:18.857296         [9:T1] 
[S1] 2025/11/27 16:10:18.857305         [10:T1] 
[S1] 2025/11/27 16:10:18.857313         [11:T1] 
[S1] 2025/11/27 16:10:18.857321         [12:T1] 
[S1] 2025/11/27 16:10:18.857329 
[S1] 2025/11/27 16:10:18.857336 ---------------------------------------------------
[S1] 2025/11/27 16:10:19.338947 
[At the start of startElection] 🗂 S1 | Term=1 | Role=Follower | CommitIndex=12 | LastApplied=12
[S1] 2025/11/27 16:10:19.339031      📜 Log: 
[S1] 2025/11/27 16:10:19.339053         [0:T0] 
[S1] 2025/11/27 16:10:19.339095         [1:T1] 
[S1] 2025/11/27 16:10:19.339119         [2:T1] 
[S1] 2025/11/27 16:10:19.339140         [3:T1] 
[S1] 2025/11/27 16:10:19.339158         [4:T1] 
[S1] 2025/11/27 16:10:19.339176         [5:T1] 
[S1] 2025/11/27 16:10:19.339191         [6:T1] 
[S1] 2025/11/27 16:10:19.339210         [7:T1] 
[S1] 2025/11/27 16:10:19.339226         [8:T1] 
[S1] 2025/11/27 16:10:19.339244         [9:T1] 
[S1] 2025/11/27 16:10:19.339261         [10:T1] 
[S1] 2025/11/27 16:10:19.339277         [11:T1] 
[S1] 2025/11/27 16:10:19.339293         [12:T1] 
[S1] 2025/11/27 16:10:19.339310 
[S1] 2025/11/27 16:10:19.339324 ---------------------------------------------------
[S1] 2025/11/27 16:10:19.339652 
[At the end of startElection] 🗂 S1 | Term=2 | Role=Candidate | CommitIndex=12 | LastApplied=12
[S1] 2025/11/27 16:10:19.339681      📜 Log: 
[S1] 2025/11/27 16:10:19.339698         [0:T0] 
[S1] 2025/11/27 16:10:19.339714         [1:T1] 
[S1] 2025/11/27 16:10:19.339728         [2:T1] 
[S1] 2025/11/27 16:10:19.339744         [3:T1] 
[S1] 2025/11/27 16:10:19.339758         [4:T1] 
[S1] 2025/11/27 16:10:19.339772         [5:T1] 
[S1] 2025/11/27 16:10:19.339790         [6:T1] 
[S1] 2025/11/27 16:10:19.339805         [7:T1] 
[S1] 2025/11/27 16:10:19.339819         [8:T1] 
[S1] 2025/11/27 16:10:19.339834         [9:T1] 
[S1] 2025/11/27 16:10:19.339848         [10:T1] 
[S1] 2025/11/27 16:10:19.339865         [11:T1] 
[S1] 2025/11/27 16:10:19.339880         [12:T1] 
[S1] 2025/11/27 16:10:19.339896 
[S1] 2025/11/27 16:10:19.339909 ---------------------------------------------------
[S1] 2025/11/27 16:10:19.340884 
[At the start of broadcast] 🗂 S1 | Term=2 | Role=Leader | CommitIndex=12 | LastApplied=12
[S1] 2025/11/27 16:10:19.340949      📜 Log: 
[S1] 2025/11/27 16:10:19.340962         [0:T0] 
[S1] 2025/11/27 16:10:19.340976         [1:T1] 
[S1] 2025/11/27 16:10:19.340987         [2:T1] 
[S1] 2025/11/27 16:10:19.340996         [3:T1] 
[S1] 2025/11/27 16:10:19.341005         [4:T1] 
[S1] 2025/11/27 16:10:19.341013         [5:T1] 
[S1] 2025/11/27 16:10:19.341021         [6:T1] 
[S1] 2025/11/27 16:10:19.341030         [7:T1] 
[S1] 2025/11/27 16:10:19.341047         [8:T1] 
[S1] 2025/11/27 16:10:19.341055         [9:T1] 
[S1] 2025/11/27 16:10:19.341064         [10:T1] 
[S1] 2025/11/27 16:10:19.341084         [11:T1] 
[S1] 2025/11/27 16:10:19.341094         [12:T1] 
[S1] 2025/11/27 16:10:19.341104 
[S1] 2025/11/27 16:10:19.341112      📌 nextIndex:  [13 13 13]
[S1] 2025/11/27 16:10:19.341129      📎 matchIndex: [0 0 0]
[S1] 2025/11/27 16:10:19.341141 ---------------------------------------------------
[S1] 2025/11/27 16:10:19.341157 
[At the end of broadcast] 🗂 S1 | Term=2 | Role=Leader | CommitIndex=12 | LastApplied=12
[S1] 2025/11/27 16:10:19.341171      📜 Log: 
[S1] 2025/11/27 16:10:19.341179         [0:T0] 
[S1] 2025/11/27 16:10:19.341188         [1:T1] 
[S1] 2025/11/27 16:10:19.341197         [2:T1] 
[S1] 2025/11/27 16:10:19.341205         [3:T1] 
[S1] 2025/11/27 16:10:19.341213         [4:T1] 
[S1] 2025/11/27 16:10:19.341221         [5:T1] 
[S1] 2025/11/27 16:10:19.341232         [6:T1] 
[S1] 2025/11/27 16:10:19.341240         [7:T1] 
[S1] 2025/11/27 16:10:19.341249         [8:T1] 
[S1] 2025/11/27 16:10:19.341258         [9:T1] 
[S1] 2025/11/27 16:10:19.341267         [10:T1] 
[S1] 2025/11/27 16:10:19.341275         [11:T1] 
[S1] 2025/11/27 16:10:19.341284         [12:T1] 
[S1] 2025/11/27 16:10:19.341293 
[S1] 2025/11/27 16:10:19.341300      📌 nextIndex:  [13 13 13]
[S1] 2025/11/27 16:10:19.341313      📎 matchIndex: [0 0 0]
[S1] 2025/11/27 16:10:19.341325 ---------------------------------------------------
[S1] 2025/11/27 16:10:19.342769 
[At the start of handleAppendEntriesReply] 🗂 S1 | Term=2 | Role=Leader | CommitIndex=12 | LastApplied=12
[S1] 2025/11/27 16:10:19.342811      📜 Log: 
[S1] 2025/11/27 16:10:19.342833         [0:T0] 
[S1] 2025/11/27 16:10:19.342854         [1:T1] 
[S1] 2025/11/27 16:10:19.342873         [2:T1] 
[S1] 2025/11/27 16:10:19.342893         [3:T1] 
[S1] 2025/11/27 16:10:19.342911         [4:T1] 
[S1] 2025/11/27 16:10:19.342927         [5:T1] 
[S1] 2025/11/27 16:10:19.342945         [6:T1] 
[S1] 2025/11/27 16:10:19.342964         [7:T1] 
[S1] 2025/11/27 16:10:19.342981         [8:T1] 
[S1] 2025/11/27 16:10:19.342998         [9:T1] 
[S1] 2025/11/27 16:10:19.343016         [10:T1] 
[S1] 2025/11/27 16:10:19.343037         [11:T1] 
[S1] 2025/11/27 16:10:19.343055         [12:T1] 
[S1] 2025/11/27 16:10:19.343088 
[S1] 2025/11/27 16:10:19.343107      📌 nextIndex:  [13 13 13]
[S1] 2025/11/27 16:10:19.343137      📎 matchIndex: [0 0 0]
[S1] 2025/11/27 16:10:19.343166 ---------------------------------------------------
[S1] 2025/11/27 16:10:19.343188 
[At the end of handleAppendEntriesReply] 🗂 S1 | Term=2 | Role=Leader | CommitIndex=12 | LastApplied=12
[S1] 2025/11/27 16:10:19.343216      📜 Log: 
[S1] 2025/11/27 16:10:19.343233         [0:T0] 
[S1] 2025/11/27 16:10:19.343253         [1:T1] 
[S1] 2025/11/27 16:10:19.343275         [2:T1] 
[S1] 2025/11/27 16:10:19.343295         [3:T1] 
[S1] 2025/11/27 16:10:19.343314         [4:T1] 
[S1] 2025/11/27 16:10:19.343332         [5:T1] 
[S1] 2025/11/27 16:10:19.343349         [6:T1] 
[S1] 2025/11/27 16:10:19.343367         [7:T1] 
[S1] 2025/11/27 16:10:19.343386         [8:T1] 
[S1] 2025/11/27 16:10:19.343408         [9:T1] 
[S1] 2025/11/27 16:10:19.343428         [10:T1] 
[S1] 2025/11/27 16:10:19.343451         [11:T1] 
[S1] 2025/11/27 16:10:19.343469         [12:T1] 
[S1] 2025/11/27 16:10:19.343489 
[S1] 2025/11/27 16:10:19.343505      📌 nextIndex:  [13 13 13]
[S1] 2025/11/27 16:10:19.343532      📎 matchIndex: [12 0 0]
[S1] 2025/11/27 16:10:19.343561 ---------------------------------------------------
[S1] 2025/11/27 16:10:19.445904 
[At the start of broadcast] 🗂 S1 | Term=2 | Role=Leader | CommitIndex=12 | LastApplied=12
[S1] 2025/11/27 16:10:19.445981      📜 Log: 
[S1] 2025/11/27 16:10:19.445994         [0:T0] 
[S1] 2025/11/27 16:10:19.446006         [1:T1] 
[S1] 2025/11/27 16:10:19.446015         [2:T1] 
[S1] 2025/11/27 16:10:19.446025         [3:T1] 
[S1] 2025/11/27 16:10:19.446034         [4:T1] 
[S1] 2025/11/27 16:10:19.446050         [5:T1] 
[S1] 2025/11/27 16:10:19.446058         [6:T1] 
[S1] 2025/11/27 16:10:19.446065         [7:T1] 
[S1] 2025/11/27 16:10:19.446079         [8:T1] 
[S1] 2025/11/27 16:10:19.446086         [9:T1] 
[S1] 2025/11/27 16:10:19.446094         [10:T1] 
[S1] 2025/11/27 16:10:19.446103         [11:T1] 
[S1] 2025/11/27 16:10:19.446112         [12:T1] 
[S1] 2025/11/27 16:10:19.446119         [13:T2] 
[S1] 2025/11/27 16:10:19.446127 
[S1] 2025/11/27 16:10:19.446133      📌 nextIndex:  [13 13 13]
[S1] 2025/11/27 16:10:19.446149      📎 matchIndex: [12 13 0]
[S1] 2025/11/27 16:10:19.446160 ---------------------------------------------------
[S1] 2025/11/27 16:10:19.446182 
[At the end of broadcast] 🗂 S1 | Term=2 | Role=Leader | CommitIndex=12 | LastApplied=12
[S1] 2025/11/27 16:10:19.446194      📜 Log: 
[S1] 2025/11/27 16:10:19.446203         [0:T0] 
[S1] 2025/11/27 16:10:19.446210         [1:T1] 
[S1] 2025/11/27 16:10:19.446216         [2:T1] 
[S1] 2025/11/27 16:10:19.446223         [3:T1] 
[S1] 2025/11/27 16:10:19.446230         [4:T1] 
[S1] 2025/11/27 16:10:19.446236         [5:T1] 
[S1] 2025/11/27 16:10:19.446242         [6:T1] 
[S1] 2025/11/27 16:10:19.446251         [7:T1] 
[S1] 2025/11/27 16:10:19.446257         [8:T1] 
[S1] 2025/11/27 16:10:19.446263         [9:T1] 
[S1] 2025/11/27 16:10:19.446269         [10:T1] 
[S1] 2025/11/27 16:10:19.446276         [11:T1] 
[S1] 2025/11/27 16:10:19.446282         [12:T1] 
[S1] 2025/11/27 16:10:19.446288         [13:T2] 
[S1] 2025/11/27 16:10:19.446295 
[S1] 2025/11/27 16:10:19.446300      📌 nextIndex:  [13 13 13]
[S1] 2025/11/27 16:10:19.446310      📎 matchIndex: [12 13 0]
[S1] 2025/11/27 16:10:19.446318 ---------------------------------------------------
[S1] 2025/11/27 16:10:19.447216 
[At the start of handleAppendEntriesReply] 🗂 S1 | Term=2 | Role=Leader | CommitIndex=12 | LastApplied=12
[S1] 2025/11/27 16:10:19.447235      📜 Log: 
[S1] 2025/11/27 16:10:19.447243         [0:T0] 
[S1] 2025/11/27 16:10:19.447252         [1:T1] 
[S1] 2025/11/27 16:10:19.447259         [2:T1] 
[S1] 2025/11/27 16:10:19.447267         [3:T1] 
[S1] 2025/11/27 16:10:19.447274         [4:T1] 
[S1] 2025/11/27 16:10:19.447281         [5:T1] 
[S1] 2025/11/27 16:10:19.447289         [6:T1] 
[S1] 2025/11/27 16:10:19.447295         [7:T1] 
[S1] 2025/11/27 16:10:19.447302         [8:T1] 
[S1] 2025/11/27 16:10:19.447309         [9:T1] 
[S1] 2025/11/27 16:10:19.447315         [10:T1] 
[S1] 2025/11/27 16:10:19.447322         [11:T1] 
[S1] 2025/11/27 16:10:19.447329         [12:T1] 
[S1] 2025/11/27 16:10:19.447336         [13:T2] 
[S1] 2025/11/27 16:10:19.447343 
[S1] 2025/11/27 16:10:19.447348      📌 nextIndex:  [13 13 13]
[S1] 2025/11/27 16:10:19.447359      📎 matchIndex: [12 13 0]
[S1] 2025/11/27 16:10:19.447370 ---------------------------------------------------
[S1] 2025/11/27 16:10:19.447380 
[At the end of handleAppendEntriesReply] 🗂 S1 | Term=2 | Role=Leader | CommitIndex=13 | LastApplied=12
[S1] 2025/11/27 16:10:19.447391      📜 Log: 
[S1] 2025/11/27 16:10:19.447396         [0:T0] 
[S1] 2025/11/27 16:10:19.447403         [1:T1] 
[S1] 2025/11/27 16:10:19.447410         [2:T1] 
[S1] 2025/11/27 16:10:19.447416         [3:T1] 
[S1] 2025/11/27 16:10:19.447422         [4:T1] 
[S1] 2025/11/27 16:10:19.447429         [5:T1] 
[S1] 2025/11/27 16:10:19.447435         [6:T1] 
[S1] 2025/11/27 16:10:19.447441         [7:T1] 
[S1] 2025/11/27 16:10:19.447448         [8:T1] 
[S1] 2025/11/27 16:10:19.447454         [9:T1] 
[S1] 2025/11/27 16:10:19.447460         [10:T1] 
[S1] 2025/11/27 16:10:19.447466         [11:T1] 
[S1] 2025/11/27 16:10:19.447473         [12:T1] 
[S1] 2025/11/27 16:10:19.447479         [13:T2] 
[S1] 2025/11/27 16:10:19.447485 
[S1] 2025/11/27 16:10:19.447491      📌 nextIndex:  [14 13 13]
[S1] 2025/11/27 16:10:19.447501      📎 matchIndex: [13 13 0]
[S1] 2025/11/27 16:10:19.447510 ---------------------------------------------------
[S1] 2025/11/27 16:10:19.553073 
[At the start of broadcast] 🗂 S1 | Term=2 | Role=Leader | CommitIndex=13 | LastApplied=13
[S1] 2025/11/27 16:10:19.553327      📜 Log: 
[S1] 2025/11/27 16:10:19.553355         [0:T0] 
[S1] 2025/11/27 16:10:19.553378         [1:T1] 
[S1] 2025/11/27 16:10:19.553399         [2:T1] 
[S1] 2025/11/27 16:10:19.553417         [3:T1] 
[S1] 2025/11/27 16:10:19.553436         [4:T1] 
[S1] 2025/11/27 16:10:19.553461         [5:T1] 
[S1] 2025/11/27 16:10:19.553479         [6:T1] 
[S1] 2025/11/27 16:10:19.553497         [7:T1] 
[S1] 2025/11/27 16:10:19.553516         [8:T1] 
[S1] 2025/11/27 16:10:19.553537         [9:T1] 
[S1] 2025/11/27 16:10:19.553556         [10:T1] 
[S1] 2025/11/27 16:10:19.553575         [11:T1] 
[S1] 2025/11/27 16:10:19.553594         [12:T1] 
[S1] 2025/11/27 16:10:19.553613         [13:T2] 
[S1] 2025/11/27 16:10:19.553630 
[S1] 2025/11/27 16:10:19.553645      📌 nextIndex:  [14 13 13]
[S1] 2025/11/27 16:10:19.553681      📎 matchIndex: [13 13 0]
[S1] 2025/11/27 16:10:19.553704 ---------------------------------------------------
[S1] 2025/11/27 16:10:19.553765 
[At the end of broadcast] 🗂 S1 | Term=2 | Role=Leader | CommitIndex=13 | LastApplied=13
[S1] 2025/11/27 16:10:19.553792      📜 Log: 
[S1] 2025/11/27 16:10:19.553807         [0:T0] 
[S1] 2025/11/27 16:10:19.553826         [1:T1] 
[S1] 2025/11/27 16:10:19.553842         [2:T1] 
[S1] 2025/11/27 16:10:19.553860         [3:T1] 
[S1] 2025/11/27 16:10:19.553878         [4:T1] 
[S1] 2025/11/27 16:10:19.553894         [5:T1] 
[S1] 2025/11/27 16:10:19.553910         [6:T1] 
[S1] 2025/11/27 16:10:19.553928         [7:T1] 
[S1] 2025/11/27 16:10:19.553944         [8:T1] 
[S1] 2025/11/27 16:10:19.553960         [9:T1] 
[S1] 2025/11/27 16:10:19.553979         [10:T1] 
[S1] 2025/11/27 16:10:19.553996         [11:T1] 
[S1] 2025/11/27 16:10:19.554012         [12:T1] 
[S1] 2025/11/27 16:10:19.554028         [13:T2] 
[S1] 2025/11/27 16:10:19.554047 
[S1] 2025/11/27 16:10:19.554061      📌 nextIndex:  [14 13 13]
[S1] 2025/11/27 16:10:19.554103      📎 matchIndex: [13 13 0]
[S1] 2025/11/27 16:10:19.554125 ---------------------------------------------------
[S1] 2025/11/27 16:10:19.555970 
[At the start of handleAppendEntriesReply] 🗂 S1 | Term=2 | Role=Leader | CommitIndex=13 | LastApplied=13
[S1] 2025/11/27 16:10:19.556022      📜 Log: 
[S1] 2025/11/27 16:10:19.556047         [0:T0] 
[S1] 2025/11/27 16:10:19.556082         [1:T1] 
[S1] 2025/11/27 16:10:19.556110         [2:T1] 
[S1] 2025/11/27 16:10:19.556133         [3:T1] 
[S1] 2025/11/27 16:10:19.556156         [4:T1] 
[S1] 2025/11/27 16:10:19.556179         [5:T1] 
[S1] 2025/11/27 16:10:19.556203         [6:T1] 
[S1] 2025/11/27 16:10:19.556225         [7:T1] 
[S1] 2025/11/27 16:10:19.556246         [8:T1] 
[S1] 2025/11/27 16:10:19.556266         [9:T1] 
[S1] 2025/11/27 16:10:19.556290         [10:T1] 
[S1] 2025/11/27 16:10:19.556313         [11:T1] 
[S1] 2025/11/27 16:10:19.556336         [12:T1] 
[S1] 2025/11/27 16:10:19.556356         [13:T2] 
[S1] 2025/11/27 16:10:19.556375 
[S1] 2025/11/27 16:10:19.556394      📌 nextIndex:  [14 13 13]
[S1] 2025/11/27 16:10:19.556427      📎 matchIndex: [13 13 0]
[S1] 2025/11/27 16:10:19.556454 ---------------------------------------------------
[S1] 2025/11/27 16:10:19.556476 
[At the end of handleAppendEntriesReply] 🗂 S1 | Term=2 | Role=Leader | CommitIndex=13 | LastApplied=13
[S1] 2025/11/27 16:10:19.556507      📜 Log: 
[S1] 2025/11/27 16:10:19.556526         [0:T0] 
[S1] 2025/11/27 16:10:19.556548         [1:T1] 
[S1] 2025/11/27 16:10:19.556569         [2:T1] 
[S1] 2025/11/27 16:10:19.556588         [3:T1] 
[S1] 2025/11/27 16:10:19.556606         [4:T1] 
[S1] 2025/11/27 16:10:19.556627         [5:T1] 
[S1] 2025/11/27 16:10:19.556645         [6:T1] 
[S1] 2025/11/27 16:10:19.556663         [7:T1] 
[S1] 2025/11/27 16:10:19.556681         [8:T1] 
[S1] 2025/11/27 16:10:19.556700         [9:T1] 
[S1] 2025/11/27 16:10:19.556721         [10:T1] 
[S1] 2025/11/27 16:10:19.556740         [11:T1] 
[S1] 2025/11/27 16:10:19.556763         [12:T1] 
[S1] 2025/11/27 16:10:19.556781         [13:T2] 
[S1] 2025/11/27 16:10:19.556801 
[S1] 2025/11/27 16:10:19.556834      📌 nextIndex:  [14 13 13]
[S1] 2025/11/27 16:10:19.556865      📎 matchIndex: [13 13 0]
[S1] 2025/11/27 16:10:19.556892 ---------------------------------------------------
[S1] 2025/11/27 16:10:19.661742 
[At the start of broadcast] 🗂 S1 | Term=2 | Role=Leader | CommitIndex=13 | LastApplied=13
[S1] 2025/11/27 16:10:19.661839      📜 Log: 
[S1] 2025/11/27 16:10:19.661866         [0:T0] 
[S1] 2025/11/27 16:10:19.661894         [1:T1] 
[S1] 2025/11/27 16:10:19.661916         [2:T1] 
[S1] 2025/11/27 16:10:19.661938         [3:T1] 
[S1] 2025/11/27 16:10:19.661958         [4:T1] 
[S1] 2025/11/27 16:10:19.661979         [5:T1] 
[S1] 2025/11/27 16:10:19.662004         [6:T1] 
[S1] 2025/11/27 16:10:19.662026         [7:T1] 
[S1] 2025/11/27 16:10:19.662045         [8:T1] 
[S1] 2025/11/27 16:10:19.662067         [9:T1] 
[S1] 2025/11/27 16:10:19.662103         [10:T1] 
[S1] 2025/11/27 16:10:19.662129         [11:T1] 
[S1] 2025/11/27 16:10:19.662150         [12:T1] 
[S1] 2025/11/27 16:10:19.662170         [13:T2] 
[S1] 2025/11/27 16:10:19.662189         [14:T2] 
[S1] 2025/11/27 16:10:19.662208 
[S1] 2025/11/27 16:10:19.662225      📌 nextIndex:  [14 13 13]
[S1] 2025/11/27 16:10:19.662264      📎 matchIndex: [13 14 0]
[S1] 2025/11/27 16:10:19.662291 ---------------------------------------------------
[S1] 2025/11/27 16:10:19.662339 
[At the end of broadcast] 🗂 S1 | Term=2 | Role=Leader | CommitIndex=13 | LastApplied=13
[S1] 2025/11/27 16:10:19.662368      📜 Log: 
[S1] 2025/11/27 16:10:19.662389         [0:T0] 
[S1] 2025/11/27 16:10:19.662410         [1:T1] 
[S1] 2025/11/27 16:10:19.662432         [2:T1] 
[S1] 2025/11/27 16:10:19.662452         [3:T1] 
[S1] 2025/11/27 16:10:19.662472         [4:T1] 
[S1] 2025/11/27 16:10:19.662495         [5:T1] 
[S1] 2025/11/27 16:10:19.662514         [6:T1] 
[S1] 2025/11/27 16:10:19.662534         [7:T1] 
[S1] 2025/11/27 16:10:19.662552         [8:T1] 
[S1] 2025/11/27 16:10:19.662573         [9:T1] 
[S1] 2025/11/27 16:10:19.662591         [10:T1] 
[S1] 2025/11/27 16:10:19.662612         [11:T1] 
[S1] 2025/11/27 16:10:19.662632         [12:T1] 
[S1] 2025/11/27 16:10:19.662651         [13:T2] 
[S1] 2025/11/27 16:10:19.662670         [14:T2] 
[S1] 2025/11/27 16:10:19.662689 
[S1] 2025/11/27 16:10:19.662705      📌 nextIndex:  [14 13 13]
[S1] 2025/11/27 16:10:19.662737      📎 matchIndex: [13 14 0]
[S1] 2025/11/27 16:10:19.662764 ---------------------------------------------------
[S1] 2025/11/27 16:10:19.664357 
[At the start of handleAppendEntriesReply] 🗂 S1 | Term=2 | Role=Leader | CommitIndex=13 | LastApplied=13
[S1] 2025/11/27 16:10:19.664390      📜 Log: 
[S1] 2025/11/27 16:10:19.664404         [0:T0] 
[S1] 2025/11/27 16:10:19.664417         [1:T1] 
[S1] 2025/11/27 16:10:19.664430         [2:T1] 
[S1] 2025/11/27 16:10:19.664443         [3:T1] 
[S1] 2025/11/27 16:10:19.664458         [4:T1] 
[S1] 2025/11/27 16:10:19.664470         [5:T1] 
[S1] 2025/11/27 16:10:19.664482         [6:T1] 
[S1] 2025/11/27 16:10:19.664493         [7:T1] 
[S1] 2025/11/27 16:10:19.664504         [8:T1] 
[S1] 2025/11/27 16:10:19.664515         [9:T1] 
[S1] 2025/11/27 16:10:19.664526         [10:T1] 
[S1] 2025/11/27 16:10:19.664539         [11:T1] 
[S1] 2025/11/27 16:10:19.664550         [12:T1] 
[S1] 2025/11/27 16:10:19.664563         [13:T2] 
[S1] 2025/11/27 16:10:19.664575         [14:T2] 
[S1] 2025/11/27 16:10:19.664587 
[S1] 2025/11/27 16:10:19.664598      📌 nextIndex:  [14 13 13]
[S1] 2025/11/27 16:10:19.664621      📎 matchIndex: [13 14 0]
[S1] 2025/11/27 16:10:19.664639 ---------------------------------------------------
[S1] 2025/11/27 16:10:19.664659 
[At the end of handleAppendEntriesReply] 🗂 S1 | Term=2 | Role=Leader | CommitIndex=14 | LastApplied=13
[S1] 2025/11/27 16:10:19.664681      📜 Log: 
[S1] 2025/11/27 16:10:19.664692         [0:T0] 
[S1] 2025/11/27 16:10:19.664705         [1:T1] 
[S1] 2025/11/27 16:10:19.664719         [2:T1] 
[S1] 2025/11/27 16:10:19.664730         [3:T1] 
[S1] 2025/11/27 16:10:19.664743         [4:T1] 
[S1] 2025/11/27 16:10:19.664762         [5:T1] 
[S1] 2025/11/27 16:10:19.664774         [6:T1] 
[S1] 2025/11/27 16:10:19.664789         [7:T1] 
[S1] 2025/11/27 16:10:19.664808         [8:T1] 
[S1] 2025/11/27 16:10:19.664823         [9:T1] 
[S1] 2025/11/27 16:10:19.664836         [10:T1] 
[S1] 2025/11/27 16:10:19.664848         [11:T1] 
[S1] 2025/11/27 16:10:19.664861         [12:T1] 
[S1] 2025/11/27 16:10:19.664874         [13:T2] 
[S1] 2025/11/27 16:10:19.664891         [14:T2] 
[S1] 2025/11/27 16:10:19.664905 
[S1] 2025/11/27 16:10:19.664915      📌 nextIndex:  [15 13 13]
[S1] 2025/11/27 16:10:19.664940      📎 matchIndex: [14 14 0]
[S1] 2025/11/27 16:10:19.664960 ---------------------------------------------------
[S1] 2025/11/27 16:10:19.769048 
[At the start of broadcast] 🗂 S1 | Term=2 | Role=Leader | CommitIndex=14 | LastApplied=14
[S1] 2025/11/27 16:10:19.769145      📜 Log: 
[S1] 2025/11/27 16:10:19.769163         [0:T0] 
[S1] 2025/11/27 16:10:19.769181         [1:T1] 
[S1] 2025/11/27 16:10:19.769198         [2:T1] 
[S1] 2025/11/27 16:10:19.769212         [3:T1] 
[S1] 2025/11/27 16:10:19.769224         [4:T1] 
[S1] 2025/11/27 16:10:19.769236         [5:T1] 
[S1] 2025/11/27 16:10:19.769253         [6:T1] 
[S1] 2025/11/27 16:10:19.769274         [7:T1] 
[S1] 2025/11/27 16:10:19.769287         [8:T1] 
[S1] 2025/11/27 16:10:19.769300         [9:T1] 
[S1] 2025/11/27 16:10:19.769316         [10:T1] 
[S1] 2025/11/27 16:10:19.769332         [11:T1] 
[S1] 2025/11/27 16:10:19.769349         [12:T1] 
[S1] 2025/11/27 16:10:19.769361         [13:T2] 
[S1] 2025/11/27 16:10:19.769372         [14:T2] 
[S1] 2025/11/27 16:10:19.769384 
[S1] 2025/11/27 16:10:19.769395      📌 nextIndex:  [15 13 13]
[S1] 2025/11/27 16:10:19.769423      📎 matchIndex: [14 14 0]
[S1] 2025/11/27 16:10:19.769438 ---------------------------------------------------
[S1] 2025/11/27 16:10:19.769621 
[At the end of broadcast] 🗂 S1 | Term=2 | Role=Leader | CommitIndex=14 | LastApplied=14
[S1] 2025/11/27 16:10:19.769642      📜 Log: 
[S1] 2025/11/27 16:10:19.769654         [0:T0] 
[S1] 2025/11/27 16:10:19.769666         [1:T1] 
[S1] 2025/11/27 16:10:19.769680         [2:T1] 
[S1] 2025/11/27 16:10:19.769700         [3:T1] 
[S1] 2025/11/27 16:10:19.769711         [4:T1] 
[S1] 2025/11/27 16:10:19.769723         [5:T1] 
[S1] 2025/11/27 16:10:19.769738         [6:T1] 
[S1] 2025/11/27 16:10:19.769752         [7:T1] 
[S1] 2025/11/27 16:10:19.769767         [8:T1] 
[S1] 2025/11/27 16:10:19.769783         [9:T1] 
[S1] 2025/11/27 16:10:19.769801         [10:T1] 
[S1] 2025/11/27 16:10:19.769818         [11:T1] 
[S1] 2025/11/27 16:10:19.769835         [12:T1] 
[S1] 2025/11/27 16:10:19.769852         [13:T2] 
[S1] 2025/11/27 16:10:19.769875         [14:T2] 
[S1] 2025/11/27 16:10:19.769894 
[S1] 2025/11/27 16:10:19.769910      📌 nextIndex:  [15 13 13]
[S1] 2025/11/27 16:10:19.769937      📎 matchIndex: [14 14 0]
[S1] 2025/11/27 16:10:19.769960 ---------------------------------------------------
[S1] 2025/11/27 16:10:19.772003 
[At the start of handleAppendEntriesReply] 🗂 S1 | Term=2 | Role=Leader | CommitIndex=14 | LastApplied=14
[S1] 2025/11/27 16:10:19.772078      📜 Log: 
[S1] 2025/11/27 16:10:19.772107         [0:T0] 
[S1] 2025/11/27 16:10:19.772131         [1:T1] 
[S1] 2025/11/27 16:10:19.772152         [2:T1] 
[S1] 2025/11/27 16:10:19.772171         [3:T1] 
[S1] 2025/11/27 16:10:19.772190         [4:T1] 
[S1] 2025/11/27 16:10:19.772207         [5:T1] 
[S1] 2025/11/27 16:10:19.772224         [6:T1] 
[S1] 2025/11/27 16:10:19.772240         [7:T1] 
[S1] 2025/11/27 16:10:19.772259         [8:T1] 
[S1] 2025/11/27 16:10:19.772275         [9:T1] 
[S1] 2025/11/27 16:10:19.772292         [10:T1] 
[S1] 2025/11/27 16:10:19.772309         [11:T1] 
[S1] 2025/11/27 16:10:19.772324         [12:T1] 
[S1] 2025/11/27 16:10:19.772342         [13:T2] 
[S1] 2025/11/27 16:10:19.772363         [14:T2] 
[S1] 2025/11/27 16:10:19.772380 
[S1] 2025/11/27 16:10:19.772395      📌 nextIndex:  [15 13 13]
[S1] 2025/11/27 16:10:19.772434      📎 matchIndex: [14 14 0]
[S1] 2025/11/27 16:10:19.772473 ---------------------------------------------------
[S1] 2025/11/27 16:10:19.772495 
[At the end of handleAppendEntriesReply] 🗂 S1 | Term=2 | Role=Leader | CommitIndex=14 | LastApplied=14
[S1] 2025/11/27 16:10:19.772520      📜 Log: 
[S1] 2025/11/27 16:10:19.772536         [0:T0] 
[S1] 2025/11/27 16:10:19.772555         [1:T1] 
[S1] 2025/11/27 16:10:19.772573         [2:T1] 
[S1] 2025/11/27 16:10:19.772589         [3:T1] 
[S1] 2025/11/27 16:10:19.772608         [4:T1] 
[S1] 2025/11/27 16:10:19.772624         [5:T1] 
[S1] 2025/11/27 16:10:19.772641         [6:T1] 
[S1] 2025/11/27 16:10:19.772660         [7:T1] 
[S1] 2025/11/27 16:10:19.772676         [8:T1] 
[S1] 2025/11/27 16:10:19.772692         [9:T1] 
[S1] 2025/11/27 16:10:19.772709         [10:T1] 
[S1] 2025/11/27 16:10:19.772725         [11:T1] 
[S1] 2025/11/27 16:10:19.772743         [12:T1] 
[S1] 2025/11/27 16:10:19.772758         [13:T2] 
[S1] 2025/11/27 16:10:19.772776         [14:T2] 
[S1] 2025/11/27 16:10:19.772793 
[S1] 2025/11/27 16:10:19.772807      📌 nextIndex:  [15 13 13]
[S1] 2025/11/27 16:10:19.772831      📎 matchIndex: [14 14 0]
[S1] 2025/11/27 16:10:19.772856 ---------------------------------------------------
[S1] 2025/11/27 16:10:19.817583 
[At the start of AppendEntries] 🗂 S1 | Term=2 | Role=Leader | CommitIndex=14 | LastApplied=14
[S1] 2025/11/27 16:10:19.817617      📜 Log: 
[S1] 2025/11/27 16:10:19.817632         [0:T0] 
[S1] 2025/11/27 16:10:19.817645         [1:T1] 
[S1] 2025/11/27 16:10:19.817659         [2:T1] 
[S1] 2025/11/27 16:10:19.817670         [3:T1] 
[S1] 2025/11/27 16:10:19.817681         [4:T1] 
[S1] 2025/11/27 16:10:19.817692         [5:T1] 
[S1] 2025/11/27 16:10:19.817701         [6:T1] 
[S1] 2025/11/27 16:10:19.817715         [7:T1] 
[S1] 2025/11/27 16:10:19.817726         [8:T1] 
[S1] 2025/11/27 16:10:19.817736         [9:T1] 
[S1] 2025/11/27 16:10:19.817748         [10:T1] 
[S1] 2025/11/27 16:10:19.817758         [11:T1] 
[S1] 2025/11/27 16:10:19.817768         [12:T1] 
[S1] 2025/11/27 16:10:19.817778         [13:T2] 
[S1] 2025/11/27 16:10:19.817789         [14:T2] 
[S1] 2025/11/27 16:10:19.817799         [15:T2] 
[S1] 2025/11/27 16:10:19.817810 
[S1] 2025/11/27 16:10:19.817821      📌 nextIndex:  [15 13 13]
[S1] 2025/11/27 16:10:19.817837      📎 matchIndex: [14 15 0]
[S1] 2025/11/27 16:10:19.817851 ---------------------------------------------------
[S1] 2025/11/27 16:10:19.876311 
[At the start of broadcast] 🗂 S1 | Term=2 | Role=Leader | CommitIndex=14 | LastApplied=14
[S1] 2025/11/27 16:10:19.876415      📜 Log: 
[S1] 2025/11/27 16:10:19.876440         [0:T0] 
[S1] 2025/11/27 16:10:19.876461         [1:T1] 
[S1] 2025/11/27 16:10:19.876483         [2:T1] 
[S1] 2025/11/27 16:10:19.876501         [3:T1] 
[S1] 2025/11/27 16:10:19.876520         [4:T1] 
[S1] 2025/11/27 16:10:19.876536         [5:T1] 
[S1] 2025/11/27 16:10:19.876556         [6:T1] 
[S1] 2025/11/27 16:10:19.876572         [7:T1] 
[S1] 2025/11/27 16:10:19.876588         [8:T1] 
[S1] 2025/11/27 16:10:19.876606         [9:T1] 
[S1] 2025/11/27 16:10:19.876622         [10:T1] 
[S1] 2025/11/27 16:10:19.876640         [11:T1] 
[S1] 2025/11/27 16:10:19.876658         [12:T1] 
[S1] 2025/11/27 16:10:19.876674         [13:T2] 
[S1] 2025/11/27 16:10:19.876690         [14:T2] 
[S1] 2025/11/27 16:10:19.876706         [15:T2] 
[S1] 2025/11/27 16:10:19.876722 
[S1] 2025/11/27 16:10:19.876738      📌 nextIndex:  [15 13 13]
[S1] 2025/11/27 16:10:19.876769      📎 matchIndex: [14 15 0]
[S1] 2025/11/27 16:10:19.876792 ---------------------------------------------------
[S1] 2025/11/27 16:10:19.876831 
[At the end of broadcast] 🗂 S1 | Term=2 | Role=Leader | CommitIndex=14 | LastApplied=14
[S1] 2025/11/27 16:10:19.876859      📜 Log: 
[S1] 2025/11/27 16:10:19.876875         [0:T0] 
[S1] 2025/11/27 16:10:19.876892         [1:T1] 
[S1] 2025/11/27 16:10:19.876911         [2:T1] 
[S1] 2025/11/27 16:10:19.876927         [3:T1] 
[S1] 2025/11/27 16:10:19.876943         [4:T1] 
[S1] 2025/11/27 16:10:19.876958         [5:T1] 
[S1] 2025/11/27 16:10:19.876990         [6:T1] 
[S1] 2025/11/27 16:10:19.877007         [7:T1] 
[S1] 2025/11/27 16:10:19.877022         [8:T1] 
[S1] 2025/11/27 16:10:19.877048         [9:T1] 
[S1] 2025/11/27 16:10:19.877062         [10:T1] 
[S1] 2025/11/27 16:10:19.877093         [11:T1] 
[S1] 2025/11/27 16:10:19.877109         [12:T1] 
[S1] 2025/11/27 16:10:19.877125         [13:T2] 
[S1] 2025/11/27 16:10:19.877139         [14:T2] 
[S1] 2025/11/27 16:10:19.877156         [15:T2] 
[S1] 2025/11/27 16:10:19.877173 
[S1] 2025/11/27 16:10:19.877186      📌 nextIndex:  [15 13 13]
[S1] 2025/11/27 16:10:19.877209      📎 matchIndex: [14 15 0]
[S1] 2025/11/27 16:10:19.877230 ---------------------------------------------------
[S1] 2025/11/27 16:10:19.878524 
[At the start of handleAppendEntriesReply] 🗂 S1 | Term=2 | Role=Leader | CommitIndex=14 | LastApplied=14
[S1] 2025/11/27 16:10:19.878543      📜 Log: 
[S1] 2025/11/27 16:10:19.878552         [0:T0] 
[S1] 2025/11/27 16:10:19.878561         [1:T1] 
[S1] 2025/11/27 16:10:19.878570         [2:T1] 
[S1] 2025/11/27 16:10:19.878579         [3:T1] 
[S1] 2025/11/27 16:10:19.878588         [4:T1] 
[S1] 2025/11/27 16:10:19.878596         [5:T1] 
[S1] 2025/11/27 16:10:19.878604         [6:T1] 
[S1] 2025/11/27 16:10:19.878611         [7:T1] 
[S1] 2025/11/27 16:10:19.878620         [8:T1] 
[S1] 2025/11/27 16:10:19.878628         [9:T1] 
[S1] 2025/11/27 16:10:19.878636         [10:T1] 
[S1] 2025/11/27 16:10:19.878644         [11:T1] 
[S1] 2025/11/27 16:10:19.878652         [12:T1] 
[S1] 2025/11/27 16:10:19.878660         [13:T2] 
[S1] 2025/11/27 16:10:19.878668         [14:T2] 
[S1] 2025/11/27 16:10:19.878677         [15:T2] 
[S1] 2025/11/27 16:10:19.878684 
[S1] 2025/11/27 16:10:19.878692      📌 nextIndex:  [15 13 13]
[S1] 2025/11/27 16:10:19.878706      📎 matchIndex: [14 15 0]
[S1] 2025/11/27 16:10:19.878717 ---------------------------------------------------
[S1] 2025/11/27 16:10:19.878730 
[At the end of handleAppendEntriesReply] 🗂 S1 | Term=2 | Role=Leader | CommitIndex=15 | LastApplied=14
[S1] 2025/11/27 16:10:19.878743      📜 Log: 
[S1] 2025/11/27 16:10:19.878749         [0:T0] 
[S1] 2025/11/27 16:10:19.878757         [1:T1] 
[S1] 2025/11/27 16:10:19.878766         [2:T1] 
[S1] 2025/11/27 16:10:19.878774         [3:T1] 
[S1] 2025/11/27 16:10:19.878782         [4:T1] 
[S1] 2025/11/27 16:10:19.878790         [5:T1] 
[S1] 2025/11/27 16:10:19.878799         [6:T1] 
[S1] 2025/11/27 16:10:19.878807         [7:T1] 
[S1] 2025/11/27 16:10:19.878815         [8:T1] 
[S1] 2025/11/27 16:10:19.878824         [9:T1] 
[S1] 2025/11/27 16:10:19.878832         [10:T1] 
[S1] 2025/11/27 16:10:19.878840         [11:T1] 
[S1] 2025/11/27 16:10:19.878849         [12:T1] 
[S1] 2025/11/27 16:10:19.878857         [13:T2] 
[S1] 2025/11/27 16:10:19.878866         [14:T2] 
[S1] 2025/11/27 16:10:19.878875         [15:T2] 
[S1] 2025/11/27 16:10:19.878883 
[S1] 2025/11/27 16:10:19.878890      📌 nextIndex:  [16 13 13]
[S1] 2025/11/27 16:10:19.878902      📎 matchIndex: [15 15 0]
[S1] 2025/11/27 16:10:19.878913 ---------------------------------------------------
[S1] 2025/11/27 16:10:19.879517 
[At the start of handleAppendEntriesReply] 🗂 S1 | Term=2 | Role=Leader | CommitIndex=15 | LastApplied=15
[S1] 2025/11/27 16:10:19.879555      📜 Log: 
[S1] 2025/11/27 16:10:19.879577         [0:T0] 
[S1] 2025/11/27 16:10:19.879598         [1:T1] 
[S1] 2025/11/27 16:10:19.879616         [2:T1] 
[S1] 2025/11/27 16:10:19.879632         [3:T1] 
[S1] 2025/11/27 16:10:19.879659         [4:T1] 
[S1] 2025/11/27 16:10:19.879683         [5:T1] 
[S1] 2025/11/27 16:10:19.879706         [6:T1] 
[S1] 2025/11/27 16:10:19.879728         [7:T1] 
[S1] 2025/11/27 16:10:19.879751         [8:T1] 
[S1] 2025/11/27 16:10:19.879773         [9:T1] 
[S1] 2025/11/27 16:10:19.879797         [10:T1] 
[S1] 2025/11/27 16:10:19.879818         [11:T1] 
[S1] 2025/11/27 16:10:19.879843         [12:T1] 
[S1] 2025/11/27 16:10:19.879865         [13:T2] 
[S1] 2025/11/27 16:10:19.879887         [14:T2] 
[S1] 2025/11/27 16:10:19.879910         [15:T2] 
[S1] 2025/11/27 16:10:19.879940 
[S1] 2025/11/27 16:10:19.879957      📌 nextIndex:  [16 13 13]
[S1] 2025/11/27 16:10:19.879991      📎 matchIndex: [15 15 0]
[S1] 2025/11/27 16:10:19.880022 ---------------------------------------------------
[S1] 2025/11/27 16:10:19.880044 
[At the end of handleAppendEntriesReply] 🗂 S1 | Term=2 | Role=Leader | CommitIndex=15 | LastApplied=15
[S1] 2025/11/27 16:10:19.880089      📜 Log: 
[S1] 2025/11/27 16:10:19.880106         [0:T0] 
[S1] 2025/11/27 16:10:19.880128         [1:T1] 
[S1] 2025/11/27 16:10:19.880150         [2:T1] 
[S1] 2025/11/27 16:10:19.880175         [3:T1] 
[S1] 2025/11/27 16:10:19.880196         [4:T1] 
[S1] 2025/11/27 16:10:19.880220         [5:T1] 
[S1] 2025/11/27 16:10:19.880245         [6:T1] 
[S1] 2025/11/27 16:10:19.880268         [7:T1] 
[S1] 2025/11/27 16:10:19.880289         [8:T1] 
[S1] 2025/11/27 16:10:19.880312         [9:T1] 
[S1] 2025/11/27 16:10:19.880333         [10:T1] 
[S1] 2025/11/27 16:10:19.880356         [11:T1] 
[S1] 2025/11/27 16:10:19.880378         [12:T1] 
[S1] 2025/11/27 16:10:19.880403         [13:T2] 
[S1] 2025/11/27 16:10:19.880424         [14:T2] 
[S1] 2025/11/27 16:10:19.880446         [15:T2] 
[S1] 2025/11/27 16:10:19.880466 
[S1] 2025/11/27 16:10:19.880484      📌 nextIndex:  [16 13 16]
[S1] 2025/11/27 16:10:19.880516      📎 matchIndex: [15 15 15]
[S1] 2025/11/27 16:10:19.880548 ---------------------------------------------------
[S1] 2025/11/27 16:10:19.983960 
[At the start of broadcast] 🗂 S1 | Term=2 | Role=Leader | CommitIndex=15 | LastApplied=15
[S1] 2025/11/27 16:10:19.984025      📜 Log: 
[S1] 2025/11/27 16:10:19.984039         [0:T0] 
[S1] 2025/11/27 16:10:19.984052         [1:T1] 
[S1] 2025/11/27 16:10:19.984063         [2:T1] 
[S1] 2025/11/27 16:10:19.984083         [3:T1] 
[S1] 2025/11/27 16:10:19.984097         [4:T1] 
[S1] 2025/11/27 16:10:19.984111         [5:T1] 
[S1] 2025/11/27 16:10:19.984121         [6:T1] 
[S1] 2025/11/27 16:10:19.984130         [7:T1] 
[S1] 2025/11/27 16:10:19.984140         [8:T1] 
[S1] 2025/11/27 16:10:19.984149         [9:T1] 
[S1] 2025/11/27 16:10:19.984158         [10:T1] 
[S1] 2025/11/27 16:10:19.984168         [11:T1] 
[S1] 2025/11/27 16:10:19.984176         [12:T1] 
[S1] 2025/11/27 16:10:19.984185         [13:T2] 
[S1] 2025/11/27 16:10:19.984193         [14:T2] 
[S1] 2025/11/27 16:10:19.984201         [15:T2] 
[S1] 2025/11/27 16:10:19.984209 
[S1] 2025/11/27 16:10:19.984217      📌 nextIndex:  [16 13 16]
[S1] 2025/11/27 16:10:19.984236      📎 matchIndex: [15 15 15]
[S1] 2025/11/27 16:10:19.984249 ---------------------------------------------------
[S1] 2025/11/27 16:10:19.984279 
[At the end of broadcast] 🗂 S1 | Term=2 | Role=Leader | CommitIndex=15 | LastApplied=15
[S1] 2025/11/27 16:10:19.984292      📜 Log: 
[S1] 2025/11/27 16:10:19.984300         [0:T0] 
[S1] 2025/11/27 16:10:19.984309         [1:T1] 
[S1] 2025/11/27 16:10:19.984317         [2:T1] 
[S1] 2025/11/27 16:10:19.984326         [3:T1] 
[S1] 2025/11/27 16:10:19.984334         [4:T1] 
[S1] 2025/11/27 16:10:19.984342         [5:T1] 
[S1] 2025/11/27 16:10:19.984350         [6:T1] 
[S1] 2025/11/27 16:10:19.984358         [7:T1] 
[S1] 2025/11/27 16:10:19.984368         [8:T1] 
[S1] 2025/11/27 16:10:19.984375         [9:T1] 
[S1] 2025/11/27 16:10:19.984385         [10:T1] 
[S1] 2025/11/27 16:10:19.984393         [11:T1] 
[S1] 2025/11/27 16:10:19.984402         [12:T1] 
[S1] 2025/11/27 16:10:19.984410         [13:T2] 
[S1] 2025/11/27 16:10:19.984419         [14:T2] 
[S1] 2025/11/27 16:10:19.984427         [15:T2] 
[S1] 2025/11/27 16:10:19.984434 
[S1] 2025/11/27 16:10:19.984442      📌 nextIndex:  [16 13 16]
[S1] 2025/11/27 16:10:19.984454      📎 matchIndex: [15 15 15]
[S1] 2025/11/27 16:10:19.984466 ---------------------------------------------------
[S1] 2025/11/27 16:10:19.985478 
[At the start of handleAppendEntriesReply] 🗂 S1 | Term=2 | Role=Leader | CommitIndex=15 | LastApplied=15
[S1] 2025/11/27 16:10:19.985498      📜 Log: 
[S1] 2025/11/27 16:10:19.985509         [0:T0] 
[S1] 2025/11/27 16:10:19.985528         [1:T1] 
[S1] 2025/11/27 16:10:19.985537         [2:T1] 
[S1] 2025/11/27 16:10:19.985546         [3:T1] 
[S1] 2025/11/27 16:10:19.985555         [4:T1] 
[S1] 2025/11/27 16:10:19.985564         [5:T1] 
[S1] 2025/11/27 16:10:19.985572         [6:T1] 
[S1] 2025/11/27 16:10:19.985580         [7:T1] 
[S1] 2025/11/27 16:10:19.985588         [8:T1] 
[S1] 2025/11/27 16:10:19.985596         [9:T1] 
[S1] 2025/11/27 16:10:19.985604         [10:T1] 
[S1] 2025/11/27 16:10:19.985613         [11:T1] 
[S1] 2025/11/27 16:10:19.985621         [12:T1] 
[S1] 2025/11/27 16:10:19.985630         [13:T2] 
[S1] 2025/11/27 16:10:19.985638         [14:T2] 
[S1] 2025/11/27 16:10:19.985646         [15:T2] 
[S1] 2025/11/27 16:10:19.985654 
[S1] 2025/11/27 16:10:19.985661      📌 nextIndex:  [16 13 16]
[S1] 2025/11/27 16:10:19.985677      📎 matchIndex: [15 15 15]
[S1] 2025/11/27 16:10:19.985689 ---------------------------------------------------
[S1] 2025/11/27 16:10:19.985698 
[At the end of handleAppendEntriesReply] 🗂 S1 | Term=2 | Role=Leader | CommitIndex=15 | LastApplied=15
[S1] 2025/11/27 16:10:19.985712      📜 Log: 
[S1] 2025/11/27 16:10:19.985720         [0:T0] 
[S1] 2025/11/27 16:10:19.985728         [1:T1] 
[S1] 2025/11/27 16:10:19.985736         [2:T1] 
[S1] 2025/11/27 16:10:19.985744         [3:T1] 
[S1] 2025/11/27 16:10:19.985753         [4:T1] 
[S1] 2025/11/27 16:10:19.985761         [5:T1] 
[S1] 2025/11/27 16:10:19.985769         [6:T1] 
[S1] 2025/11/27 16:10:19.985778         [7:T1] 
[S1] 2025/11/27 16:10:19.985785         [8:T1] 
[S1] 2025/11/27 16:10:19.985794         [9:T1] 
[S1] 2025/11/27 16:10:19.985802         [10:T1] 
[S1] 2025/11/27 16:10:19.985810         [11:T1] 
[S1] 2025/11/27 16:10:19.985818         [12:T1] 
[S1] 2025/11/27 16:10:19.985827         [13:T2] 
[S1] 2025/11/27 16:10:19.985834         [14:T2] 
[S1] 2025/11/27 16:10:19.985843         [15:T2] 
[S1] 2025/11/27 16:10:19.985850 
[S1] 2025/11/27 16:10:19.985858      📌 nextIndex:  [16 13 16]
[S1] 2025/11/27 16:10:19.985870      📎 matchIndex: [15 15 15]
[S1] 2025/11/27 16:10:19.985880 ---------------------------------------------------
[S1] 2025/11/27 16:10:19.985894 
[At the start of handleAppendEntriesReply] 🗂 S1 | Term=2 | Role=Leader | CommitIndex=15 | LastApplied=15
[S1] 2025/11/27 16:10:19.985910      📜 Log: 
[S1] 2025/11/27 16:10:19.985918         [0:T0] 
[S1] 2025/11/27 16:10:19.985927         [1:T1] 
[S1] 2025/11/27 16:10:19.985935         [2:T1] 
[S1] 2025/11/27 16:10:19.985943         [3:T1] 
[S1] 2025/11/27 16:10:19.985951         [4:T1] 
[S1] 2025/11/27 16:10:19.985958         [5:T1] 
[S1] 2025/11/27 16:10:19.985968         [6:T1] 
[S1] 2025/11/27 16:10:19.985976         [7:T1] 
[S1] 2025/11/27 16:10:19.985984         [8:T1] 
[S1] 2025/11/27 16:10:19.985992         [9:T1] 
[S1] 2025/11/27 16:10:19.986000         [10:T1] 
[S1] 2025/11/27 16:10:19.986008         [11:T1] 
[S1] 2025/11/27 16:10:19.986016         [12:T1] 
[S1] 2025/11/27 16:10:19.986024         [13:T2] 
[S1] 2025/11/27 16:10:19.986032         [14:T2] 
[S1] 2025/11/27 16:10:19.986039         [15:T2] 
[S1] 2025/11/27 16:10:19.986048 
[S1] 2025/11/27 16:10:19.986054      📌 nextIndex:  [16 13 16]
[S1] 2025/11/27 16:10:19.986072      📎 matchIndex: [15 15 15]
[S1] 2025/11/27 16:10:19.986085 ---------------------------------------------------
[S1] 2025/11/27 16:10:19.986097 
[At the end of handleAppendEntriesReply] 🗂 S1 | Term=2 | Role=Leader | CommitIndex=15 | LastApplied=15
[S1] 2025/11/27 16:10:19.986112      📜 Log: 
[S1] 2025/11/27 16:10:19.986119         [0:T0] 
[S1] 2025/11/27 16:10:19.986127         [1:T1] 
[S1] 2025/11/27 16:10:19.986135         [2:T1] 
[S1] 2025/11/27 16:10:19.986143         [3:T1] 
[S1] 2025/11/27 16:10:19.986151         [4:T1] 
[S1] 2025/11/27 16:10:19.986158         [5:T1] 
[S1] 2025/11/27 16:10:19.986166         [6:T1] 
[S1] 2025/11/27 16:10:19.986174         [7:T1] 
[S1] 2025/11/27 16:10:19.986181         [8:T1] 
[S1] 2025/11/27 16:10:19.986189         [9:T1] 
[S1] 2025/11/27 16:10:19.986197         [10:T1] 
[S1] 2025/11/27 16:10:19.986207         [11:T1] 
[S1] 2025/11/27 16:10:19.986215         [12:T1] 
[S1] 2025/11/27 16:10:19.986222         [13:T2] 
[S1] 2025/11/27 16:10:19.986230         [14:T2] 
[S1] 2025/11/27 16:10:19.986238         [15:T2] 
[S1] 2025/11/27 16:10:19.986245 
[S1] 2025/11/27 16:10:19.986253      📌 nextIndex:  [16 13 16]
[S1] 2025/11/27 16:10:19.986264      📎 matchIndex: [15 15 15]
[S1] 2025/11/27 16:10:19.986275 ---------------------------------------------------
[S1] 2025/11/27 16:10:20.091016 
[At the start of broadcast] 🗂 S1 | Term=2 | Role=Leader | CommitIndex=15 | LastApplied=15
[S1] 2025/11/27 16:10:20.091073      📜 Log: 
[S1] 2025/11/27 16:10:20.091084         [0:T0] 
[S1] 2025/11/27 16:10:20.091095         [1:T1] 
[S1] 2025/11/27 16:10:20.091105         [2:T1] 
[S1] 2025/11/27 16:10:20.091120         [3:T1] 
[S1] 2025/11/27 16:10:20.091128         [4:T1] 
[S1] 2025/11/27 16:10:20.091138         [5:T1] 
[S1] 2025/11/27 16:10:20.091147         [6:T1] 
[S1] 2025/11/27 16:10:20.091154         [7:T1] 
[S1] 2025/11/27 16:10:20.091163         [8:T1] 
[S1] 2025/11/27 16:10:20.091171         [9:T1] 
[S1] 2025/11/27 16:10:20.091180         [10:T1] 
[S1] 2025/11/27 16:10:20.091189         [11:T1] 
[S1] 2025/11/27 16:10:20.091341         [12:T1] 
[S1] 2025/11/27 16:10:20.091351         [13:T2] 
[S1] 2025/11/27 16:10:20.091364         [14:T2] 
[S1] 2025/11/27 16:10:20.091370         [15:T2] 
[S1] 2025/11/27 16:10:20.091375 
[S1] 2025/11/27 16:10:20.091380      📌 nextIndex:  [16 13 16]
[S1] 2025/11/27 16:10:20.091392      📎 matchIndex: [15 15 15]
[S1] 2025/11/27 16:10:20.091399 ---------------------------------------------------
[S1] 2025/11/27 16:10:20.091419 
[At the end of broadcast] 🗂 S1 | Term=2 | Role=Leader | CommitIndex=15 | LastApplied=15
[S1] 2025/11/27 16:10:20.091427      📜 Log: 
[S1] 2025/11/27 16:10:20.091432         [0:T0] 
[S1] 2025/11/27 16:10:20.091436         [1:T1] 
[S1] 2025/11/27 16:10:20.091441         [2:T1] 
[S1] 2025/11/27 16:10:20.091446         [3:T1] 
[S1] 2025/11/27 16:10:20.091451         [4:T1] 
[S1] 2025/11/27 16:10:20.091464         [5:T1] 
[S1] 2025/11/27 16:10:20.091469         [6:T1] 
[S1] 2025/11/27 16:10:20.091475         [7:T1] 
[S1] 2025/11/27 16:10:20.091480         [8:T1] 
[S1] 2025/11/27 16:10:20.091485         [9:T1] 
[S1] 2025/11/27 16:10:20.091490         [10:T1] 
[S1] 2025/11/27 16:10:20.091494         [11:T1] 
[S1] 2025/11/27 16:10:20.091499         [12:T1] 
[S1] 2025/11/27 16:10:20.091504         [13:T2] 
[S1] 2025/11/27 16:10:20.091531         [14:T2] 
[S1] 2025/11/27 16:10:20.091537         [15:T2] 
[S1] 2025/11/27 16:10:20.091543 
[S1] 2025/11/27 16:10:20.091547      📌 nextIndex:  [16 13 16]
[S1] 2025/11/27 16:10:20.091553      📎 matchIndex: [15 15 15]
[S1] 2025/11/27 16:10:20.091562 ---------------------------------------------------
[S1] 2025/11/27 16:10:20.092032 
[At the start of handleAppendEntriesReply] 🗂 S1 | Term=2 | Role=Leader | CommitIndex=15 | LastApplied=15
[S1] 2025/11/27 16:10:20.092042      📜 Log: 
[S1] 2025/11/27 16:10:20.092048         [0:T0] 
[S1] 2025/11/27 16:10:20.092054         [1:T1] 
[S1] 2025/11/27 16:10:20.092059         [2:T1] 
[S1] 2025/11/27 16:10:20.092064         [3:T1] 
[S1] 2025/11/27 16:10:20.092074         [4:T1] 
[S1] 2025/11/27 16:10:20.092082         [5:T1] 
[S1] 2025/11/27 16:10:20.092087         [6:T1] 
[S1] 2025/11/27 16:10:20.092092         [7:T1] 
[S1] 2025/11/27 16:10:20.092097         [8:T1] 
[S1] 2025/11/27 16:10:20.092102         [9:T1] 
[S1] 2025/11/27 16:10:20.092106         [10:T1] 
[S1] 2025/11/27 16:10:20.092112         [11:T1] 
[S1] 2025/11/27 16:10:20.092117         [12:T1] 
[S1] 2025/11/27 16:10:20.092123         [13:T2] 
[S1] 2025/11/27 16:10:20.092128         [14:T2] 
[S1] 2025/11/27 16:10:20.092133         [15:T2] 
[S1] 2025/11/27 16:10:20.092137 
[S1] 2025/11/27 16:10:20.092142      📌 nextIndex:  [16 13 16]
[S1] 2025/11/27 16:10:20.092150      📎 matchIndex: [15 15 15]
[S1] 2025/11/27 16:10:20.092157 ---------------------------------------------------
[S1] 2025/11/27 16:10:20.092164 
[At the end of handleAppendEntriesReply] 🗂 S1 | Term=2 | Role=Leader | CommitIndex=15 | LastApplied=15
[S1] 2025/11/27 16:10:20.092171      📜 Log: 
[S1] 2025/11/27 16:10:20.092175         [0:T0] 
[S1] 2025/11/27 16:10:20.092180         [1:T1] 
[S1] 2025/11/27 16:10:20.092184         [2:T1] 
[S1] 2025/11/27 16:10:20.092189         [3:T1] 
[S1] 2025/11/27 16:10:20.092193         [4:T1] 
[S1] 2025/11/27 16:10:20.092198         [5:T1] 
[S1] 2025/11/27 16:10:20.092202         [6:T1] 
[S1] 2025/11/27 16:10:20.092206         [7:T1] 
[S1] 2025/11/27 16:10:20.092210         [8:T1] 
[S1] 2025/11/27 16:10:20.092214         [9:T1] 
[S1] 2025/11/27 16:10:20.092219         [10:T1] 
[S1] 2025/11/27 16:10:20.092223         [11:T1] 
[S1] 2025/11/27 16:10:20.092227         [12:T1] 
[S1] 2025/11/27 16:10:20.092232         [13:T2] 
[S1] 2025/11/27 16:10:20.092237         [14:T2] 
[S1] 2025/11/27 16:10:20.092241         [15:T2] 
[S1] 2025/11/27 16:10:20.092245 
[S1] 2025/11/27 16:10:20.092249      📌 nextIndex:  [16 13 16]
[S1] 2025/11/27 16:10:20.092256      📎 matchIndex: [15 15 15]
[S1] 2025/11/27 16:10:20.092262 ---------------------------------------------------
[S1] 2025/11/27 16:10:20.092319 
[At the start of handleAppendEntriesReply] 🗂 S1 | Term=2 | Role=Leader | CommitIndex=15 | LastApplied=15
[S1] 2025/11/27 16:10:20.092335      📜 Log: 
[S1] 2025/11/27 16:10:20.092344         [0:T0] 
[S1] 2025/11/27 16:10:20.092353         [1:T1] 
[S1] 2025/11/27 16:10:20.092362         [2:T1] 
[S1] 2025/11/27 16:10:20.092370         [3:T1] 
[S1] 2025/11/27 16:10:20.092377         [4:T1] 
[S1] 2025/11/27 16:10:20.092385         [5:T1] 
[S1] 2025/11/27 16:10:20.092393         [6:T1] 
[S1] 2025/11/27 16:10:20.092401         [7:T1] 
[S1] 2025/11/27 16:10:20.092409         [8:T1] 
[S1] 2025/11/27 16:10:20.092417         [9:T1] 
[S1] 2025/11/27 16:10:20.092425         [10:T1] 
[S1] 2025/11/27 16:10:20.092433         [11:T1] 
[S1] 2025/11/27 16:10:20.092441         [12:T1] 
[S1] 2025/11/27 16:10:20.092448         [13:T2] 
[S1] 2025/11/27 16:10:20.092456         [14:T2] 
[S1] 2025/11/27 16:10:20.092463         [15:T2] 
[S1] 2025/11/27 16:10:20.092470 
[S1] 2025/11/27 16:10:20.092477      📌 nextIndex:  [16 13 16]
[S1] 2025/11/27 16:10:20.092490      📎 matchIndex: [15 15 15]
[S1] 2025/11/27 16:10:20.092500 ---------------------------------------------------
[S1] 2025/11/27 16:10:20.092509 
[At the end of handleAppendEntriesReply] 🗂 S1 | Term=2 | Role=Leader | CommitIndex=15 | LastApplied=15
[S1] 2025/11/27 16:10:20.092521      📜 Log: 
[S1] 2025/11/27 16:10:20.092527         [0:T0] 
[S1] 2025/11/27 16:10:20.092535         [1:T1] 
[S1] 2025/11/27 16:10:20.092543         [2:T1] 
[S1] 2025/11/27 16:10:20.092551         [3:T1] 
[S1] 2025/11/27 16:10:20.092558         [4:T1] 
[S1] 2025/11/27 16:10:20.092565         [5:T1] 
[S1] 2025/11/27 16:10:20.092573         [6:T1] 
[S1] 2025/11/27 16:10:20.092580         [7:T1] 
[S1] 2025/11/27 16:10:20.092588         [8:T1] 
[S1] 2025/11/27 16:10:20.092595         [9:T1] 
[S1] 2025/11/27 16:10:20.092602         [10:T1] 
[S1] 2025/11/27 16:10:20.092610         [11:T1] 
[S1] 2025/11/27 16:10:20.092618         [12:T1] 
[S1] 2025/11/27 16:10:20.092625         [13:T2] 
[S1] 2025/11/27 16:10:20.092634         [14:T2] 
[S1] 2025/11/27 16:10:20.092640         [15:T2] 
[S1] 2025/11/27 16:10:20.092648 
[S1] 2025/11/27 16:10:20.092655      📌 nextIndex:  [16 13 16]
[S1] 2025/11/27 16:10:20.092666      📎 matchIndex: [15 15 15]
[S1] 2025/11/27 16:10:20.092676 ---------------------------------------------------
[S1] 2025/11/27 16:10:20.198600 
[At the start of broadcast] 🗂 S1 | Term=2 | Role=Leader | CommitIndex=15 | LastApplied=15
[S1] 2025/11/27 16:10:20.198651      📜 Log: 
[S1] 2025/11/27 16:10:20.198663         [0:T0] 
[S1] 2025/11/27 16:10:20.198674         [1:T1] 
[S1] 2025/11/27 16:10:20.198684         [2:T1] 
[S1] 2025/11/27 16:10:20.198693         [3:T1] 
[S1] 2025/11/27 16:10:20.198702         [4:T1] 
[S1] 2025/11/27 16:10:20.198710         [5:T1] 
[S1] 2025/11/27 16:10:20.198718         [6:T1] 
[S1] 2025/11/27 16:10:20.198735         [7:T1] 
[S1] 2025/11/27 16:10:20.198744         [8:T1] 
[S1] 2025/11/27 16:10:20.198752         [9:T1] 
[S1] 2025/11/27 16:10:20.198760         [10:T1] 
[S1] 2025/11/27 16:10:20.198769         [11:T1] 
[S1] 2025/11/27 16:10:20.198777         [12:T1] 
[S1] 2025/11/27 16:10:20.198784         [13:T2] 
[S1] 2025/11/27 16:10:20.198792         [14:T2] 
[S1] 2025/11/27 16:10:20.198799         [15:T2] 
[S1] 2025/11/27 16:10:20.198808 
[S1] 2025/11/27 16:10:20.198814      📌 nextIndex:  [16 13 16]
[S1] 2025/11/27 16:10:20.198832      📎 matchIndex: [15 15 15]
[S1] 2025/11/27 16:10:20.198842 ---------------------------------------------------
[S1] 2025/11/27 16:10:20.198873 
[At the end of broadcast] 🗂 S1 | Term=2 | Role=Leader | CommitIndex=15 | LastApplied=15
[S1] 2025/11/27 16:10:20.198887      📜 Log: 
[S1] 2025/11/27 16:10:20.198894         [0:T0] 
[S1] 2025/11/27 16:10:20.198903         [1:T1] 
[S1] 2025/11/27 16:10:20.198911         [2:T1] 
[S1] 2025/11/27 16:10:20.198918         [3:T1] 
[S1] 2025/11/27 16:10:20.198927         [4:T1] 
[S1] 2025/11/27 16:10:20.198934         [5:T1] 
[S1] 2025/11/27 16:10:20.198943         [6:T1] 
[S1] 2025/11/27 16:10:20.198951         [7:T1] 
[S1] 2025/11/27 16:10:20.198959         [8:T1] 
[S1] 2025/11/27 16:10:20.198966         [9:T1] 
[S1] 2025/11/27 16:10:20.198975         [10:T1] 
[S1] 2025/11/27 16:10:20.198982         [11:T1] 
[S1] 2025/11/27 16:10:20.198990         [12:T1] 
[S1] 2025/11/27 16:10:20.198997         [13:T2] 
[S1] 2025/11/27 16:10:20.199004         [14:T2] 
[S1] 2025/11/27 16:10:20.199012         [15:T2] 
[S1] 2025/11/27 16:10:20.199020 
[S1] 2025/11/27 16:10:20.199026      📌 nextIndex:  [16 13 16]
[S1] 2025/11/27 16:10:20.199038      📎 matchIndex: [15 15 15]
[S1] 2025/11/27 16:10:20.199052 ---------------------------------------------------
[S1] 2025/11/27 16:10:20.199489 
[At the start of handleAppendEntriesReply] 🗂 S1 | Term=2 | Role=Leader | CommitIndex=15 | LastApplied=15
[S1] 2025/11/27 16:10:20.199501      📜 Log: 
[S1] 2025/11/27 16:10:20.199506         [0:T0] 
[S1] 2025/11/27 16:10:20.199512         [1:T1] 
[S1] 2025/11/27 16:10:20.199517         [2:T1] 
[S1] 2025/11/27 16:10:20.199522         [3:T1] 
[S1] 2025/11/27 16:10:20.199527         [4:T1] 
[S1] 2025/11/27 16:10:20.199531         [5:T1] 
[S1] 2025/11/27 16:10:20.199536         [6:T1] 
[S1] 2025/11/27 16:10:20.199540         [7:T1] 
[S1] 2025/11/27 16:10:20.199545         [8:T1] 
[S1] 2025/11/27 16:10:20.199549         [9:T1] 
[S1] 2025/11/27 16:10:20.199554         [10:T1] 
[S1] 2025/11/27 16:10:20.199558         [11:T1] 
[S1] 2025/11/27 16:10:20.199563         [12:T1] 
[S1] 2025/11/27 16:10:20.199568         [13:T2] 
[S1] 2025/11/27 16:10:20.199572         [14:T2] 
[S1] 2025/11/27 16:10:20.199576         [15:T2] 
[S1] 2025/11/27 16:10:20.199581 
[S1] 2025/11/27 16:10:20.199585      📌 nextIndex:  [16 13 16]
[S1] 2025/11/27 16:10:20.199594      📎 matchIndex: [15 15 15]
[S1] 2025/11/27 16:10:20.199601 ---------------------------------------------------
[S1] 2025/11/27 16:10:20.199607 
[At the end of handleAppendEntriesReply] 🗂 S1 | Term=2 | Role=Leader | CommitIndex=15 | LastApplied=15
[S1] 2025/11/27 16:10:20.199615      📜 Log: 
[S1] 2025/11/27 16:10:20.199619         [0:T0] 
[S1] 2025/11/27 16:10:20.199624         [1:T1] 
[S1] 2025/11/27 16:10:20.199629         [2:T1] 
[S1] 2025/11/27 16:10:20.199633         [3:T1] 
[S1] 2025/11/27 16:10:20.199637         [4:T1] 
[S1] 2025/11/27 16:10:20.199642         [5:T1] 
[S1] 2025/11/27 16:10:20.199646         [6:T1] 
[S1] 2025/11/27 16:10:20.199651         [7:T1] 
[S1] 2025/11/27 16:10:20.199655         [8:T1] 
[S1] 2025/11/27 16:10:20.199660         [9:T1] 
[S1] 2025/11/27 16:10:20.199664         [10:T1] 
[S1] 2025/11/27 16:10:20.199669         [11:T1] 
[S1] 2025/11/27 16:10:20.199673         [12:T1] 
[S1] 2025/11/27 16:10:20.199677         [13:T2] 
[S1] 2025/11/27 16:10:20.199682         [14:T2] 
[S1] 2025/11/27 16:10:20.199687         [15:T2] 
[S1] 2025/11/27 16:10:20.199701 
[S1] 2025/11/27 16:10:20.199705      📌 nextIndex:  [16 13 16]
[S1] 2025/11/27 16:10:20.199712      📎 matchIndex: [15 15 15]
[S1] 2025/11/27 16:10:20.199718 ---------------------------------------------------
[S1] 2025/11/27 16:10:20.199788 
[At the start of handleAppendEntriesReply] 🗂 S1 | Term=2 | Role=Leader | CommitIndex=15 | LastApplied=15
[S1] 2025/11/27 16:10:20.199805      📜 Log: 
[S1] 2025/11/27 16:10:20.199813         [0:T0] 
[S1] 2025/11/27 16:10:20.199823         [1:T1] 
[S1] 2025/11/27 16:10:20.199831         [2:T1] 
[S1] 2025/11/27 16:10:20.199839         [3:T1] 
[S1] 2025/11/27 16:10:20.199846         [4:T1] 
[S1] 2025/11/27 16:10:20.199855         [5:T1] 
[S1] 2025/11/27 16:10:20.199862         [6:T1] 
[S1] 2025/11/27 16:10:20.199870         [7:T1] 
[S1] 2025/11/27 16:10:20.199879         [8:T1] 
[S1] 2025/11/27 16:10:20.199886         [9:T1] 
[S1] 2025/11/27 16:10:20.199894         [10:T1] 
[S1] 2025/11/27 16:10:20.199901         [11:T1] 
[S1] 2025/11/27 16:10:20.199909         [12:T1] 
[S1] 2025/11/27 16:10:20.199917         [13:T2] 
[S1] 2025/11/27 16:10:20.199925         [14:T2] 
[S1] 2025/11/27 16:10:20.199933         [15:T2] 
[S1] 2025/11/27 16:10:20.199940 
[S1] 2025/11/27 16:10:20.199947      📌 nextIndex:  [16 13 16]
[S1] 2025/11/27 16:10:20.199959      📎 matchIndex: [15 15 15]
[S1] 2025/11/27 16:10:20.199970 ---------------------------------------------------
[S1] 2025/11/27 16:10:20.199979 
[At the end of handleAppendEntriesReply] 🗂 S1 | Term=2 | Role=Leader | CommitIndex=15 | LastApplied=15
[S1] 2025/11/27 16:10:20.199991      📜 Log: 
[S1] 2025/11/27 16:10:20.199999         [0:T0] 
[S1] 2025/11/27 16:10:20.200007         [1:T1] 
[S1] 2025/11/27 16:10:20.200014         [2:T1] 
[S1] 2025/11/27 16:10:20.200023         [3:T1] 
[S1] 2025/11/27 16:10:20.200030         [4:T1] 
[S1] 2025/11/27 16:10:20.200037         [5:T1] 
[S1] 2025/11/27 16:10:20.200046         [6:T1] 
[S1] 2025/11/27 16:10:20.200052         [7:T1] 
[S1] 2025/11/27 16:10:20.200061         [8:T1] 
[S1] 2025/11/27 16:10:20.200073         [9:T1] 
[S1] 2025/11/27 16:10:20.200083         [10:T1] 
[S1] 2025/11/27 16:10:20.200091         [11:T1] 
[S1] 2025/11/27 16:10:20.200098         [12:T1] 
[S1] 2025/11/27 16:10:20.200106         [13:T2] 
[S1] 2025/11/27 16:10:20.200114         [14:T2] 
[S1] 2025/11/27 16:10:20.200121         [15:T2] 
[S1] 2025/11/27 16:10:20.200129 
[S1] 2025/11/27 16:10:20.200135      📌 nextIndex:  [16 13 16]
[S1] 2025/11/27 16:10:20.200146      📎 matchIndex: [15 15 15]
[S1] 2025/11/27 16:10:20.200156 ---------------------------------------------------
[S1] 2025/11/27 16:10:20.304319 
[At the start of broadcast] 🗂 S1 | Term=2 | Role=Leader | CommitIndex=15 | LastApplied=15
[S1] 2025/11/27 16:10:20.304415      📜 Log: 
[S1] 2025/11/27 16:10:20.304444         [0:T0] 
[S1] 2025/11/27 16:10:20.304471         [1:T1] 
[S1] 2025/11/27 16:10:20.304504         [2:T1] 
[S1] 2025/11/27 16:10:20.304527         [3:T1] 
[S1] 2025/11/27 16:10:20.304550         [4:T1] 
[S1] 2025/11/27 16:10:20.304575         [5:T1] 
[S1] 2025/11/27 16:10:20.304598         [6:T1] 
[S1] 2025/11/27 16:10:20.304621         [7:T1] 
[S1] 2025/11/27 16:10:20.304643         [8:T1] 
[S1] 2025/11/27 16:10:20.304663         [9:T1] 
[S1] 2025/11/27 16:10:20.304684         [10:T1] 
[S1] 2025/11/27 16:10:20.304709         [11:T1] 
[S1] 2025/11/27 16:10:20.304730         [12:T1] 
[S1] 2025/11/27 16:10:20.304752         [13:T2] 
[S1] 2025/11/27 16:10:20.304774         [14:T2] 
[S1] 2025/11/27 16:10:20.304796         [15:T2] 
[S1] 2025/11/27 16:10:20.304817 
[S1] 2025/11/27 16:10:20.304839      📌 nextIndex:  [16 13 16]
[S1] 2025/11/27 16:10:20.304880      📎 matchIndex: [15 15 15]
[S1] 2025/11/27 16:10:20.304912 ---------------------------------------------------
[S1] 2025/11/27 16:10:20.304988 
[At the end of broadcast] 🗂 S1 | Term=2 | Role=Leader | CommitIndex=15 | LastApplied=15
[S1] 2025/11/27 16:10:20.305025      📜 Log: 
[S1] 2025/11/27 16:10:20.305051         [0:T0] 
[S1] 2025/11/27 16:10:20.305096         [1:T1] 
[S1] 2025/11/27 16:10:20.305144         [2:T1] 
[S1] 2025/11/27 16:10:20.305169         [3:T1] 
[S1] 2025/11/27 16:10:20.305192         [4:T1] 
[S1] 2025/11/27 16:10:20.305217         [5:T1] 
[S1] 2025/11/27 16:10:20.305239         [6:T1] 
[S1] 2025/11/27 16:10:20.305264         [7:T1] 
[S1] 2025/11/27 16:10:20.305292         [8:T1] 
[S1] 2025/11/27 16:10:20.305316         [9:T1] 
[S1] 2025/11/27 16:10:20.305344         [10:T1] 
[S1] 2025/11/27 16:10:20.305368         [11:T1] 
[S1] 2025/11/27 16:10:20.305396         [12:T1] 
[S1] 2025/11/27 16:10:20.305447         [13:T2] 
[S1] 2025/11/27 16:10:20.305473         [14:T2] 
[S1] 2025/11/27 16:10:20.305497         [15:T2] 
[S1] 2025/11/27 16:10:20.305522 
[S1] 2025/11/27 16:10:20.305546      📌 nextIndex:  [16 13 16]
[S1] 2025/11/27 16:10:20.305584      📎 matchIndex: [15 15 15]
[S1] 2025/11/27 16:10:20.305620 ---------------------------------------------------
[S1] 2025/11/27 16:10:20.306664 
[At the start of handleAppendEntriesReply] 🗂 S1 | Term=2 | Role=Leader | CommitIndex=15 | LastApplied=15
[S1] 2025/11/27 16:10:20.306694      📜 Log: 
[S1] 2025/11/27 16:10:20.306709         [0:T0] 
[S1] 2025/11/27 16:10:20.306724         [1:T1] 
[S1] 2025/11/27 16:10:20.306737         [2:T1] 
[S1] 2025/11/27 16:10:20.306750         [3:T1] 
[S1] 2025/11/27 16:10:20.306766         [4:T1] 
[S1] 2025/11/27 16:10:20.306779         [5:T1] 
[S1] 2025/11/27 16:10:20.306792         [6:T1] 
[S1] 2025/11/27 16:10:20.306804         [7:T1] 
[S1] 2025/11/27 16:10:20.306817         [8:T1] 
[S1] 2025/11/27 16:10:20.306829         [9:T1] 
[S1] 2025/11/27 16:10:20.306840         [10:T1] 
[S1] 2025/11/27 16:10:20.306853         [11:T1] 
[S1] 2025/11/27 16:10:20.306865         [12:T1] 
[S1] 2025/11/27 16:10:20.306877         [13:T2] 
[S1] 2025/11/27 16:10:20.306888         [14:T2] 
[S1] 2025/11/27 16:10:20.306899         [15:T2] 
[S1] 2025/11/27 16:10:20.306911 
[S1] 2025/11/27 16:10:20.306921      📌 nextIndex:  [16 13 16]
[S1] 2025/11/27 16:10:20.306944      📎 matchIndex: [15 15 15]
[S1] 2025/11/27 16:10:20.306961 ---------------------------------------------------
[S1] 2025/11/27 16:10:20.306973 
[At the end of handleAppendEntriesReply] 🗂 S1 | Term=2 | Role=Leader | CommitIndex=15 | LastApplied=15
[S1] 2025/11/27 16:10:20.306991      📜 Log: 
[S1] 2025/11/27 16:10:20.307001         [0:T0] 
[S1] 2025/11/27 16:10:20.307012         [1:T1] 
[S1] 2025/11/27 16:10:20.307023         [2:T1] 
[S1] 2025/11/27 16:10:20.307034         [3:T1] 
[S1] 2025/11/27 16:10:20.307045         [4:T1] 
[S1] 2025/11/27 16:10:20.307055         [5:T1] 
[S1] 2025/11/27 16:10:20.307065         [6:T1] 
[S1] 2025/11/27 16:10:20.307087         [7:T1] 
[S1] 2025/11/27 16:10:20.307102         [8:T1] 
[S1] 2025/11/27 16:10:20.307116         [9:T1] 
[S1] 2025/11/27 16:10:20.307126         [10:T1] 
[S1] 2025/11/27 16:10:20.307137         [11:T1] 
[S1] 2025/11/27 16:10:20.307148         [12:T1] 
[S1] 2025/11/27 16:10:20.307159         [13:T2] 
[S1] 2025/11/27 16:10:20.307170         [14:T2] 
[S1] 2025/11/27 16:10:20.307180         [15:T2] 
[S1] 2025/11/27 16:10:20.307192 
[S1] 2025/11/27 16:10:20.307202      📌 nextIndex:  [16 13 16]
[S1] 2025/11/27 16:10:20.307219      📎 matchIndex: [15 15 15]
[S1] 2025/11/27 16:10:20.307234 ---------------------------------------------------
[S1] 2025/11/27 16:10:20.307251 
[At the start of handleAppendEntriesReply] 🗂 S1 | Term=2 | Role=Leader | CommitIndex=15 | LastApplied=15
[S1] 2025/11/27 16:10:20.307274      📜 Log: 
[S1] 2025/11/27 16:10:20.307286         [0:T0] 
[S1] 2025/11/27 16:10:20.307300         [1:T1] 
[S1] 2025/11/27 16:10:20.307313         [2:T1] 
[S1] 2025/11/27 16:10:20.307325         [3:T1] 
[S1] 2025/11/27 16:10:20.307336         [4:T1] 
[S1] 2025/11/27 16:10:20.307346         [5:T1] 
[S1] 2025/11/27 16:10:20.307359         [6:T1] 
[S1] 2025/11/27 16:10:20.307370         [7:T1] 
[S1] 2025/11/27 16:10:20.307381         [8:T1] 
[S1] 2025/11/27 16:10:20.307405         [9:T1] 
[S1] 2025/11/27 16:10:20.307416         [10:T1] 
[S1] 2025/11/27 16:10:20.307428         [11:T1] 
[S1] 2025/11/27 16:10:20.307445         [12:T1] 
[S1] 2025/11/27 16:10:20.307456         [13:T2] 
[S1] 2025/11/27 16:10:20.307466         [14:T2] 
[S1] 2025/11/27 16:10:20.307488         [15:T2] 
[S1] 2025/11/27 16:10:20.307499 
[S1] 2025/11/27 16:10:20.307508      📌 nextIndex:  [16 13 16]
[S1] 2025/11/27 16:10:20.307535      📎 matchIndex: [15 15 15]
[S1] 2025/11/27 16:10:20.307550 ---------------------------------------------------
[S1] 2025/11/27 16:10:20.307562 
[At the end of handleAppendEntriesReply] 🗂 S1 | Term=2 | Role=Leader | CommitIndex=15 | LastApplied=15
[S1] 2025/11/27 16:10:20.307588      📜 Log: 
[S1] 2025/11/27 16:10:20.307598         [0:T0] 
[S1] 2025/11/27 16:10:20.307609         [1:T1] 
[S1] 2025/11/27 16:10:20.307621         [2:T1] 
[S1] 2025/11/27 16:10:20.307643         [3:T1] 
[S1] 2025/11/27 16:10:20.307654         [4:T1] 
[S1] 2025/11/27 16:10:20.307666         [5:T1] 
[S1] 2025/11/27 16:10:20.307686         [6:T1] 
[S1] 2025/11/27 16:10:20.307697         [7:T1] 
[S1] 2025/11/27 16:10:20.307708         [8:T1] 
[S1] 2025/11/27 16:10:20.307718         [9:T1] 
[S1] 2025/11/27 16:10:20.307739         [10:T1] 
[S1] 2025/11/27 16:10:20.307749         [11:T1] 
[S1] 2025/11/27 16:10:20.307761         [12:T1] 
[S1] 2025/11/27 16:10:20.307771         [13:T2] 
[S1] 2025/11/27 16:10:20.307793         [14:T2] 
[S1] 2025/11/27 16:10:20.307804         [15:T2] 
[S1] 2025/11/27 16:10:20.307814 
[S1] 2025/11/27 16:10:20.307823      📌 nextIndex:  [16 13 16]
[S1] 2025/11/27 16:10:20.307856      📎 matchIndex: [15 15 15]
[S1] 2025/11/27 16:10:20.307871 ---------------------------------------------------
[S1] 2025/11/27 16:10:20.410368 
[At the start of broadcast] 🗂 S1 | Term=2 | Role=Leader | CommitIndex=15 | LastApplied=15
[S1] 2025/11/27 16:10:20.410479      📜 Log: 
[S1] 2025/11/27 16:10:20.410510         [0:T0] 
[S1] 2025/11/27 16:10:20.410542         [1:T1] 
[S1] 2025/11/27 16:10:20.410571         [2:T1] 
[S1] 2025/11/27 16:10:20.410597         [3:T1] 
[S1] 2025/11/27 16:10:20.410621         [4:T1] 
[S1] 2025/11/27 16:10:20.410646         [5:T1] 
[S1] 2025/11/27 16:10:20.410668         [6:T1] 
[S1] 2025/11/27 16:10:20.410692         [7:T1] 
[S1] 2025/11/27 16:10:20.410714         [8:T1] 
[S1] 2025/11/27 16:10:20.410737         [9:T1] 
[S1] 2025/11/27 16:10:20.410763         [10:T1] 
[S1] 2025/11/27 16:10:20.410789         [11:T1] 
[S1] 2025/11/27 16:10:20.410810         [12:T1] 
[S1] 2025/11/27 16:10:20.410834         [13:T2] 
[S1] 2025/11/27 16:10:20.410857         [14:T2] 
[S1] 2025/11/27 16:10:20.410881         [15:T2] 
[S1] 2025/11/27 16:10:20.410904 
[S1] 2025/11/27 16:10:20.410924      📌 nextIndex:  [16 13 16]
[S1] 2025/11/27 16:10:20.410968      📎 matchIndex: [15 15 15]
[S1] 2025/11/27 16:10:20.410998 ---------------------------------------------------
[S1] 2025/11/27 16:10:20.411046 
[At the end of broadcast] 🗂 S1 | Term=2 | Role=Leader | CommitIndex=15 | LastApplied=15
[S1] 2025/11/27 16:10:20.411116      📜 Log: 
[S1] 2025/11/27 16:10:20.411141         [0:T0] 
[S1] 2025/11/27 16:10:20.411167         [1:T1] 
[S1] 2025/11/27 16:10:20.411192         [2:T1] 
[S1] 2025/11/27 16:10:20.411221         [3:T1] 
[S1] 2025/11/27 16:10:20.411245         [4:T1] 
[S1] 2025/11/27 16:10:20.411272         [5:T1] 
[S1] 2025/11/27 16:10:20.411296         [6:T1] 
[S1] 2025/11/27 16:10:20.411320         [7:T1] 
[S1] 2025/11/27 16:10:20.411347         [8:T1] 
[S1] 2025/11/27 16:10:20.411370         [9:T1] 
[S1] 2025/11/27 16:10:20.411395         [10:T1] 
[S1] 2025/11/27 16:10:20.411419         [11:T1] 
[S1] 2025/11/27 16:10:20.411445         [12:T1] 
[S1] 2025/11/27 16:10:20.411470         [13:T2] 
[S1] 2025/11/27 16:10:20.411494         [14:T2] 
[S1] 2025/11/27 16:10:20.411519         [15:T2] 
[S1] 2025/11/27 16:10:20.411543 
[S1] 2025/11/27 16:10:20.411564      📌 nextIndex:  [16 13 16]
[S1] 2025/11/27 16:10:20.411602      📎 matchIndex: [15 15 15]
[S1] 2025/11/27 16:10:20.411634 ---------------------------------------------------
[S1] 2025/11/27 16:10:20.414703 
[At the start of handleAppendEntriesReply] 🗂 S1 | Term=2 | Role=Leader | CommitIndex=15 | LastApplied=15
[S1] 2025/11/27 16:10:20.414795      📜 Log: 
[S1] 2025/11/27 16:10:20.414836         [0:T0] 
[S1] 2025/11/27 16:10:20.414873         [1:T1] 
[S1] 2025/11/27 16:10:20.414909         [2:T1] 
[S1] 2025/11/27 16:10:20.414944         [3:T1] 
[S1] 2025/11/27 16:10:20.414977         [4:T1] 
[S1] 2025/11/27 16:10:20.415007         [5:T1] 
[S1] 2025/11/27 16:10:20.415037         [6:T1] 
[S1] 2025/11/27 16:10:20.415087         [7:T1] 
[S1] 2025/11/27 16:10:20.415124         [8:T1] 
[S1] 2025/11/27 16:10:20.415160         [9:T1] 
[S1] 2025/11/27 16:10:20.415190         [10:T1] 
[S1] 2025/11/27 16:10:20.415220         [11:T1] 
[S1] 2025/11/27 16:10:20.415253         [12:T1] 
[S1] 2025/11/27 16:10:20.415283         [13:T2] 
[S1] 2025/11/27 16:10:20.415310         [14:T2] 
[S1] 2025/11/27 16:10:20.415338         [15:T2] 
[S1] 2025/11/27 16:10:20.415367 
[S1] 2025/11/27 16:10:20.415390      📌 nextIndex:  [16 13 16]
[S1] 2025/11/27 16:10:20.415437      📎 matchIndex: [15 15 15]
[S1] 2025/11/27 16:10:20.415477 ---------------------------------------------------
[S1] 2025/11/27 16:10:20.415507 
[At the end of handleAppendEntriesReply] 🗂 S1 | Term=2 | Role=Leader | CommitIndex=15 | LastApplied=15
[S1] 2025/11/27 16:10:20.415551      📜 Log: 
[S1] 2025/11/27 16:10:20.415575         [0:T0] 
[S1] 2025/11/27 16:10:20.415603         [1:T1] 
[S1] 2025/11/27 16:10:20.415630         [2:T1] 
[S1] 2025/11/27 16:10:20.415656         [3:T1] 
[S1] 2025/11/27 16:10:20.415683         [4:T1] 
[S1] 2025/11/27 16:10:20.415710         [5:T1] 
[S1] 2025/11/27 16:10:20.415737         [6:T1] 
[S1] 2025/11/27 16:10:20.415763         [7:T1] 
[S1] 2025/11/27 16:10:20.415789         [8:T1] 
[S1] 2025/11/27 16:10:20.415815         [9:T1] 
[S1] 2025/11/27 16:10:20.415840         [10:T1] 
[S1] 2025/11/27 16:10:20.415869         [11:T1] 
[S1] 2025/11/27 16:10:20.415896         [12:T1] 
[S1] 2025/11/27 16:10:20.415929         [13:T2] 
[S1] 2025/11/27 16:10:20.415962         [14:T2] 
[S1] 2025/11/27 16:10:20.415991         [15:T2] 
[S1] 2025/11/27 16:10:20.416025 
[S1] 2025/11/27 16:10:20.416056      📌 nextIndex:  [16 13 16]
[S1] 2025/11/27 16:10:20.416119      📎 matchIndex: [15 15 15]
[S1] 2025/11/27 16:10:20.416163 ---------------------------------------------------
[S1] 2025/11/27 16:10:20.416212 
[At the start of handleAppendEntriesReply] 🗂 S1 | Term=2 | Role=Leader | CommitIndex=15 | LastApplied=15
[S1] 2025/11/27 16:10:20.416267      📜 Log: 
[S1] 2025/11/27 16:10:20.416298         [0:T0] 
[S1] 2025/11/27 16:10:20.416330         [1:T1] 
[S1] 2025/11/27 16:10:20.416360         [2:T1] 
[S1] 2025/11/27 16:10:20.416389         [3:T1] 
[S1] 2025/11/27 16:10:20.416422         [4:T1] 
[S1] 2025/11/27 16:10:20.416451         [5:T1] 
[S1] 2025/11/27 16:10:20.416483         [6:T1] 
[S1] 2025/11/27 16:10:20.416513         [7:T1] 
[S1] 2025/11/27 16:10:20.416546         [8:T1] 
[S1] 2025/11/27 16:10:20.416577         [9:T1] 
[S1] 2025/11/27 16:10:20.416606         [10:T1] 
[S1] 2025/11/27 16:10:20.416635         [11:T1] 
[S1] 2025/11/27 16:10:20.416664         [12:T1] 
[S1] 2025/11/27 16:10:20.416693         [13:T2] 
[S1] 2025/11/27 16:10:20.416720         [14:T2] 
[S1] 2025/11/27 16:10:20.416754         [15:T2] 
[S1] 2025/11/27 16:10:20.416787 
[S1] 2025/11/27 16:10:20.416812      📌 nextIndex:  [16 13 16]
[S1] 2025/11/27 16:10:20.416859      📎 matchIndex: [15 15 15]
[S1] 2025/11/27 16:10:20.416901 ---------------------------------------------------
[S1] 2025/11/27 16:10:20.416933 
[At the end of handleAppendEntriesReply] 🗂 S1 | Term=2 | Role=Leader | CommitIndex=15 | LastApplied=15
[S1] 2025/11/27 16:10:20.416977      📜 Log: 
[S1] 2025/11/27 16:10:20.417003         [0:T0] 
[S1] 2025/11/27 16:10:20.417032         [1:T1] 
[S1] 2025/11/27 16:10:20.417065         [2:T1] 
[S1] 2025/11/27 16:10:20.417119         [3:T1] 
[S1] 2025/11/27 16:10:20.417152         [4:T1] 
[S1] 2025/11/27 16:10:20.417186         [5:T1] 
[S1] 2025/11/27 16:10:20.417215         [6:T1] 
[S1] 2025/11/27 16:10:20.417259         [7:T1] 
[S1] 2025/11/27 16:10:20.417290         [8:T1] 
[S1] 2025/11/27 16:10:20.417319         [9:T1] 
[S1] 2025/11/27 16:10:20.417347         [10:T1] 
[S1] 2025/11/27 16:10:20.417384         [11:T1] 
[S1] 2025/11/27 16:10:20.417416         [12:T1] 
[S1] 2025/11/27 16:10:20.417445         [13:T2] 
[S1] 2025/11/27 16:10:20.417477         [14:T2] 
[S1] 2025/11/27 16:10:20.417504         [15:T2] 
[S1] 2025/11/27 16:10:20.417536 
[S1] 2025/11/27 16:10:20.417565      📌 nextIndex:  [16 13 16]
[S1] 2025/11/27 16:10:20.417611      📎 matchIndex: [15 15 15]
[S1] 2025/11/27 16:10:20.417656 ---------------------------------------------------
[S1] 2025/11/27 16:10:20.517879 
[At the start of broadcast] 🗂 S1 | Term=2 | Role=Leader | CommitIndex=15 | LastApplied=15
[S1] 2025/11/27 16:10:20.517931      📜 Log: 
[S1] 2025/11/27 16:10:20.517943         [0:T0] 
[S1] 2025/11/27 16:10:20.517956         [1:T1] 
[S1] 2025/11/27 16:10:20.517966         [2:T1] 
[S1] 2025/11/27 16:10:20.517975         [3:T1] 
[S1] 2025/11/27 16:10:20.517986         [4:T1] 
[S1] 2025/11/27 16:10:20.517996         [5:T1] 
[S1] 2025/11/27 16:10:20.518005         [6:T1] 
[S1] 2025/11/27 16:10:20.518014         [7:T1] 
[S1] 2025/11/27 16:10:20.518022         [8:T1] 
[S1] 2025/11/27 16:10:20.518032         [9:T1] 
[S1] 2025/11/27 16:10:20.518040         [10:T1] 
[S1] 2025/11/27 16:10:20.518049         [11:T1] 
[S1] 2025/11/27 16:10:20.518059         [12:T1] 
[S1] 2025/11/27 16:10:20.518067         [13:T2] 
[S1] 2025/11/27 16:10:20.518087         [14:T2] 
[S1] 2025/11/27 16:10:20.518095         [15:T2] 
[S1] 2025/11/27 16:10:20.518104 
[S1] 2025/11/27 16:10:20.518112      📌 nextIndex:  [16 13 16]
[S1] 2025/11/27 16:10:20.518132      📎 matchIndex: [15 15 15]
[S1] 2025/11/27 16:10:20.518144 ---------------------------------------------------
[S1] 2025/11/27 16:10:20.518169 
[At the end of broadcast] 🗂 S1 | Term=2 | Role=Leader | CommitIndex=15 | LastApplied=15
[S1] 2025/11/27 16:10:20.518184      📜 Log: 
[S1] 2025/11/27 16:10:20.518192         [0:T0] 
[S1] 2025/11/27 16:10:20.518201         [1:T1] 
[S1] 2025/11/27 16:10:20.518210         [2:T1] 
[S1] 2025/11/27 16:10:20.518222         [3:T1] 
[S1] 2025/11/27 16:10:20.518230         [4:T1] 
[S1] 2025/11/27 16:10:20.518238         [5:T1] 
[S1] 2025/11/27 16:10:20.518246         [6:T1] 
[S1] 2025/11/27 16:10:20.518255         [7:T1] 
[S1] 2025/11/27 16:10:20.518264         [8:T1] 
[S1] 2025/11/27 16:10:20.518272         [9:T1] 
[S1] 2025/11/27 16:10:20.518280         [10:T1] 
[S1] 2025/11/27 16:10:20.518289         [11:T1] 
[S1] 2025/11/27 16:10:20.518298         [12:T1] 
[S1] 2025/11/27 16:10:20.518305         [13:T2] 
[S1] 2025/11/27 16:10:20.518315         [14:T2] 
[S1] 2025/11/27 16:10:20.518324         [15:T2] 
[S1] 2025/11/27 16:10:20.518332 
[S1] 2025/11/27 16:10:20.518339      📌 nextIndex:  [16 13 16]
[S1] 2025/11/27 16:10:20.518351      📎 matchIndex: [15 15 15]
[S1] 2025/11/27 16:10:20.518362 ---------------------------------------------------
[S1] 2025/11/27 16:10:20.518895 
[At the start of handleAppendEntriesReply] 🗂 S1 | Term=2 | Role=Leader | CommitIndex=15 | LastApplied=15
[S1] 2025/11/27 16:10:20.518906      📜 Log: 
[S1] 2025/11/27 16:10:20.518911         [0:T0] 
[S1] 2025/11/27 16:10:20.518917         [1:T1] 
[S1] 2025/11/27 16:10:20.518922         [2:T1] 
[S1] 2025/11/27 16:10:20.518927         [3:T1] 
[S1] 2025/11/27 16:10:20.518933         [4:T1] 
[S1] 2025/11/27 16:10:20.518937         [5:T1] 
[S1] 2025/11/27 16:10:20.518942         [6:T1] 
[S1] 2025/11/27 16:10:20.518947         [7:T1] 
[S1] 2025/11/27 16:10:20.518952         [8:T1] 
[S1] 2025/11/27 16:10:20.518958         [9:T1] 
[S1] 2025/11/27 16:10:20.518962         [10:T1] 
[S1] 2025/11/27 16:10:20.518967         [11:T1] 
[S1] 2025/11/27 16:10:20.518972         [12:T1] 
[S1] 2025/11/27 16:10:20.518977         [13:T2] 
[S1] 2025/11/27 16:10:20.518982         [14:T2] 
[S1] 2025/11/27 16:10:20.518986         [15:T2] 
[S1] 2025/11/27 16:10:20.518991 
[S1] 2025/11/27 16:10:20.518997      📌 nextIndex:  [16 13 16]
[S1] 2025/11/27 16:10:20.519007      📎 matchIndex: [15 15 15]
[S1] 2025/11/27 16:10:20.519013 ---------------------------------------------------
[S1] 2025/11/27 16:10:20.519020 
[At the end of handleAppendEntriesReply] 🗂 S1 | Term=2 | Role=Leader | CommitIndex=15 | LastApplied=15
[S1] 2025/11/27 16:10:20.519027      📜 Log: 
[S1] 2025/11/27 16:10:20.519031         [0:T0] 
[S1] 2025/11/27 16:10:20.519036         [1:T1] 
[S1] 2025/11/27 16:10:20.519042         [2:T1] 
[S1] 2025/11/27 16:10:20.519046         [3:T1] 
[S1] 2025/11/27 16:10:20.519051         [4:T1] 
[S1] 2025/11/27 16:10:20.519056         [5:T1] 
[S1] 2025/11/27 16:10:20.519060         [6:T1] 
[S1] 2025/11/27 16:10:20.519065         [7:T1] 
[S1] 2025/11/27 16:10:20.519077         [8:T1] 
[S1] 2025/11/27 16:10:20.519083         [9:T1] 
[S1] 2025/11/27 16:10:20.519087         [10:T1] 
[S1] 2025/11/27 16:10:20.519092         [11:T1] 
[S1] 2025/11/27 16:10:20.519097         [12:T1] 
[S1] 2025/11/27 16:10:20.519102         [13:T2] 
[S1] 2025/11/27 16:10:20.519106         [14:T2] 
[S1] 2025/11/27 16:10:20.519111         [15:T2] 
[S1] 2025/11/27 16:10:20.519117 
[S1] 2025/11/27 16:10:20.519121      📌 nextIndex:  [16 13 16]
[S1] 2025/11/27 16:10:20.519128      📎 matchIndex: [15 15 15]
[S1] 2025/11/27 16:10:20.519134 ---------------------------------------------------
[S1] 2025/11/27 16:10:20.519142 
[At the start of handleAppendEntriesReply] 🗂 S1 | Term=2 | Role=Leader | CommitIndex=15 | LastApplied=15
[S1] 2025/11/27 16:10:20.519152      📜 Log: 
[S1] 2025/11/27 16:10:20.519156         [0:T0] 
[S1] 2025/11/27 16:10:20.519162         [1:T1] 
[S1] 2025/11/27 16:10:20.519188         [2:T1] 
[S1] 2025/11/27 16:10:20.519193         [3:T1] 
[S1] 2025/11/27 16:10:20.519198         [4:T1] 
[S1] 2025/11/27 16:10:20.519203         [5:T1] 
[S1] 2025/11/27 16:10:20.519208         [6:T1] 
[S1] 2025/11/27 16:10:20.519213         [7:T1] 
[S1] 2025/11/27 16:10:20.519217         [8:T1] 
[S1] 2025/11/27 16:10:20.519222         [9:T1] 
[S1] 2025/11/27 16:10:20.519227         [10:T1] 
[S1] 2025/11/27 16:10:20.519232         [11:T1] 
[S1] 2025/11/27 16:10:20.519237         [12:T1] 
[S1] 2025/11/27 16:10:20.519241         [13:T2] 
[S1] 2025/11/27 16:10:20.519246         [14:T2] 
[S1] 2025/11/27 16:10:20.519251         [15:T2] 
[S1] 2025/11/27 16:10:20.519255 
[S1] 2025/11/27 16:10:20.519259      📌 nextIndex:  [16 13 16]
[S1] 2025/11/27 16:10:20.519266      📎 matchIndex: [15 15 15]
[S1] 2025/11/27 16:10:20.519273 ---------------------------------------------------
[S1] 2025/11/27 16:10:20.519278 
[At the end of handleAppendEntriesReply] 🗂 S1 | Term=2 | Role=Leader | CommitIndex=15 | LastApplied=15
[S1] 2025/11/27 16:10:20.519285      📜 Log: 
[S1] 2025/11/27 16:10:20.519289         [0:T0] 
[S1] 2025/11/27 16:10:20.519295         [1:T1] 
[S1] 2025/11/27 16:10:20.519302         [2:T1] 
[S1] 2025/11/27 16:10:20.519308         [3:T1] 
[S1] 2025/11/27 16:10:20.519314         [4:T1] 
[S1] 2025/11/27 16:10:20.519319         [5:T1] 
[S1] 2025/11/27 16:10:20.519324         [6:T1] 
[S1] 2025/11/27 16:10:20.519330         [7:T1] 
[S1] 2025/11/27 16:10:20.519335         [8:T1] 
[S1] 2025/11/27 16:10:20.519339         [9:T1] 
[S1] 2025/11/27 16:10:20.519344         [10:T1] 
[S1] 2025/11/27 16:10:20.519349         [11:T1] 
[S1] 2025/11/27 16:10:20.519354         [12:T1] 
[S1] 2025/11/27 16:10:20.519359         [13:T2] 
[S1] 2025/11/27 16:10:20.519364         [14:T2] 
[S1] 2025/11/27 16:10:20.519368         [15:T2] 
[S1] 2025/11/27 16:10:20.519373 
[S1] 2025/11/27 16:10:20.519377      📌 nextIndex:  [16 13 16]
[S1] 2025/11/27 16:10:20.519384      📎 matchIndex: [15 15 15]
[S1] 2025/11/27 16:10:20.519391 ---------------------------------------------------
[S1] 2025/11/27 16:10:20.624660 
[At the start of broadcast] 🗂 S1 | Term=2 | Role=Leader | CommitIndex=15 | LastApplied=15
[S1] 2025/11/27 16:10:20.624789      📜 Log: 
[S1] 2025/11/27 16:10:20.624823         [0:T0] 
[S1] 2025/11/27 16:10:20.624861         [1:T1] 
[S1] 2025/11/27 16:10:20.624914         [2:T1] 
[S1] 2025/11/27 16:10:20.624943         [3:T1] 
[S1] 2025/11/27 16:10:20.624973         [4:T1] 
[S1] 2025/11/27 16:10:20.625000         [5:T1] 
[S1] 2025/11/27 16:10:20.625026         [6:T1] 
[S1] 2025/11/27 16:10:20.625051         [7:T1] 
[S1] 2025/11/27 16:10:20.625195         [8:T1] 
[S1] 2025/11/27 16:10:20.625277         [9:T1] 
[S1] 2025/11/27 16:10:20.625299         [10:T1] 
[S1] 2025/11/27 16:10:20.625325         [11:T1] 
[S1] 2025/11/27 16:10:20.625343         [12:T1] 
[S1] 2025/11/27 16:10:20.625364         [13:T2] 
[S1] 2025/11/27 16:10:20.625381         [14:T2] 
[S1] 2025/11/27 16:10:20.625397         [15:T2] 
[S1] 2025/11/27 16:10:20.625416         [16:T2] 
[S1] 2025/11/27 16:10:20.625431 
[S1] 2025/11/27 16:10:20.625446      📌 nextIndex:  [16 13 16]
[S1] 2025/11/27 16:10:20.625480      📎 matchIndex: [15 16 15]
[S1] 2025/11/27 16:10:20.625502 ---------------------------------------------------
[S1] 2025/11/27 16:10:20.625547 
[At the end of broadcast] 🗂 S1 | Term=2 | Role=Leader | CommitIndex=15 | LastApplied=15
[S1] 2025/11/27 16:10:20.625572      📜 Log: 
[S1] 2025/11/27 16:10:20.625589         [0:T0] 
[S1] 2025/11/27 16:10:20.625605         [1:T1] 
[S1] 2025/11/27 16:10:20.625621         [2:T1] 
[S1] 2025/11/27 16:10:20.625637         [3:T1] 
[S1] 2025/11/27 16:10:20.625652         [4:T1] 
[S1] 2025/11/27 16:10:20.625667         [5:T1] 
[S1] 2025/11/27 16:10:20.625682         [6:T1] 
[S1] 2025/11/27 16:10:20.625699         [7:T1] 
[S1] 2025/11/27 16:10:20.625714         [8:T1] 
[S1] 2025/11/27 16:10:20.625728         [9:T1] 
[S1] 2025/11/27 16:10:20.625744         [10:T1] 
[S1] 2025/11/27 16:10:20.625759         [11:T1] 
[S1] 2025/11/27 16:10:20.625774         [12:T1] 
[S1] 2025/11/27 16:10:20.625789         [13:T2] 
[S1] 2025/11/27 16:10:20.625806         [14:T2] 
[S1] 2025/11/27 16:10:20.625821         [15:T2] 
[S1] 2025/11/27 16:10:20.625838         [16:T2] 
[S1] 2025/11/27 16:10:20.625852 
[S1] 2025/11/27 16:10:20.625867      📌 nextIndex:  [16 13 16]
[S1] 2025/11/27 16:10:20.625889      📎 matchIndex: [15 16 15]
[S1] 2025/11/27 16:10:20.625908 ---------------------------------------------------
[S1] 2025/11/27 16:10:20.628005 
[At the start of handleAppendEntriesReply] 🗂 S1 | Term=2 | Role=Leader | CommitIndex=15 | LastApplied=15
[S1] 2025/11/27 16:10:20.628034      📜 Log: 
[S1] 2025/11/27 16:10:20.628049         [0:T0] 
[S1] 2025/11/27 16:10:20.628062         [1:T1] 
[S1] 2025/11/27 16:10:20.628083         [2:T1] 
[S1] 2025/11/27 16:10:20.628097         [3:T1] 
[S1] 2025/11/27 16:10:20.628110         [4:T1] 
[S1] 2025/11/27 16:10:20.628122         [5:T1] 
[S1] 2025/11/27 16:10:20.628134         [6:T1] 
[S1] 2025/11/27 16:10:20.628147         [7:T1] 
[S1] 2025/11/27 16:10:20.628159         [8:T1] 
[S1] 2025/11/27 16:10:20.628171         [9:T1] 
[S1] 2025/11/27 16:10:20.628183         [10:T1] 
[S1] 2025/11/27 16:10:20.628195         [11:T1] 
[S1] 2025/11/27 16:10:20.628208         [12:T1] 
[S1] 2025/11/27 16:10:20.628219         [13:T2] 
[S1] 2025/11/27 16:10:20.628232         [14:T2] 
[S1] 2025/11/27 16:10:20.628244         [15:T2] 
[S1] 2025/11/27 16:10:20.628258         [16:T2] 
[S1] 2025/11/27 16:10:20.628269 
[S1] 2025/11/27 16:10:20.628279      📌 nextIndex:  [16 13 16]
[S1] 2025/11/27 16:10:20.628300      📎 matchIndex: [15 16 15]
[S1] 2025/11/27 16:10:20.628316 ---------------------------------------------------
[S1] 2025/11/27 16:10:20.628335 
[At the end of handleAppendEntriesReply] 🗂 S1 | Term=2 | Role=Leader | CommitIndex=16 | LastApplied=15
[S1] 2025/11/27 16:10:20.628353      📜 Log: 
[S1] 2025/11/27 16:10:20.628363         [0:T0] 
[S1] 2025/11/27 16:10:20.628376         [1:T1] 
[S1] 2025/11/27 16:10:20.628387         [2:T1] 
[S1] 2025/11/27 16:10:20.628399         [3:T1] 
[S1] 2025/11/27 16:10:20.628413         [4:T1] 
[S1] 2025/11/27 16:10:20.628424         [5:T1] 
[S1] 2025/11/27 16:10:20.628435         [6:T1] 
[S1] 2025/11/27 16:10:20.628447         [7:T1] 
[S1] 2025/11/27 16:10:20.628459         [8:T1] 
[S1] 2025/11/27 16:10:20.628484         [9:T1] 
[S1] 2025/11/27 16:10:20.628495         [10:T1] 
[S1] 2025/11/27 16:10:20.628507         [11:T1] 
[S1] 2025/11/27 16:10:20.628517         [12:T1] 
[S1] 2025/11/27 16:10:20.628531         [13:T2] 
[S1] 2025/11/27 16:10:20.628542         [14:T2] 
[S1] 2025/11/27 16:10:20.628554         [15:T2] 
[S1] 2025/11/27 16:10:20.628566         [16:T2] 
[S1] 2025/11/27 16:10:20.628577 
[S1] 2025/11/27 16:10:20.628588      📌 nextIndex:  [17 13 16]
[S1] 2025/11/27 16:10:20.628606      📎 matchIndex: [16 16 15]
[S1] 2025/11/27 16:10:20.628623 ---------------------------------------------------
[S1] 2025/11/27 16:10:20.731797 
[At the start of broadcast] 🗂 S1 | Term=2 | Role=Leader | CommitIndex=16 | LastApplied=16
[S1] 2025/11/27 16:10:20.731852      📜 Log: 
[S1] 2025/11/27 16:10:20.731864         [0:T0] 
[S1] 2025/11/27 16:10:20.731871         [1:T1] 
[S1] 2025/11/27 16:10:20.731881         [2:T1] 
[S1] 2025/11/27 16:10:20.731887         [3:T1] 
[S1] 2025/11/27 16:10:20.731893         [4:T1] 
[S1] 2025/11/27 16:10:20.731899         [5:T1] 
[S1] 2025/11/27 16:10:20.731905         [6:T1] 
[S1] 2025/11/27 16:10:20.731910         [7:T1] 
[S1] 2025/11/27 16:10:20.731922         [8:T1] 
[S1] 2025/11/27 16:10:20.731926         [9:T1] 
[S1] 2025/11/27 16:10:20.731931         [10:T1] 
[S1] 2025/11/27 16:10:20.731944         [11:T1] 
[S1] 2025/11/27 16:10:20.731949         [12:T1] 
[S1] 2025/11/27 16:10:20.731962         [13:T2] 
[S1] 2025/11/27 16:10:20.731967         [14:T2] 
[S1] 2025/11/27 16:10:20.731972         [15:T2] 
[S1] 2025/11/27 16:10:20.731983         [16:T2] 
[S1] 2025/11/27 16:10:20.731988 
[S1] 2025/11/27 16:10:20.731994      📌 nextIndex:  [17 13 16]
[S1] 2025/11/27 16:10:20.732015      📎 matchIndex: [16 16 15]
[S1] 2025/11/27 16:10:20.732034 ---------------------------------------------------
[S1] 2025/11/27 16:10:20.732063 
[At the end of broadcast] 🗂 S1 | Term=2 | Role=Leader | CommitIndex=16 | LastApplied=16
[S1] 2025/11/27 16:10:20.732089      📜 Log: 
[S1] 2025/11/27 16:10:20.732096         [0:T0] 
[S1] 2025/11/27 16:10:20.732103         [1:T1] 
[S1] 2025/11/27 16:10:20.732109         [2:T1] 
[S1] 2025/11/27 16:10:20.732116         [3:T1] 
[S1] 2025/11/27 16:10:20.732130         [4:T1] 
[S1] 2025/11/27 16:10:20.732136         [5:T1] 
[S1] 2025/11/27 16:10:20.732142         [6:T1] 
[S1] 2025/11/27 16:10:20.732147         [7:T1] 
[S1] 2025/11/27 16:10:20.732153         [8:T1] 
[S1] 2025/11/27 16:10:20.732160         [9:T1] 
[S1] 2025/11/27 16:10:20.732165         [10:T1] 
[S1] 2025/11/27 16:10:20.732180         [11:T1] 
[S1] 2025/11/27 16:10:20.732188         [12:T1] 
[S1] 2025/11/27 16:10:20.732194         [13:T2] 
[S1] 2025/11/27 16:10:20.732200         [14:T2] 
[S1] 2025/11/27 16:10:20.732207         [15:T2] 
[S1] 2025/11/27 16:10:20.732213         [16:T2] 
[S1] 2025/11/27 16:10:20.732219 
[S1] 2025/11/27 16:10:20.732234      📌 nextIndex:  [17 13 16]
[S1] 2025/11/27 16:10:20.732245      📎 matchIndex: [16 16 15]
[S1] 2025/11/27 16:10:20.732254 ---------------------------------------------------
[S1] 2025/11/27 16:10:20.732984 
[At the start of handleAppendEntriesReply] 🗂 S1 | Term=2 | Role=Leader | CommitIndex=16 | LastApplied=16
[S1] 2025/11/27 16:10:20.733004      📜 Log: 
[S1] 2025/11/27 16:10:20.733014         [0:T0] 
[S1] 2025/11/27 16:10:20.733023         [1:T1] 
[S1] 2025/11/27 16:10:20.733031         [2:T1] 
[S1] 2025/11/27 16:10:20.733040         [3:T1] 
[S1] 2025/11/27 16:10:20.733048         [4:T1] 
[S1] 2025/11/27 16:10:20.733056         [5:T1] 
[S1] 2025/11/27 16:10:20.733063         [6:T1] 
[S1] 2025/11/27 16:10:20.733091         [7:T1] 
[S1] 2025/11/27 16:10:20.733101         [8:T1] 
[S1] 2025/11/27 16:10:20.733108         [9:T1] 
[S1] 2025/11/27 16:10:20.733116         [10:T1] 
[S1] 2025/11/27 16:10:20.733123         [11:T1] 
[S1] 2025/11/27 16:10:20.733132         [12:T1] 
[S1] 2025/11/27 16:10:20.733140         [13:T2] 
[S1] 2025/11/27 16:10:20.733148         [14:T2] 
[S1] 2025/11/27 16:10:20.733155         [15:T2] 
[S1] 2025/11/27 16:10:20.733167         [16:T2] 
[S1] 2025/11/27 16:10:20.733176 
[S1] 2025/11/27 16:10:20.733183      📌 nextIndex:  [17 13 16]
[S1] 2025/11/27 16:10:20.733197      📎 matchIndex: [16 16 15]
[S1] 2025/11/27 16:10:20.733207 ---------------------------------------------------
[S1] 2025/11/27 16:10:20.733218 
[At the end of handleAppendEntriesReply] 🗂 S1 | Term=2 | Role=Leader | CommitIndex=16 | LastApplied=16
[S1] 2025/11/27 16:10:20.733229      📜 Log: 
[S1] 2025/11/27 16:10:20.733235         [0:T0] 
[S1] 2025/11/27 16:10:20.733243         [1:T1] 
[S1] 2025/11/27 16:10:20.733252         [2:T1] 
[S1] 2025/11/27 16:10:20.733261         [3:T1] 
[S1] 2025/11/27 16:10:20.733270         [4:T1] 
[S1] 2025/11/27 16:10:20.733277         [5:T1] 
[S1] 2025/11/27 16:10:20.733284         [6:T1] 
[S1] 2025/11/27 16:10:20.733292         [7:T1] 
[S1] 2025/11/27 16:10:20.733300         [8:T1] 
[S1] 2025/11/27 16:10:20.733309         [9:T1] 
[S1] 2025/11/27 16:10:20.733316         [10:T1] 
[S1] 2025/11/27 16:10:20.733323         [11:T1] 
[S1] 2025/11/27 16:10:20.733330         [12:T1] 
[S1] 2025/11/27 16:10:20.733338         [13:T2] 
[S1] 2025/11/27 16:10:20.733346         [14:T2] 
[S1] 2025/11/27 16:10:20.733354         [15:T2] 
[S1] 2025/11/27 16:10:20.733361         [16:T2] 
[S1] 2025/11/27 16:10:20.733368 
[S1] 2025/11/27 16:10:20.733374      📌 nextIndex:  [17 13 16]
[S1] 2025/11/27 16:10:20.733385      📎 matchIndex: [16 16 15]
[S1] 2025/11/27 16:10:20.733398 ---------------------------------------------------
[S1] 2025/11/27 16:10:20.839129 
[At the start of broadcast] 🗂 S1 | Term=2 | Role=Leader | CommitIndex=16 | LastApplied=16
[S1] 2025/11/27 16:10:20.839170      📜 Log: 
[S1] 2025/11/27 16:10:20.839178         [0:T0] 
[S1] 2025/11/27 16:10:20.839185         [1:T1] 
[S1] 2025/11/27 16:10:20.839194         [2:T1] 
[S1] 2025/11/27 16:10:20.839199         [3:T1] 
[S1] 2025/11/27 16:10:20.839204         [4:T1] 
[S1] 2025/11/27 16:10:20.839208         [5:T1] 
[S1] 2025/11/27 16:10:20.839213         [6:T1] 
[S1] 2025/11/27 16:10:20.839218         [7:T1] 
[S1] 2025/11/27 16:10:20.839222         [8:T1] 
[S1] 2025/11/27 16:10:20.839228         [9:T1] 
[S1] 2025/11/27 16:10:20.839232         [10:T1] 
[S1] 2025/11/27 16:10:20.839237         [11:T1] 
[S1] 2025/11/27 16:10:20.839242         [12:T1] 
[S1] 2025/11/27 16:10:20.839247         [13:T2] 
[S1] 2025/11/27 16:10:20.839254         [14:T2] 
[S1] 2025/11/27 16:10:20.839260         [15:T2] 
[S1] 2025/11/27 16:10:20.839265         [16:T2] 
[S1] 2025/11/27 16:10:20.839271         [17:T2] 
[S1] 2025/11/27 16:10:20.839276         [18:T2] 
[S1] 2025/11/27 16:10:20.839280         [19:T2] 
[S1] 2025/11/27 16:10:20.839285         [20:T2] 
[S1] 2025/11/27 16:10:20.839289         [21:T2] 
[S1] 2025/11/27 16:10:20.839294         [22:T2] 
[S1] 2025/11/27 16:10:20.839298         [23:T2] 
[S1] 2025/11/27 16:10:20.839303         [24:T2] 
[S1] 2025/11/27 16:10:20.839307         [25:T2] 
[S1] 2025/11/27 16:10:20.839312         [26:T2] 
[S1] 2025/11/27 16:10:20.839317         [27:T2] 
[S1] 2025/11/27 16:10:20.839322         [28:T2] 
[S1] 2025/11/27 16:10:20.839326         [29:T2] 
[S1] 2025/11/27 16:10:20.839331 
[S1] 2025/11/27 16:10:20.839335      📌 nextIndex:  [17 13 16]
[S1] 2025/11/27 16:10:20.839347      📎 matchIndex: [16 29 15]
[S1] 2025/11/27 16:10:20.839353 ---------------------------------------------------
[S1] 2025/11/27 16:10:20.839371 
[At the end of broadcast] 🗂 S1 | Term=2 | Role=Leader | CommitIndex=16 | LastApplied=16
[S1] 2025/11/27 16:10:20.839379      📜 Log: 
[S1] 2025/11/27 16:10:20.839383         [0:T0] 
[S1] 2025/11/27 16:10:20.839388         [1:T1] 
[S1] 2025/11/27 16:10:20.839393         [2:T1] 
[S1] 2025/11/27 16:10:20.839397         [3:T1] 
[S1] 2025/11/27 16:10:20.839402         [4:T1] 
[S1] 2025/11/27 16:10:20.839406         [5:T1] 
[S1] 2025/11/27 16:10:20.839410         [6:T1] 
[S1] 2025/11/27 16:10:20.839415         [7:T1] 
[S1] 2025/11/27 16:10:20.839419         [8:T1] 
[S1] 2025/11/27 16:10:20.839424         [9:T1] 
[S1] 2025/11/27 16:10:20.839435         [10:T1] 
[S1] 2025/11/27 16:10:20.839441         [11:T1] 
[S1] 2025/11/27 16:10:20.839445         [12:T1] 
[S1] 2025/11/27 16:10:20.839450         [13:T2] 
[S1] 2025/11/27 16:10:20.839454         [14:T2] 
[S1] 2025/11/27 16:10:20.839459         [15:T2] 
[S1] 2025/11/27 16:10:20.839463         [16:T2] 
[S1] 2025/11/27 16:10:20.839468         [17:T2] 
[S1] 2025/11/27 16:10:20.839472         [18:T2] 
[S1] 2025/11/27 16:10:20.839477         [19:T2] 
[S1] 2025/11/27 16:10:20.839481         [20:T2] 
[S1] 2025/11/27 16:10:20.839485         [21:T2] 
[S1] 2025/11/27 16:10:20.839490         [22:T2] 
[S1] 2025/11/27 16:10:20.839494         [23:T2] 
[S1] 2025/11/27 16:10:20.839499         [24:T2] 
[S1] 2025/11/27 16:10:20.839503         [25:T2] 
[S1] 2025/11/27 16:10:20.839508         [26:T2] 
[S1] 2025/11/27 16:10:20.839512         [27:T2] 
[S1] 2025/11/27 16:10:20.839516         [28:T2] 
[S1] 2025/11/27 16:10:20.839520         [29:T2] 
[S1] 2025/11/27 16:10:20.839525 
[S1] 2025/11/27 16:10:20.839529      📌 nextIndex:  [17 13 16]
[S1] 2025/11/27 16:10:20.839536      📎 matchIndex: [16 29 15]
[S1] 2025/11/27 16:10:20.839542 ---------------------------------------------------
[S1] 2025/11/27 16:10:20.840510 
[At the start of handleAppendEntriesReply] 🗂 S1 | Term=2 | Role=Leader | CommitIndex=16 | LastApplied=16
[S1] 2025/11/27 16:10:20.840523      📜 Log: 
[S1] 2025/11/27 16:10:20.840530         [0:T0] 
[S1] 2025/11/27 16:10:20.840536         [1:T1] 
[S1] 2025/11/27 16:10:20.840541         [2:T1] 
[S1] 2025/11/27 16:10:20.840546         [3:T1] 
[S1] 2025/11/27 16:10:20.840550         [4:T1] 
[S1] 2025/11/27 16:10:20.840555         [5:T1] 
[S1] 2025/11/27 16:10:20.840560         [6:T1] 
[S1] 2025/11/27 16:10:20.840565         [7:T1] 
[S1] 2025/11/27 16:10:20.840570         [8:T1] 
[S1] 2025/11/27 16:10:20.840574         [9:T1] 
[S1] 2025/11/27 16:10:20.840579         [10:T1] 
[S1] 2025/11/27 16:10:20.840583         [11:T1] 
[S1] 2025/11/27 16:10:20.840588         [12:T1] 
[S1] 2025/11/27 16:10:20.840592         [13:T2] 
[S1] 2025/11/27 16:10:20.840597         [14:T2] 
[S1] 2025/11/27 16:10:20.840602         [15:T2] 
[S1] 2025/11/27 16:10:20.840607         [16:T2] 
[S1] 2025/11/27 16:10:20.840612         [17:T2] 
[S1] 2025/11/27 16:10:20.840616         [18:T2] 
[S1] 2025/11/27 16:10:20.840621         [19:T2] 
[S1] 2025/11/27 16:10:20.840625         [20:T2] 
[S1] 2025/11/27 16:10:20.840629         [21:T2] 
[S1] 2025/11/27 16:10:20.840635         [22:T2] 
[S1] 2025/11/27 16:10:20.840639         [23:T2] 
[S1] 2025/11/27 16:10:20.840643         [24:T2] 
[S1] 2025/11/27 16:10:20.840648         [25:T2] 
[S1] 2025/11/27 16:10:20.840652         [26:T2] 
[S1] 2025/11/27 16:10:20.840657         [27:T2] 
[S1] 2025/11/27 16:10:20.840661         [28:T2] 
[S1] 2025/11/27 16:10:20.840666         [29:T2] 
[S1] 2025/11/27 16:10:20.840670 
[S1] 2025/11/27 16:10:20.840675      📌 nextIndex:  [17 13 16]
[S1] 2025/11/27 16:10:20.840685      📎 matchIndex: [16 29 15]
[S1] 2025/11/27 16:10:20.840691 ---------------------------------------------------
[S1] 2025/11/27 16:10:20.840699 
[At the end of handleAppendEntriesReply] 🗂 S1 | Term=2 | Role=Leader | CommitIndex=29 | LastApplied=16
[S1] 2025/11/27 16:10:20.840706      📜 Log: 
[S1] 2025/11/27 16:10:20.840710         [0:T0] 
[S1] 2025/11/27 16:10:20.840714         [1:T1] 
[S1] 2025/11/27 16:10:20.840719         [2:T1] 
[S1] 2025/11/27 16:10:20.840723         [3:T1] 
[S1] 2025/11/27 16:10:20.840728         [4:T1] 
[S1] 2025/11/27 16:10:20.840732         [5:T1] 
[S1] 2025/11/27 16:10:20.840736         [6:T1] 
[S1] 2025/11/27 16:10:20.840740         [7:T1] 
[S1] 2025/11/27 16:10:20.840744         [8:T1] 
[S1] 2025/11/27 16:10:20.840749         [9:T1] 
[S1] 2025/11/27 16:10:20.840754         [10:T1] 
[S1] 2025/11/27 16:10:20.840758         [11:T1] 
[S1] 2025/11/27 16:10:20.840762         [12:T1] 
[S1] 2025/11/27 16:10:20.840769         [13:T2] 
[S1] 2025/11/27 16:10:20.840775         [14:T2] 
[S1] 2025/11/27 16:10:20.840780         [15:T2] 
[S1] 2025/11/27 16:10:20.840784         [16:T2] 
[S1] 2025/11/27 16:10:20.840791         [17:T2] 
[S1] 2025/11/27 16:10:20.840795         [18:T2] 
[S1] 2025/11/27 16:10:20.840800         [19:T2] 
[S1] 2025/11/27 16:10:20.840803         [20:T2] 
[S1] 2025/11/27 16:10:20.840807         [21:T2] 
[S1] 2025/11/27 16:10:20.840811         [22:T2] 
[S1] 2025/11/27 16:10:20.840815         [23:T2] 
[S1] 2025/11/27 16:10:20.840819         [24:T2] 
[S1] 2025/11/27 16:10:20.840823         [25:T2] 
[S1] 2025/11/27 16:10:20.840827         [26:T2] 
[S1] 2025/11/27 16:10:20.840832         [27:T2] 
[S1] 2025/11/27 16:10:20.840836         [28:T2] 
[S1] 2025/11/27 16:10:20.840840         [29:T2] 
[S1] 2025/11/27 16:10:20.840844 
[S1] 2025/11/27 16:10:20.840849      📌 nextIndex:  [30 13 16]
[S1] 2025/11/27 16:10:20.840856      📎 matchIndex: [29 29 15]
[S1] 2025/11/27 16:10:20.840862 ---------------------------------------------------
[S1] 2025/11/27 16:10:20.944990 
[At the start of broadcast] 🗂 S1 | Term=2 | Role=Leader | CommitIndex=29 | LastApplied=29
[S1] 2025/11/27 16:10:20.945034      📜 Log: 
[S1] 2025/11/27 16:10:20.945042         [0:T0] 
[S1] 2025/11/27 16:10:20.945049         [1:T1] 
[S1] 2025/11/27 16:10:20.945055         [2:T1] 
[S1] 2025/11/27 16:10:20.945064         [3:T1] 
[S1] 2025/11/27 16:10:20.945080         [4:T1] 
[S1] 2025/11/27 16:10:20.945086         [5:T1] 
[S1] 2025/11/27 16:10:20.945092         [6:T1] 
[S1] 2025/11/27 16:10:20.945098         [7:T1] 
[S1] 2025/11/27 16:10:20.945105         [8:T1] 
[S1] 2025/11/27 16:10:20.945111         [9:T1] 
[S1] 2025/11/27 16:10:20.945116         [10:T1] 
[S1] 2025/11/27 16:10:20.945122         [11:T1] 
[S1] 2025/11/27 16:10:20.945127         [12:T1] 
[S1] 2025/11/27 16:10:20.945133         [13:T2] 
[S1] 2025/11/27 16:10:20.945138         [14:T2] 
[S1] 2025/11/27 16:10:20.945144         [15:T2] 
[S1] 2025/11/27 16:10:20.945149         [16:T2] 
[S1] 2025/11/27 16:10:20.945154         [17:T2] 
[S1] 2025/11/27 16:10:20.945159         [18:T2] 
[S1] 2025/11/27 16:10:20.945164         [19:T2] 
[S1] 2025/11/27 16:10:20.945169         [20:T2] 
[S1] 2025/11/27 16:10:20.945174         [21:T2] 
[S1] 2025/11/27 16:10:20.945179         [22:T2] 
[S1] 2025/11/27 16:10:20.945183         [23:T2] 
[S1] 2025/11/27 16:10:20.945189         [24:T2] 
[S1] 2025/11/27 16:10:20.945194         [25:T2] 
[S1] 2025/11/27 16:10:20.945198         [26:T2] 
[S1] 2025/11/27 16:10:20.945203         [27:T2] 
[S1] 2025/11/27 16:10:20.945208         [28:T2] 
[S1] 2025/11/27 16:10:20.945214         [29:T2] 
[S1] 2025/11/27 16:10:20.945218 
[S1] 2025/11/27 16:10:20.945223      📌 nextIndex:  [30 13 16]
[S1] 2025/11/27 16:10:20.945235      📎 matchIndex: [29 29 15]
[S1] 2025/11/27 16:10:20.945242 ---------------------------------------------------
[S1] 2025/11/27 16:10:20.945261 
[At the end of broadcast] 🗂 S1 | Term=2 | Role=Leader | CommitIndex=29 | LastApplied=29
[S1] 2025/11/27 16:10:20.945269      📜 Log: 
[S1] 2025/11/27 16:10:20.945273         [0:T0] 
[S1] 2025/11/27 16:10:20.945278         [1:T1] 
[S1] 2025/11/27 16:10:20.945283         [2:T1] 
[S1] 2025/11/27 16:10:20.945289         [3:T1] 
[S1] 2025/11/27 16:10:20.945293         [4:T1] 
[S1] 2025/11/27 16:10:20.945298         [5:T1] 
[S1] 2025/11/27 16:10:20.945303         [6:T1] 
[S1] 2025/11/27 16:10:20.945308         [7:T1] 
[S1] 2025/11/27 16:10:20.945313         [8:T1] 
[S1] 2025/11/27 16:10:20.945318         [9:T1] 
[S1] 2025/11/27 16:10:20.945322         [10:T1] 
[S1] 2025/11/27 16:10:20.945328         [11:T1] 
[S1] 2025/11/27 16:10:20.945333         [12:T1] 
[S1] 2025/11/27 16:10:20.945338         [13:T2] 
[S1] 2025/11/27 16:10:20.945343         [14:T2] 
[S1] 2025/11/27 16:10:20.945348         [15:T2] 
[S1] 2025/11/27 16:10:20.945352         [16:T2] 
[S1] 2025/11/27 16:10:20.945357         [17:T2] 
[S1] 2025/11/27 16:10:20.945361         [18:T2] 
[S1] 2025/11/27 16:10:20.945366         [19:T2] 
[S1] 2025/11/27 16:10:20.945372         [20:T2] 
[S1] 2025/11/27 16:10:20.945377         [21:T2] 
[S1] 2025/11/27 16:10:20.945381         [22:T2] 
[S1] 2025/11/27 16:10:20.945402         [23:T2] 
[S1] 2025/11/27 16:10:20.945407         [24:T2] 
[S1] 2025/11/27 16:10:20.945412         [25:T2] 
[S1] 2025/11/27 16:10:20.945417         [26:T2] 
[S1] 2025/11/27 16:10:20.945423         [27:T2] 
[S1] 2025/11/27 16:10:20.945427         [28:T2] 
[S1] 2025/11/27 16:10:20.945432         [29:T2] 
[S1] 2025/11/27 16:10:20.945437 
[S1] 2025/11/27 16:10:20.945441      📌 nextIndex:  [30 13 16]
[S1] 2025/11/27 16:10:20.945448      📎 matchIndex: [29 29 15]
[S1] 2025/11/27 16:10:20.945456 ---------------------------------------------------
[S1] 2025/11/27 16:10:20.946061 
[At the start of handleAppendEntriesReply] 🗂 S1 | Term=2 | Role=Leader | CommitIndex=29 | LastApplied=29
[S1] 2025/11/27 16:10:20.946101      📜 Log: 
[S1] 2025/11/27 16:10:20.946109         [0:T0] 
[S1] 2025/11/27 16:10:20.946116         [1:T1] 
[S1] 2025/11/27 16:10:20.946122         [2:T1] 
[S1] 2025/11/27 16:10:20.946128         [3:T1] 
[S1] 2025/11/27 16:10:20.946136         [4:T1] 
[S1] 2025/11/27 16:10:20.946140         [5:T1] 
[S1] 2025/11/27 16:10:20.946146         [6:T1] 
[S1] 2025/11/27 16:10:20.946152         [7:T1] 
[S1] 2025/11/27 16:10:20.946158         [8:T1] 
[S1] 2025/11/27 16:10:20.946163         [9:T1] 
[S1] 2025/11/27 16:10:20.946168         [10:T1] 
[S1] 2025/11/27 16:10:20.946173         [11:T1] 
[S1] 2025/11/27 16:10:20.946178         [12:T1] 
[S1] 2025/11/27 16:10:20.946183         [13:T2] 
[S1] 2025/11/27 16:10:20.946190         [14:T2] 
[S1] 2025/11/27 16:10:20.946195         [15:T2] 
[S1] 2025/11/27 16:10:20.946200         [16:T2] 
[S1] 2025/11/27 16:10:20.946205         [17:T2] 
[S1] 2025/11/27 16:10:20.946210         [18:T2] 
[S1] 2025/11/27 16:10:20.946215         [19:T2] 
[S1] 2025/11/27 16:10:20.946221         [20:T2] 
[S1] 2025/11/27 16:10:20.946226         [21:T2] 
[S1] 2025/11/27 16:10:20.946231         [22:T2] 
[S1] 2025/11/27 16:10:20.946236         [23:T2] 
[S1] 2025/11/27 16:10:20.946241         [24:T2] 
[S1] 2025/11/27 16:10:20.946246         [25:T2] 
[S1] 2025/11/27 16:10:20.946251         [26:T2] 
[S1] 2025/11/27 16:10:20.946256         [27:T2] 
[S1] 2025/11/27 16:10:20.946261         [28:T2] 
[S1] 2025/11/27 16:10:20.946265         [29:T2] 
[S1] 2025/11/27 16:10:20.946271 
[S1] 2025/11/27 16:10:20.946275      📌 nextIndex:  [30 13 16]
[S1] 2025/11/27 16:10:20.946284      📎 matchIndex: [29 29 15]
[S1] 2025/11/27 16:10:20.946291 ---------------------------------------------------
[S1] 2025/11/27 16:10:20.946297 
[At the end of handleAppendEntriesReply] 🗂 S1 | Term=2 | Role=Leader | CommitIndex=29 | LastApplied=29
[S1] 2025/11/27 16:10:20.946305      📜 Log: 
[S1] 2025/11/27 16:10:20.946310         [0:T0] 
[S1] 2025/11/27 16:10:20.946315         [1:T1] 
[S1] 2025/11/27 16:10:20.946320         [2:T1] 
[S1] 2025/11/27 16:10:20.946325         [3:T1] 
[S1] 2025/11/27 16:10:20.946330         [4:T1] 
[S1] 2025/11/27 16:10:20.946335         [5:T1] 
[S1] 2025/11/27 16:10:20.946340         [6:T1] 
[S1] 2025/11/27 16:10:20.946344         [7:T1] 
[S1] 2025/11/27 16:10:20.946349         [8:T1] 
[S1] 2025/11/27 16:10:20.946353         [9:T1] 
[S1] 2025/11/27 16:10:20.946358         [10:T1] 
[S1] 2025/11/27 16:10:20.946362         [11:T1] 
[S1] 2025/11/27 16:10:20.946367         [12:T1] 
[S1] 2025/11/27 16:10:20.946372         [13:T2] 
[S1] 2025/11/27 16:10:20.946378         [14:T2] 
[S1] 2025/11/27 16:10:20.946383         [15:T2] 
[S1] 2025/11/27 16:10:20.946387         [16:T2] 
[S1] 2025/11/27 16:10:20.946392         [17:T2] 
[S1] 2025/11/27 16:10:20.946397         [18:T2] 
[S1] 2025/11/27 16:10:20.946401         [19:T2] 
[S1] 2025/11/27 16:10:20.946406         [20:T2] 
[S1] 2025/11/27 16:10:20.946411         [21:T2] 
[S1] 2025/11/27 16:10:20.946416         [22:T2] 
[S1] 2025/11/27 16:10:20.946421         [23:T2] 
[S1] 2025/11/27 16:10:20.946426         [24:T2] 
[S1] 2025/11/27 16:10:20.946430         [25:T2] 
[S1] 2025/11/27 16:10:20.946436         [26:T2] 
[S1] 2025/11/27 16:10:20.946440         [27:T2] 
[S1] 2025/11/27 16:10:20.946445         [28:T2] 
[S1] 2025/11/27 16:10:20.946450         [29:T2] 
[S1] 2025/11/27 16:10:20.946459 
[S1] 2025/11/27 16:10:20.946463      📌 nextIndex:  [30 13 16]
[S1] 2025/11/27 16:10:20.946470      📎 matchIndex: [29 29 15]
[S1] 2025/11/27 16:10:20.946477 ---------------------------------------------------
[S1] 2025/11/27 16:10:21.369994 
[At the start of startElection] 🗂 S1 | Term=3 | Role=Follower | CommitIndex=29 | LastApplied=29
[S1] 2025/11/27 16:10:21.370066      📜 Log: 
[S1] 2025/11/27 16:10:21.370085         [0:T0] 
[S1] 2025/11/27 16:10:21.370092         [1:T1] 
[S1] 2025/11/27 16:10:21.370102         [2:T1] 
[S1] 2025/11/27 16:10:21.370108         [3:T1] 
[S1] 2025/11/27 16:10:21.370113         [4:T1] 
[S1] 2025/11/27 16:10:21.370120         [5:T1] 
[S1] 2025/11/27 16:10:21.370126         [6:T1] 
[S1] 2025/11/27 16:10:21.370131         [7:T1] 
[S1] 2025/11/27 16:10:21.370136         [8:T1] 
[S1] 2025/11/27 16:10:21.370141         [9:T1] 
[S1] 2025/11/27 16:10:21.370147         [10:T1] 
[S1] 2025/11/27 16:10:21.370152         [11:T1] 
[S1] 2025/11/27 16:10:21.370157         [12:T1] 
[S1] 2025/11/27 16:10:21.370164         [13:T2] 
[S1] 2025/11/27 16:10:21.370169         [14:T2] 
[S1] 2025/11/27 16:10:21.370174         [15:T2] 
[S1] 2025/11/27 16:10:21.370179         [16:T2] 
[S1] 2025/11/27 16:10:21.370183         [17:T2] 
[S1] 2025/11/27 16:10:21.370189         [18:T2] 
[S1] 2025/11/27 16:10:21.370193         [19:T2] 
[S1] 2025/11/27 16:10:21.370198         [20:T2] 
[S1] 2025/11/27 16:10:21.370202         [21:T2] 
[S1] 2025/11/27 16:10:21.370211         [22:T2] 
[S1] 2025/11/27 16:10:21.370215         [23:T2] 
[S1] 2025/11/27 16:10:21.370220         [24:T2] 
[S1] 2025/11/27 16:10:21.370225         [25:T2] 
[S1] 2025/11/27 16:10:21.370229         [26:T2] 
[S1] 2025/11/27 16:10:21.370234         [27:T2] 
[S1] 2025/11/27 16:10:21.370239         [28:T2] 
[S1] 2025/11/27 16:10:21.370243         [29:T2] 
[S1] 2025/11/27 16:10:21.370248         [30:T2] 
[S1] 2025/11/27 16:10:21.370253 
[S1] 2025/11/27 16:10:21.370257 ---------------------------------------------------
[S1] 2025/11/27 16:10:21.370455 
[At the end of startElection] 🗂 S1 | Term=4 | Role=Candidate | CommitIndex=29 | LastApplied=29
[S1] 2025/11/27 16:10:21.370465      📜 Log: 
[S1] 2025/11/27 16:10:21.370470         [0:T0] 
[S1] 2025/11/27 16:10:21.370476         [1:T1] 
[S1] 2025/11/27 16:10:21.370481         [2:T1] 
[S1] 2025/11/27 16:10:21.370507         [3:T1] 
[S1] 2025/11/27 16:10:21.370512         [4:T1] 
[S1] 2025/11/27 16:10:21.370517         [5:T1] 
[S1] 2025/11/27 16:10:21.370521         [6:T1] 
[S1] 2025/11/27 16:10:21.370526         [7:T1] 
[S1] 2025/11/27 16:10:21.370531         [8:T1] 
[S1] 2025/11/27 16:10:21.370536         [9:T1] 
[S1] 2025/11/27 16:10:21.370540         [10:T1] 
[S1] 2025/11/27 16:10:21.370545         [11:T1] 
[S1] 2025/11/27 16:10:21.370550         [12:T1] 
[S1] 2025/11/27 16:10:21.370554         [13:T2] 
[S1] 2025/11/27 16:10:21.370558         [14:T2] 
[S1] 2025/11/27 16:10:21.370563         [15:T2] 
[S1] 2025/11/27 16:10:21.370568         [16:T2] 
[S1] 2025/11/27 16:10:21.370572         [17:T2] 
[S1] 2025/11/27 16:10:21.370578         [18:T2] 
[S1] 2025/11/27 16:10:21.370582         [19:T2] 
[S1] 2025/11/27 16:10:21.370588         [20:T2] 
[S1] 2025/11/27 16:10:21.370592         [21:T2] 
[S1] 2025/11/27 16:10:21.370597         [22:T2] 
[S1] 2025/11/27 16:10:21.370602         [23:T2] 
[S1] 2025/11/27 16:10:21.370607         [24:T2] 
[S1] 2025/11/27 16:10:21.370612         [25:T2] 
[S1] 2025/11/27 16:10:21.370617         [26:T2] 
[S1] 2025/11/27 16:10:21.370622         [27:T2] 
[S1] 2025/11/27 16:10:21.370628         [28:T2] 
[S1] 2025/11/27 16:10:21.370632         [29:T2] 
[S1] 2025/11/27 16:10:21.370637         [30:T2] 
[S1] 2025/11/27 16:10:21.370641 
[S1] 2025/11/27 16:10:21.370645 ---------------------------------------------------
[S1] 2025/11/27 16:10:21.371087 
[At the start of broadcast] 🗂 S1 | Term=4 | Role=Leader | CommitIndex=29 | LastApplied=29
[S1] 2025/11/27 16:10:21.371104      📜 Log: 
[S1] 2025/11/27 16:10:21.371111         [0:T0] 
[S1] 2025/11/27 16:10:21.371123         [1:T1] 
[S1] 2025/11/27 16:10:21.371130         [2:T1] 
[S1] 2025/11/27 16:10:21.371134         [3:T1] 
[S1] 2025/11/27 16:10:21.371139         [4:T1] 
[S1] 2025/11/27 16:10:21.371144         [5:T1] 
[S1] 2025/11/27 16:10:21.371148         [6:T1] 
[S1] 2025/11/27 16:10:21.371153         [7:T1] 
[S1] 2025/11/27 16:10:21.371158         [8:T1] 
[S1] 2025/11/27 16:10:21.371162         [9:T1] 
[S1] 2025/11/27 16:10:21.371167         [10:T1] 
[S1] 2025/11/27 16:10:21.371172         [11:T1] 
[S1] 2025/11/27 16:10:21.371176         [12:T1] 
[S1] 2025/11/27 16:10:21.371180         [13:T2] 
[S1] 2025/11/27 16:10:21.371185         [14:T2] 
[S1] 2025/11/27 16:10:21.371190         [15:T2] 
[S1] 2025/11/27 16:10:21.371194         [16:T2] 
[S1] 2025/11/27 16:10:21.371199         [17:T2] 
[S1] 2025/11/27 16:10:21.371203         [18:T2] 
[S1] 2025/11/27 16:10:21.371207         [19:T2] 
[S1] 2025/11/27 16:10:21.371212         [20:T2] 
[S1] 2025/11/27 16:10:21.371217         [21:T2] 
[S1] 2025/11/27 16:10:21.371221         [22:T2] 
[S1] 2025/11/27 16:10:21.371225         [23:T2] 
[S1] 2025/11/27 16:10:21.371230         [24:T2] 
[S1] 2025/11/27 16:10:21.371234         [25:T2] 
[S1] 2025/11/27 16:10:21.371247         [26:T2] 
[S1] 2025/11/27 16:10:21.371252         [27:T2] 
[S1] 2025/11/27 16:10:21.371256         [28:T2] 
[S1] 2025/11/27 16:10:21.371261         [29:T2] 
[S1] 2025/11/27 16:10:21.371266         [30:T2] 
[S1] 2025/11/27 16:10:21.371270 
[S1] 2025/11/27 16:10:21.371275      📌 nextIndex:  [31 31 31]
[S1] 2025/11/27 16:10:21.371284      📎 matchIndex: [0 0 0]
[S1] 2025/11/27 16:10:21.371291 ---------------------------------------------------
[S1] 2025/11/27 16:10:21.371300 
[At the end of broadcast] 🗂 S1 | Term=4 | Role=Leader | CommitIndex=29 | LastApplied=29
[S1] 2025/11/27 16:10:21.371307      📜 Log: 
[S1] 2025/11/27 16:10:21.371311         [0:T0] 
[S1] 2025/11/27 16:10:21.371315         [1:T1] 
[S1] 2025/11/27 16:10:21.371321         [2:T1] 
[S1] 2025/11/27 16:10:21.371325         [3:T1] 
[S1] 2025/11/27 16:10:21.371330         [4:T1] 
[S1] 2025/11/27 16:10:21.371335         [5:T1] 
[S1] 2025/11/27 16:10:21.371339         [6:T1] 
[S1] 2025/11/27 16:10:21.371344         [7:T1] 
[S1] 2025/11/27 16:10:21.371349         [8:T1] 
[S1] 2025/11/27 16:10:21.371354         [9:T1] 
[S1] 2025/11/27 16:10:21.371359         [10:T1] 
[S1] 2025/11/27 16:10:21.371364         [11:T1] 
[S1] 2025/11/27 16:10:21.371368         [12:T1] 
[S1] 2025/11/27 16:10:21.371373         [13:T2] 
[S1] 2025/11/27 16:10:21.371378         [14:T2] 
[S1] 2025/11/27 16:10:21.371383         [15:T2] 
[S1] 2025/11/27 16:10:21.371388         [16:T2] 
[S1] 2025/11/27 16:10:21.371393         [17:T2] 
[S1] 2025/11/27 16:10:21.371397         [18:T2] 
[S1] 2025/11/27 16:10:21.371402         [19:T2] 
[S1] 2025/11/27 16:10:21.371407         [20:T2] 
[S1] 2025/11/27 16:10:21.371412         [21:T2] 
[S1] 2025/11/27 16:10:21.371416         [22:T2] 
[S1] 2025/11/27 16:10:21.371421         [23:T2] 
[S1] 2025/11/27 16:10:21.371426         [24:T2] 
[S1] 2025/11/27 16:10:21.371430         [25:T2] 
[S1] 2025/11/27 16:10:21.371435         [26:T2] 
[S1] 2025/11/27 16:10:21.371440         [27:T2] 
[S1] 2025/11/27 16:10:21.371444         [28:T2] 
[S1] 2025/11/27 16:10:21.371449         [29:T2] 
[S1] 2025/11/27 16:10:21.371454         [30:T2] 
[S1] 2025/11/27 16:10:21.371458 
[S1] 2025/11/27 16:10:21.371462      📌 nextIndex:  [31 31 31]
[S1] 2025/11/27 16:10:21.371470      📎 matchIndex: [0 0 0]
[S1] 2025/11/27 16:10:21.371477 ---------------------------------------------------
[S1] 2025/11/27 16:10:21.371772 
[At the start of handleAppendEntriesReply] 🗂 S1 | Term=4 | Role=Leader | CommitIndex=29 | LastApplied=29
[S1] 2025/11/27 16:10:21.371783      📜 Log: 
[S1] 2025/11/27 16:10:21.371788         [0:T0] 
[S1] 2025/11/27 16:10:21.371794         [1:T1] 
[S1] 2025/11/27 16:10:21.371799         [2:T1] 
[S1] 2025/11/27 16:10:21.371805         [3:T1] 
[S1] 2025/11/27 16:10:21.371810         [4:T1] 
[S1] 2025/11/27 16:10:21.371815         [5:T1] 
[S1] 2025/11/27 16:10:21.371824         [6:T1] 
[S1] 2025/11/27 16:10:21.371829         [7:T1] 
[S1] 2025/11/27 16:10:21.371834         [8:T1] 
[S1] 2025/11/27 16:10:21.371838         [9:T1] 
[S1] 2025/11/27 16:10:21.371843         [10:T1] 
[S1] 2025/11/27 16:10:21.371847         [11:T1] 
[S1] 2025/11/27 16:10:21.371852         [12:T1] 
[S1] 2025/11/27 16:10:21.371858         [13:T2] 
[S1] 2025/11/27 16:10:21.371863         [14:T2] 
[S1] 2025/11/27 16:10:21.371868         [15:T2] 
[S1] 2025/11/27 16:10:21.371873         [16:T2] 
[S1] 2025/11/27 16:10:21.371878         [17:T2] 
[S1] 2025/11/27 16:10:21.371882         [18:T2] 
[S1] 2025/11/27 16:10:21.371887         [19:T2] 
[S1] 2025/11/27 16:10:21.371892         [20:T2] 
[S1] 2025/11/27 16:10:21.371898         [21:T2] 
[S1] 2025/11/27 16:10:21.371902         [22:T2] 
[S1] 2025/11/27 16:10:21.371906         [23:T2] 
[S1] 2025/11/27 16:10:21.371911         [24:T2] 
[S1] 2025/11/27 16:10:21.371915         [25:T2] 
[S1] 2025/11/27 16:10:21.371919         [26:T2] 
[S1] 2025/11/27 16:10:21.371923         [27:T2] 
[S1] 2025/11/27 16:10:21.371929         [28:T2] 
[S1] 2025/11/27 16:10:21.371934         [29:T2] 
[S1] 2025/11/27 16:10:21.371938         [30:T2] 
[S1] 2025/11/27 16:10:21.371943 
[S1] 2025/11/27 16:10:21.371946      📌 nextIndex:  [31 31 31]
[S1] 2025/11/27 16:10:21.371954      📎 matchIndex: [0 0 0]
[S1] 2025/11/27 16:10:21.371960 ---------------------------------------------------
[S1] 2025/11/27 16:10:21.371966 
[At the end of handleAppendEntriesReply] 🗂 S1 | Term=4 | Role=Leader | CommitIndex=29 | LastApplied=29
[S1] 2025/11/27 16:10:21.371972      📜 Log: 
[S1] 2025/11/27 16:10:21.371976         [0:T0] 
[S1] 2025/11/27 16:10:21.371981         [1:T1] 
[S1] 2025/11/27 16:10:21.371986         [2:T1] 
[S1] 2025/11/27 16:10:21.371991         [3:T1] 
[S1] 2025/11/27 16:10:21.371995         [4:T1] 
[S1] 2025/11/27 16:10:21.371999         [5:T1] 
[S1] 2025/11/27 16:10:21.372004         [6:T1] 
[S1] 2025/11/27 16:10:21.372008         [7:T1] 
[S1] 2025/11/27 16:10:21.372013         [8:T1] 
[S1] 2025/11/27 16:10:21.372017         [9:T1] 
[S1] 2025/11/27 16:10:21.372022         [10:T1] 
[S1] 2025/11/27 16:10:21.372026         [11:T1] 
[S1] 2025/11/27 16:10:21.372031         [12:T1] 
[S1] 2025/11/27 16:10:21.372035         [13:T2] 
[S1] 2025/11/27 16:10:21.372040         [14:T2] 
[S1] 2025/11/27 16:10:21.372044         [15:T2] 
[S1] 2025/11/27 16:10:21.372048         [16:T2] 
[S1] 2025/11/27 16:10:21.372053         [17:T2] 
[S1] 2025/11/27 16:10:21.372057         [18:T2] 
[S1] 2025/11/27 16:10:21.372062         [19:T2] 
[S1] 2025/11/27 16:10:21.372066         [20:T2] 
[S1] 2025/11/27 16:10:21.372075         [21:T2] 
[S1] 2025/11/27 16:10:21.372079         [22:T2] 
[S1] 2025/11/27 16:10:21.372083         [23:T2] 
[S1] 2025/11/27 16:10:21.372087         [24:T2] 
[S1] 2025/11/27 16:10:21.372092         [25:T2] 
[S1] 2025/11/27 16:10:21.372096         [26:T2] 
[S1] 2025/11/27 16:10:21.372100         [27:T2] 
[S1] 2025/11/27 16:10:21.372104         [28:T2] 
[S1] 2025/11/27 16:10:21.372108         [29:T2] 
[S1] 2025/11/27 16:10:21.372113         [30:T2] 
[S1] 2025/11/27 16:10:21.372117 
[S1] 2025/11/27 16:10:21.372121      📌 nextIndex:  [30 31 31]
[S1] 2025/11/27 16:10:21.372128      📎 matchIndex: [0 0 0]
[S1] 2025/11/27 16:10:21.372135 ---------------------------------------------------
[S1] 2025/11/27 16:10:21.372141 
[At the start of handleAppendEntriesReply] 🗂 S1 | Term=4 | Role=Leader | CommitIndex=29 | LastApplied=29
[S1] 2025/11/27 16:10:21.372150      📜 Log: 
[S1] 2025/11/27 16:10:21.372155         [0:T0] 
[S1] 2025/11/27 16:10:21.372161         [1:T1] 
[S1] 2025/11/27 16:10:21.372166         [2:T1] 
[S1] 2025/11/27 16:10:21.372184         [3:T1] 
[S1] 2025/11/27 16:10:21.372189         [4:T1] 
[S1] 2025/11/27 16:10:21.372194         [5:T1] 
[S1] 2025/11/27 16:10:21.372199         [6:T1] 
[S1] 2025/11/27 16:10:21.372204         [7:T1] 
[S1] 2025/11/27 16:10:21.372209         [8:T1] 
[S1] 2025/11/27 16:10:21.372214         [9:T1] 
[S1] 2025/11/27 16:10:21.372221         [10:T1] 
[S1] 2025/11/27 16:10:21.372225         [11:T1] 
[S1] 2025/11/27 16:10:21.372230         [12:T1] 
[S1] 2025/11/27 16:10:21.372235         [13:T2] 
[S1] 2025/11/27 16:10:21.372239         [14:T2] 
[S1] 2025/11/27 16:10:21.372245         [15:T2] 
[S1] 2025/11/27 16:10:21.372249         [16:T2] 
[S1] 2025/11/27 16:10:21.372254         [17:T2] 
[S1] 2025/11/27 16:10:21.372259         [18:T2] 
[S1] 2025/11/27 16:10:21.372264         [19:T2] 
[S1] 2025/11/27 16:10:21.372269         [20:T2] 
[S1] 2025/11/27 16:10:21.372273         [21:T2] 
[S1] 2025/11/27 16:10:21.372278         [22:T2] 
[S1] 2025/11/27 16:10:21.372282         [23:T2] 
[S1] 2025/11/27 16:10:21.372287         [24:T2] 
[S1] 2025/11/27 16:10:21.372292         [25:T2] 
[S1] 2025/11/27 16:10:21.372297         [26:T2] 
[S1] 2025/11/27 16:10:21.372304         [27:T2] 
[S1] 2025/11/27 16:10:21.372308         [28:T2] 
[S1] 2025/11/27 16:10:21.372312         [29:T2] 
[S1] 2025/11/27 16:10:21.372316         [30:T2] 
[S1] 2025/11/27 16:10:21.372320 
[S1] 2025/11/27 16:10:21.372324      📌 nextIndex:  [30 31 31]
[S1] 2025/11/27 16:10:21.372330      📎 matchIndex: [0 0 0]
[S1] 2025/11/27 16:10:21.372337 ---------------------------------------------------
[S1] 2025/11/27 16:10:21.372341 
[At the end of handleAppendEntriesReply] 🗂 S1 | Term=4 | Role=Leader | CommitIndex=29 | LastApplied=29
[S1] 2025/11/27 16:10:21.372348      📜 Log: 
[S1] 2025/11/27 16:10:21.372352         [0:T0] 
[S1] 2025/11/27 16:10:21.372357         [1:T1] 
[S1] 2025/11/27 16:10:21.372362         [2:T1] 
[S1] 2025/11/27 16:10:21.372366         [3:T1] 
[S1] 2025/11/27 16:10:21.372370         [4:T1] 
[S1] 2025/11/27 16:10:21.372374         [5:T1] 
[S1] 2025/11/27 16:10:21.372378         [6:T1] 
[S1] 2025/11/27 16:10:21.372383         [7:T1] 
[S1] 2025/11/27 16:10:21.372387         [8:T1] 
[S1] 2025/11/27 16:10:21.372391         [9:T1] 
[S1] 2025/11/27 16:10:21.372397         [10:T1] 
[S1] 2025/11/27 16:10:21.372402         [11:T1] 
[S1] 2025/11/27 16:10:21.372406         [12:T1] 
[S1] 2025/11/27 16:10:21.372410         [13:T2] 
[S1] 2025/11/27 16:10:21.372415         [14:T2] 
[S1] 2025/11/27 16:10:21.372419         [15:T2] 
[S1] 2025/11/27 16:10:21.372423         [16:T2] 
[S1] 2025/11/27 16:10:21.372427         [17:T2] 
[S1] 2025/11/27 16:10:21.372432         [18:T2] 
[S1] 2025/11/27 16:10:21.372436         [19:T2] 
[S1] 2025/11/27 16:10:21.372441         [20:T2] 
[S1] 2025/11/27 16:10:21.372445         [21:T2] 
[S1] 2025/11/27 16:10:21.372449         [22:T2] 
[S1] 2025/11/27 16:10:21.372453         [23:T2] 
[S1] 2025/11/27 16:10:21.372458         [24:T2] 
[S1] 2025/11/27 16:10:21.372462         [25:T2] 
[S1] 2025/11/27 16:10:21.372467         [26:T2] 
[S1] 2025/11/27 16:10:21.372471         [27:T2] 
[S1] 2025/11/27 16:10:21.372476         [28:T2] 
[S1] 2025/11/27 16:10:21.372480         [29:T2] 
[S1] 2025/11/27 16:10:21.372484         [30:T2] 
[S1] 2025/11/27 16:10:21.372488 
[S1] 2025/11/27 16:10:21.372492      📌 nextIndex:  [30 31 16]
[S1] 2025/11/27 16:10:21.372499      📎 matchIndex: [0 0 0]
[S1] 2025/11/27 16:10:21.372504 ---------------------------------------------------
[S1] 2025/11/27 16:10:21.476599 
[At the start of broadcast] 🗂 S1 | Term=4 | Role=Leader | CommitIndex=29 | LastApplied=29
[S1] 2025/11/27 16:10:21.476662      📜 Log: 
[S1] 2025/11/27 16:10:21.476670         [0:T0] 
[S1] 2025/11/27 16:10:21.476679         [1:T1] 
[S1] 2025/11/27 16:10:21.476684         [2:T1] 
[S1] 2025/11/27 16:10:21.476690         [3:T1] 
[S1] 2025/11/27 16:10:21.476698         [4:T1] 
[S1] 2025/11/27 16:10:21.476704         [5:T1] 
[S1] 2025/11/27 16:10:21.476710         [6:T1] 
[S1] 2025/11/27 16:10:21.476715         [7:T1] 
[S1] 2025/11/27 16:10:21.476719         [8:T1] 
[S1] 2025/11/27 16:10:21.476724         [9:T1] 
[S1] 2025/11/27 16:10:21.476728         [10:T1] 
[S1] 2025/11/27 16:10:21.476733         [11:T1] 
[S1] 2025/11/27 16:10:21.476739         [12:T1] 
[S1] 2025/11/27 16:10:21.476743         [13:T2] 
[S1] 2025/11/27 16:10:21.476749         [14:T2] 
[S1] 2025/11/27 16:10:21.476761         [15:T2] 
[S1] 2025/11/27 16:10:21.476765         [16:T2] 
[S1] 2025/11/27 16:10:21.476770         [17:T2] 
[S1] 2025/11/27 16:10:21.476774         [18:T2] 
[S1] 2025/11/27 16:10:21.476779         [19:T2] 
[S1] 2025/11/27 16:10:21.476785         [20:T2] 
[S1] 2025/11/27 16:10:21.476789         [21:T2] 
[S1] 2025/11/27 16:10:21.476794         [22:T2] 
[S1] 2025/11/27 16:10:21.476799         [23:T2] 
[S1] 2025/11/27 16:10:21.476803         [24:T2] 
[S1] 2025/11/27 16:10:21.476807         [25:T2] 
[S1] 2025/11/27 16:10:21.476812         [26:T2] 
[S1] 2025/11/27 16:10:21.476817         [27:T2] 
[S1] 2025/11/27 16:10:21.476821         [28:T2] 
[S1] 2025/11/27 16:10:21.476826         [29:T2] 
[S1] 2025/11/27 16:10:21.476830         [30:T2] 
[S1] 2025/11/27 16:10:21.476834 
[S1] 2025/11/27 16:10:21.476839      📌 nextIndex:  [30 31 16]
[S1] 2025/11/27 16:10:21.476852      📎 matchIndex: [0 0 0]
[S1] 2025/11/27 16:10:21.476858 ---------------------------------------------------
[S1] 2025/11/27 16:10:21.476876 
[At the end of broadcast] 🗂 S1 | Term=4 | Role=Leader | CommitIndex=29 | LastApplied=29
[S1] 2025/11/27 16:10:21.476884      📜 Log: 
[S1] 2025/11/27 16:10:21.476888         [0:T0] 
[S1] 2025/11/27 16:10:21.476893         [1:T1] 
[S1] 2025/11/27 16:10:21.476899         [2:T1] 
[S1] 2025/11/27 16:10:21.476903         [3:T1] 
[S1] 2025/11/27 16:10:21.476908         [4:T1] 
[S1] 2025/11/27 16:10:21.476913         [5:T1] 
[S1] 2025/11/27 16:10:21.476917         [6:T1] 
[S1] 2025/11/27 16:10:21.476922         [7:T1] 
[S1] 2025/11/27 16:10:21.476926         [8:T1] 
[S1] 2025/11/27 16:10:21.476931         [9:T1] 
[S1] 2025/11/27 16:10:21.476935         [10:T1] 
[S1] 2025/11/27 16:10:21.476940         [11:T1] 
[S1] 2025/11/27 16:10:21.476944         [12:T1] 
[S1] 2025/11/27 16:10:21.476949         [13:T2] 
[S1] 2025/11/27 16:10:21.476954         [14:T2] 
[S1] 2025/11/27 16:10:21.476958         [15:T2] 
[S1] 2025/11/27 16:10:21.476963         [16:T2] 
[S1] 2025/11/27 16:10:21.476967         [17:T2] 
[S1] 2025/11/27 16:10:21.476972         [18:T2] 
[S1] 2025/11/27 16:10:21.476976         [19:T2] 
[S1] 2025/11/27 16:10:21.476983         [20:T2] 
[S1] 2025/11/27 16:10:21.476988         [21:T2] 
[S1] 2025/11/27 16:10:21.476993         [22:T2] 
[S1] 2025/11/27 16:10:21.476997         [23:T2] 
[S1] 2025/11/27 16:10:21.477002         [24:T2] 
[S1] 2025/11/27 16:10:21.477007         [25:T2] 
[S1] 2025/11/27 16:10:21.477011         [26:T2] 
[S1] 2025/11/27 16:10:21.477016         [27:T2] 
[S1] 2025/11/27 16:10:21.477021         [28:T2] 
[S1] 2025/11/27 16:10:21.477025         [29:T2] 
[S1] 2025/11/27 16:10:21.477030         [30:T2] 
[S1] 2025/11/27 16:10:21.477035 
[S1] 2025/11/27 16:10:21.477039      📌 nextIndex:  [30 31 16]
[S1] 2025/11/27 16:10:21.477047      📎 matchIndex: [0 0 0]
[S1] 2025/11/27 16:10:21.477053 ---------------------------------------------------
[S1] 2025/11/27 16:10:21.478153 
[At the start of handleAppendEntriesReply] 🗂 S1 | Term=4 | Role=Leader | CommitIndex=29 | LastApplied=29
[S1] 2025/11/27 16:10:21.478174      📜 Log: 
[S1] 2025/11/27 16:10:21.478183         [0:T0] 
[S1] 2025/11/27 16:10:21.478191         [1:T1] 
[S1] 2025/11/27 16:10:21.478198         [2:T1] 
[S1] 2025/11/27 16:10:21.478205         [3:T1] 
[S1] 2025/11/27 16:10:21.478212         [4:T1] 
[S1] 2025/11/27 16:10:21.478219         [5:T1] 
[S1] 2025/11/27 16:10:21.478228         [6:T1] 
[S1] 2025/11/27 16:10:21.478235         [7:T1] 
[S1] 2025/11/27 16:10:21.478242         [8:T1] 
[S1] 2025/11/27 16:10:21.478248         [9:T1] 
[S1] 2025/11/27 16:10:21.478254         [10:T1] 
[S1] 2025/11/27 16:10:21.478260         [11:T1] 
[S1] 2025/11/27 16:10:21.478266         [12:T1] 
[S1] 2025/11/27 16:10:21.478272         [13:T2] 
[S1] 2025/11/27 16:10:21.478278         [14:T2] 
[S1] 2025/11/27 16:10:21.478285         [15:T2] 
[S1] 2025/11/27 16:10:21.478291         [16:T2] 
[S1] 2025/11/27 16:10:21.478298         [17:T2] 
[S1] 2025/11/27 16:10:21.478304         [18:T2] 
[S1] 2025/11/27 16:10:21.478309         [19:T2] 
[S1] 2025/11/27 16:10:21.478321         [20:T2] 
[S1] 2025/11/27 16:10:21.478327         [21:T2] 
[S1] 2025/11/27 16:10:21.478333         [22:T2] 
[S1] 2025/11/27 16:10:21.478340         [23:T2] 
[S1] 2025/11/27 16:10:21.478347         [24:T2] 
[S1] 2025/11/27 16:10:21.478354         [25:T2] 
[S1] 2025/11/27 16:10:21.478360         [26:T2] 
[S1] 2025/11/27 16:10:21.478365         [27:T2] 
[S1] 2025/11/27 16:10:21.478371         [28:T2] 
[S1] 2025/11/27 16:10:21.478378         [29:T2] 
[S1] 2025/11/27 16:10:21.478384         [30:T2] 
[S1] 2025/11/27 16:10:21.478390 
[S1] 2025/11/27 16:10:21.478395      📌 nextIndex:  [30 31 16]
[S1] 2025/11/27 16:10:21.478405      📎 matchIndex: [0 0 0]
[S1] 2025/11/27 16:10:21.478411 ---------------------------------------------------
[S1] 2025/11/27 16:10:21.478417 
[At the end of handleAppendEntriesReply] 🗂 S1 | Term=4 | Role=Leader | CommitIndex=29 | LastApplied=29
[S1] 2025/11/27 16:10:21.478424      📜 Log: 
[S1] 2025/11/27 16:10:21.478429         [0:T0] 
[S1] 2025/11/27 16:10:21.478433         [1:T1] 
[S1] 2025/11/27 16:10:21.478438         [2:T1] 
[S1] 2025/11/27 16:10:21.478443         [3:T1] 
[S1] 2025/11/27 16:10:21.478447         [4:T1] 
[S1] 2025/11/27 16:10:21.478451         [5:T1] 
[S1] 2025/11/27 16:10:21.478456         [6:T1] 
[S1] 2025/11/27 16:10:21.478461         [7:T1] 
[S1] 2025/11/27 16:10:21.478465         [8:T1] 
[S1] 2025/11/27 16:10:21.478469         [9:T1] 
[S1] 2025/11/27 16:10:21.478473         [10:T1] 
[S1] 2025/11/27 16:10:21.478478         [11:T1] 
[S1] 2025/11/27 16:10:21.478483         [12:T1] 
[S1] 2025/11/27 16:10:21.478487         [13:T2] 
[S1] 2025/11/27 16:10:21.478494         [14:T2] 
[S1] 2025/11/27 16:10:21.478500         [15:T2] 
[S1] 2025/11/27 16:10:21.478507         [16:T2] 
[S1] 2025/11/27 16:10:21.478513         [17:T2] 
[S1] 2025/11/27 16:10:21.478519         [18:T2] 
[S1] 2025/11/27 16:10:21.478525         [19:T2] 
[S1] 2025/11/27 16:10:21.478532         [20:T2] 
[S1] 2025/11/27 16:10:21.478540         [21:T2] 
[S1] 2025/11/27 16:10:21.478545         [22:T2] 
[S1] 2025/11/27 16:10:21.478550         [23:T2] 
[S1] 2025/11/27 16:10:21.478555         [24:T2] 
[S1] 2025/11/27 16:10:21.478560         [25:T2] 
[S1] 2025/11/27 16:10:21.478564         [26:T2] 
[S1] 2025/11/27 16:10:21.478571         [27:T2] 
[S1] 2025/11/27 16:10:21.478575         [28:T2] 
[S1] 2025/11/27 16:10:21.478580         [29:T2] 
[S1] 2025/11/27 16:10:21.478584         [30:T2] 
[S1] 2025/11/27 16:10:21.478589 
[S1] 2025/11/27 16:10:21.478594      📌 nextIndex:  [31 31 16]
[S1] 2025/11/27 16:10:21.478602      📎 matchIndex: [30 0 0]
[S1] 2025/11/27 16:10:21.478609 ---------------------------------------------------
[S1] 2025/11/27 16:10:21.478618 
[At the start of handleAppendEntriesReply] 🗂 S1 | Term=4 | Role=Leader | CommitIndex=29 | LastApplied=29
[S1] 2025/11/27 16:10:21.478628      📜 Log: 
[S1] 2025/11/27 16:10:21.478633         [0:T0] 
[S1] 2025/11/27 16:10:21.478639         [1:T1] 
[S1] 2025/11/27 16:10:21.478643         [2:T1] 
[S1] 2025/11/27 16:10:21.478648         [3:T1] 
[S1] 2025/11/27 16:10:21.478653         [4:T1] 
[S1] 2025/11/27 16:10:21.478658         [5:T1] 
[S1] 2025/11/27 16:10:21.478662         [6:T1] 
[S1] 2025/11/27 16:10:21.478667         [7:T1] 
[S1] 2025/11/27 16:10:21.478671         [8:T1] 
[S1] 2025/11/27 16:10:21.478677         [9:T1] 
[S1] 2025/11/27 16:10:21.478682         [10:T1] 
[S1] 2025/11/27 16:10:21.478687         [11:T1] 
[S1] 2025/11/27 16:10:21.478691         [12:T1] 
[S1] 2025/11/27 16:10:21.478695         [13:T2] 
[S1] 2025/11/27 16:10:21.478700         [14:T2] 
[S1] 2025/11/27 16:10:21.478704         [15:T2] 
[S1] 2025/11/27 16:10:21.478709         [16:T2] 
[S1] 2025/11/27 16:10:21.478714         [17:T2] 
[S1] 2025/11/27 16:10:21.478718         [18:T2] 
[S1] 2025/11/27 16:10:21.478723         [19:T2] 
[S1] 2025/11/27 16:10:21.478727         [20:T2] 
[S1] 2025/11/27 16:10:21.478732         [21:T2] 
[S1] 2025/11/27 16:10:21.478736         [22:T2] 
[S1] 2025/11/27 16:10:21.478741         [23:T2] 
[S1] 2025/11/27 16:10:21.478749         [24:T2] 
[S1] 2025/11/27 16:10:21.478753         [25:T2] 
[S1] 2025/11/27 16:10:21.478757         [26:T2] 
[S1] 2025/11/27 16:10:21.478761         [27:T2] 
[S1] 2025/11/27 16:10:21.478766         [28:T2] 
[S1] 2025/11/27 16:10:21.478770         [29:T2] 
[S1] 2025/11/27 16:10:21.478775         [30:T2] 
[S1] 2025/11/27 16:10:21.478779 
[S1] 2025/11/27 16:10:21.478783      📌 nextIndex:  [31 31 16]
[S1] 2025/11/27 16:10:21.478790      📎 matchIndex: [30 0 0]
[S1] 2025/11/27 16:10:21.478796 ---------------------------------------------------
[S1] 2025/11/27 16:10:21.478802 
[At the end of handleAppendEntriesReply] 🗂 S1 | Term=4 | Role=Leader | CommitIndex=29 | LastApplied=29
[S1] 2025/11/27 16:10:21.478809      📜 Log: 
[S1] 2025/11/27 16:10:21.478813         [0:T0] 
[S1] 2025/11/27 16:10:21.478818         [1:T1] 
[S1] 2025/11/27 16:10:21.478822         [2:T1] 
[S1] 2025/11/27 16:10:21.478827         [3:T1] 
[S1] 2025/11/27 16:10:21.478831         [4:T1] 
[S1] 2025/11/27 16:10:21.478835         [5:T1] 
[S1] 2025/11/27 16:10:21.478840         [6:T1] 
[S1] 2025/11/27 16:10:21.478844         [7:T1] 
[S1] 2025/11/27 16:10:21.478848         [8:T1] 
[S1] 2025/11/27 16:10:21.478853         [9:T1] 
[S1] 2025/11/27 16:10:21.478857         [10:T1] 
[S1] 2025/11/27 16:10:21.478862         [11:T1] 
[S1] 2025/11/27 16:10:21.478866         [12:T1] 
[S1] 2025/11/27 16:10:21.478871         [13:T2] 
[S1] 2025/11/27 16:10:21.478876         [14:T2] 
[S1] 2025/11/27 16:10:21.478880         [15:T2] 
[S1] 2025/11/27 16:10:21.478884         [16:T2] 
[S1] 2025/11/27 16:10:21.478890         [17:T2] 
[S1] 2025/11/27 16:10:21.478895         [18:T2] 
[S1] 2025/11/27 16:10:21.478900         [19:T2] 
[S1] 2025/11/27 16:10:21.478904         [20:T2] 
[S1] 2025/11/27 16:10:21.478908         [21:T2] 
[S1] 2025/11/27 16:10:21.478913         [22:T2] 
[S1] 2025/11/27 16:10:21.478917         [23:T2] 
[S1] 2025/11/27 16:10:21.478921         [24:T2] 
[S1] 2025/11/27 16:10:21.478925         [25:T2] 
[S1] 2025/11/27 16:10:21.478929         [26:T2] 
[S1] 2025/11/27 16:10:21.478934         [27:T2] 
[S1] 2025/11/27 16:10:21.478937         [28:T2] 
[S1] 2025/11/27 16:10:21.478943         [29:T2] 
[S1] 2025/11/27 16:10:21.478947         [30:T2] 
[S1] 2025/11/27 16:10:21.478951 
[S1] 2025/11/27 16:10:21.478955      📌 nextIndex:  [31 31 31]
[S1] 2025/11/27 16:10:21.478961      📎 matchIndex: [30 0 30]
[S1] 2025/11/27 16:10:21.478968 ---------------------------------------------------
[S1] 2025/11/27 16:10:21.583640 
[At the start of broadcast] 🗂 S1 | Term=4 | Role=Leader | CommitIndex=29 | LastApplied=29
[S1] 2025/11/27 16:10:21.583751      📜 Log: 
[S1] 2025/11/27 16:10:21.583779         [0:T0] 
[S1] 2025/11/27 16:10:21.583806         [1:T1] 
[S1] 2025/11/27 16:10:21.583827         [2:T1] 
[S1] 2025/11/27 16:10:21.583849         [3:T1] 
[S1] 2025/11/27 16:10:21.583866         [4:T1] 
[S1] 2025/11/27 16:10:21.583886         [5:T1] 
[S1] 2025/11/27 16:10:21.583906         [6:T1] 
[S1] 2025/11/27 16:10:21.583924         [7:T1] 
[S1] 2025/11/27 16:10:21.583942         [8:T1] 
[S1] 2025/11/27 16:10:21.583964         [9:T1] 
[S1] 2025/11/27 16:10:21.583986         [10:T1] 
[S1] 2025/11/27 16:10:21.584005         [11:T1] 
[S1] 2025/11/27 16:10:21.584025         [12:T1] 
[S1] 2025/11/27 16:10:21.584046         [13:T2] 
[S1] 2025/11/27 16:10:21.584065         [14:T2] 
[S1] 2025/11/27 16:10:21.584104         [15:T2] 
[S1] 2025/11/27 16:10:21.584124         [16:T2] 
[S1] 2025/11/27 16:10:21.584143         [17:T2] 
[S1] 2025/11/27 16:10:21.584161         [18:T2] 
[S1] 2025/11/27 16:10:21.584179         [19:T2] 
[S1] 2025/11/27 16:10:21.584196         [20:T2] 
[S1] 2025/11/27 16:10:21.584214         [21:T2] 
[S1] 2025/11/27 16:10:21.584230         [22:T2] 
[S1] 2025/11/27 16:10:21.584250         [23:T2] 
[S1] 2025/11/27 16:10:21.584269         [24:T2] 
[S1] 2025/11/27 16:10:21.584287         [25:T2] 
[S1] 2025/11/27 16:10:21.584305         [26:T2] 
[S1] 2025/11/27 16:10:21.584323         [27:T2] 
[S1] 2025/11/27 16:10:21.584356         [28:T2] 
[S1] 2025/11/27 16:10:21.584374         [29:T2] 
[S1] 2025/11/27 16:10:21.584391         [30:T2] 
[S1] 2025/11/27 16:10:21.584408 
[S1] 2025/11/27 16:10:21.584427      📌 nextIndex:  [31 31 31]
[S1] 2025/11/27 16:10:21.584465      📎 matchIndex: [30 0 30]
[S1] 2025/11/27 16:10:21.584491 ---------------------------------------------------
[S1] 2025/11/27 16:10:21.584538 
[At the end of broadcast] 🗂 S1 | Term=4 | Role=Leader | CommitIndex=29 | LastApplied=29
[S1] 2025/11/27 16:10:21.584567      📜 Log: 
[S1] 2025/11/27 16:10:21.584582         [0:T0] 
[S1] 2025/11/27 16:10:21.584602         [1:T1] 
[S1] 2025/11/27 16:10:21.584621         [2:T1] 
[S1] 2025/11/27 16:10:21.584641         [3:T1] 
[S1] 2025/11/27 16:10:21.584659         [4:T1] 
[S1] 2025/11/27 16:10:21.584678         [5:T1] 
[S1] 2025/11/27 16:10:21.584695         [6:T1] 
[S1] 2025/11/27 16:10:21.584714         [7:T1] 
[S1] 2025/11/27 16:10:21.584732         [8:T1] 
[S1] 2025/11/27 16:10:21.584749         [9:T1] 
[S1] 2025/11/27 16:10:21.584766         [10:T1] 
[S1] 2025/11/27 16:10:21.584784         [11:T1] 
[S1] 2025/11/27 16:10:21.584802         [12:T1] 
[S1] 2025/11/27 16:10:21.584822         [13:T2] 
[S1] 2025/11/27 16:10:21.584839         [14:T2] 
[S1] 2025/11/27 16:10:21.584858         [15:T2] 
[S1] 2025/11/27 16:10:21.584877         [16:T2] 
[S1] 2025/11/27 16:10:21.584894         [17:T2] 
[S1] 2025/11/27 16:10:21.584912         [18:T2] 
[S1] 2025/11/27 16:10:21.584929         [19:T2] 
[S1] 2025/11/27 16:10:21.584948         [20:T2] 
[S1] 2025/11/27 16:10:21.584964         [21:T2] 
[S1] 2025/11/27 16:10:21.584981         [22:T2] 
[S1] 2025/11/27 16:10:21.585001         [23:T2] 
[S1] 2025/11/27 16:10:21.585018         [24:T2] 
[S1] 2025/11/27 16:10:21.585036         [25:T2] 
[S1] 2025/11/27 16:10:21.585053         [26:T2] 
[S1] 2025/11/27 16:10:21.585076         [27:T2] 
[S1] 2025/11/27 16:10:21.585095         [28:T2] 
[S1] 2025/11/27 16:10:21.585119         [29:T2] 
[S1] 2025/11/27 16:10:21.585136         [30:T2] 
[S1] 2025/11/27 16:10:21.585154 
[S1] 2025/11/27 16:10:21.585169      📌 nextIndex:  [31 31 31]
[S1] 2025/11/27 16:10:21.585197      📎 matchIndex: [30 0 30]
[S1] 2025/11/27 16:10:21.585222 ---------------------------------------------------
[S1] 2025/11/27 16:10:21.589098 
[At the start of handleAppendEntriesReply] 🗂 S1 | Term=4 | Role=Leader | CommitIndex=29 | LastApplied=29
[S1] 2025/11/27 16:10:21.589179      📜 Log: 
[S1] 2025/11/27 16:10:21.589220         [0:T0] 
[S1] 2025/11/27 16:10:21.589261         [1:T1] 
[S1] 2025/11/27 16:10:21.589303         [2:T1] 
[S1] 2025/11/27 16:10:21.589340         [3:T1] 
[S1] 2025/11/27 16:10:21.589374         [4:T1] 
[S1] 2025/11/27 16:10:21.589413         [5:T1] 
[S1] 2025/11/27 16:10:21.589448         [6:T1] 
[S1] 2025/11/27 16:10:21.589483         [7:T1] 
[S1] 2025/11/27 16:10:21.589518         [8:T1] 
[S1] 2025/11/27 16:10:21.589551         [9:T1] 
[S1] 2025/11/27 16:10:21.589583         [10:T1] 
[S1] 2025/11/27 16:10:21.589616         [11:T1] 
[S1] 2025/11/27 16:10:21.589649         [12:T1] 
[S1] 2025/11/27 16:10:21.589681         [13:T2] 
[S1] 2025/11/27 16:10:21.589712         [14:T2] 
[S1] 2025/11/27 16:10:21.589750         [15:T2] 
[S1] 2025/11/27 16:10:21.589781         [16:T2] 
[S1] 2025/11/27 16:10:21.589818         [17:T2] 
[S1] 2025/11/27 16:10:21.589851         [18:T2] 
[S1] 2025/11/27 16:10:21.589887         [19:T2] 
[S1] 2025/11/27 16:10:21.589923         [20:T2] 
[S1] 2025/11/27 16:10:21.589960         [21:T2] 
[S1] 2025/11/27 16:10:21.589992         [22:T2] 
[S1] 2025/11/27 16:10:21.590026         [23:T2] 
[S1] 2025/11/27 16:10:21.590058         [24:T2] 
[S1] 2025/11/27 16:10:21.590183         [25:T2] 
[S1] 2025/11/27 16:10:21.590231         [26:T2] 
[S1] 2025/11/27 16:10:21.590255         [27:T2] 
[S1] 2025/11/27 16:10:21.590277         [28:T2] 
[S1] 2025/11/27 16:10:21.590296         [29:T2] 
[S1] 2025/11/27 16:10:21.590315         [30:T2] 
[S1] 2025/11/27 16:10:21.590340 
[S1] 2025/11/27 16:10:21.590357      📌 nextIndex:  [31 31 31]
[S1] 2025/11/27 16:10:21.590409      📎 matchIndex: [30 0 30]
[S1] 2025/11/27 16:10:21.590441 ---------------------------------------------------
[S1] 2025/11/27 16:10:21.590465 
[At the end of handleAppendEntriesReply] 🗂 S1 | Term=4 | Role=Leader | CommitIndex=29 | LastApplied=29
[S1] 2025/11/27 16:10:21.590497      📜 Log: 
[S1] 2025/11/27 16:10:21.590515         [0:T0] 
[S1] 2025/11/27 16:10:21.590535         [1:T1] 
[S1] 2025/11/27 16:10:21.590555         [2:T1] 
[S1] 2025/11/27 16:10:21.590572         [3:T1] 
[S1] 2025/11/27 16:10:21.590591         [4:T1] 
[S1] 2025/11/27 16:10:21.590609         [5:T1] 
[S1] 2025/11/27 16:10:21.590627         [6:T1] 
[S1] 2025/11/27 16:10:21.590644         [7:T1] 
[S1] 2025/11/27 16:10:21.590662         [8:T1] 
[S1] 2025/11/27 16:10:21.590679         [9:T1] 
[S1] 2025/11/27 16:10:21.590696         [10:T1] 
[S1] 2025/11/27 16:10:21.590713         [11:T1] 
[S1] 2025/11/27 16:10:21.590732         [12:T1] 
[S1] 2025/11/27 16:10:21.590752         [13:T2] 
[S1] 2025/11/27 16:10:21.590771         [14:T2] 
[S1] 2025/11/27 16:10:21.590789         [15:T2] 
[S1] 2025/11/27 16:10:21.590809         [16:T2] 
[S1] 2025/11/27 16:10:21.590826         [17:T2] 
[S1] 2025/11/27 16:10:21.590845         [18:T2] 
[S1] 2025/11/27 16:10:21.590863         [19:T2] 
[S1] 2025/11/27 16:10:21.590880         [20:T2] 
[S1] 2025/11/27 16:10:21.590898         [21:T2] 
[S1] 2025/11/27 16:10:21.590914         [22:T2] 
[S1] 2025/11/27 16:10:21.590935         [23:T2] 
[S1] 2025/11/27 16:10:21.590952         [24:T2] 
[S1] 2025/11/27 16:10:21.590970         [25:T2] 
[S1] 2025/11/27 16:10:21.590989         [26:T2] 
[S1] 2025/11/27 16:10:21.591007         [27:T2] 
[S1] 2025/11/27 16:10:21.591024         [28:T2] 
[S1] 2025/11/27 16:10:21.591041         [29:T2] 
[S1] 2025/11/27 16:10:21.591059         [30:T2] 
[S1] 2025/11/27 16:10:21.591089 
[S1] 2025/11/27 16:10:21.591105      📌 nextIndex:  [31 31 31]
[S1] 2025/11/27 16:10:21.591132      📎 matchIndex: [30 0 30]
[S1] 2025/11/27 16:10:21.591155 ---------------------------------------------------
[S1] 2025/11/27 16:10:21.591191 
[At the start of handleAppendEntriesReply] 🗂 S1 | Term=4 | Role=Leader | CommitIndex=29 | LastApplied=29
[S1] 2025/11/27 16:10:21.591228      📜 Log: 
[S1] 2025/11/27 16:10:21.591247         [0:T0] 
[S1] 2025/11/27 16:10:21.591269         [1:T1] 
[S1] 2025/11/27 16:10:21.591288         [2:T1] 
[S1] 2025/11/27 16:10:21.591306         [3:T1] 
[S1] 2025/11/27 16:10:21.591323         [4:T1] 
[S1] 2025/11/27 16:10:21.591344         [5:T1] 
[S1] 2025/11/27 16:10:21.591362         [6:T1] 
[S1] 2025/11/27 16:10:21.591380         [7:T1] 
[S1] 2025/11/27 16:10:21.591399         [8:T1] 
[S1] 2025/11/27 16:10:21.591418         [9:T1] 
[S1] 2025/11/27 16:10:21.591435         [10:T1] 
[S1] 2025/11/27 16:10:21.591454         [11:T1] 
[S1] 2025/11/27 16:10:21.591471         [12:T1] 
[S1] 2025/11/27 16:10:21.591490         [13:T2] 
[S1] 2025/11/27 16:10:21.591507         [14:T2] 
[S1] 2025/11/27 16:10:21.591524         [15:T2] 
[S1] 2025/11/27 16:10:21.591540         [16:T2] 
[S1] 2025/11/27 16:10:21.591557         [17:T2] 
[S1] 2025/11/27 16:10:21.591573         [18:T2] 
[S1] 2025/11/27 16:10:21.591592         [19:T2] 
[S1] 2025/11/27 16:10:21.591609         [20:T2] 
[S1] 2025/11/27 16:10:21.591627         [21:T2] 
[S1] 2025/11/27 16:10:21.591643         [22:T2] 
[S1] 2025/11/27 16:10:21.591661         [23:T2] 
[S1] 2025/11/27 16:10:21.591678         [24:T2] 
[S1] 2025/11/27 16:10:21.591694         [25:T2] 
[S1] 2025/11/27 16:10:21.591710         [26:T2] 
[S1] 2025/11/27 16:10:21.591726         [27:T2] 
[S1] 2025/11/27 16:10:21.591743         [28:T2] 
[S1] 2025/11/27 16:10:21.591759         [29:T2] 
[S1] 2025/11/27 16:10:21.591774         [30:T2] 
[S1] 2025/11/27 16:10:21.591789 
[S1] 2025/11/27 16:10:21.591805      📌 nextIndex:  [31 31 31]
[S1] 2025/11/27 16:10:21.591831      📎 matchIndex: [30 0 30]
[S1] 2025/11/27 16:10:21.591857 ---------------------------------------------------
[S1] 2025/11/27 16:10:21.591879 
[At the end of handleAppendEntriesReply] 🗂 S1 | Term=4 | Role=Leader | CommitIndex=29 | LastApplied=29
[S1] 2025/11/27 16:10:21.591911      📜 Log: 
[S1] 2025/11/27 16:10:21.591929         [0:T0] 
[S1] 2025/11/27 16:10:21.591946         [1:T1] 
[S1] 2025/11/27 16:10:21.591965         [2:T1] 
[S1] 2025/11/27 16:10:21.591983         [3:T1] 
[S1] 2025/11/27 16:10:21.591999         [4:T1] 
[S1] 2025/11/27 16:10:21.592018         [5:T1] 
[S1] 2025/11/27 16:10:21.592035         [6:T1] 
[S1] 2025/11/27 16:10:21.592054         [7:T1] 
[S1] 2025/11/27 16:10:21.592082         [8:T1] 
[S1] 2025/11/27 16:10:21.592113         [9:T1] 
[S1] 2025/11/27 16:10:21.592139         [10:T1] 
[S1] 2025/11/27 16:10:21.592162         [11:T1] 
[S1] 2025/11/27 16:10:21.592180         [12:T1] 
[S1] 2025/11/27 16:10:21.592199         [13:T2] 
[S1] 2025/11/27 16:10:21.592215         [14:T2] 
[S1] 2025/11/27 16:10:21.592233         [15:T2] 
[S1] 2025/11/27 16:10:21.592250         [16:T2] 
[S1] 2025/11/27 16:10:21.592268         [17:T2] 
[S1] 2025/11/27 16:10:21.592285         [18:T2] 
[S1] 2025/11/27 16:10:21.592304         [19:T2] 
[S1] 2025/11/27 16:10:21.592320         [20:T2] 
[S1] 2025/11/27 16:10:21.592338         [21:T2] 
[S1] 2025/11/27 16:10:21.592357         [22:T2] 
[S1] 2025/11/27 16:10:21.592373         [23:T2] 
[S1] 2025/11/27 16:10:21.592390         [24:T2] 
[S1] 2025/11/27 16:10:21.592408         [25:T2] 
[S1] 2025/11/27 16:10:21.592425         [26:T2] 
[S1] 2025/11/27 16:10:21.592443         [27:T2] 
[S1] 2025/11/27 16:10:21.592461         [28:T2] 
[S1] 2025/11/27 16:10:21.592477         [29:T2] 
[S1] 2025/11/27 16:10:21.592495         [30:T2] 
[S1] 2025/11/27 16:10:21.592512 
[S1] 2025/11/27 16:10:21.592527      📌 nextIndex:  [31 31 31]
[S1] 2025/11/27 16:10:21.592552      📎 matchIndex: [30 0 30]
[S1] 2025/11/27 16:10:21.592576 ---------------------------------------------------
[S1] 2025/11/27 16:10:21.693136 
[At the start of broadcast] 🗂 S1 | Term=4 | Role=Leader | CommitIndex=29 | LastApplied=29
[S1] 2025/11/27 16:10:21.693274      📜 Log: 
[S1] 2025/11/27 16:10:21.693317         [0:T0] 
[S1] 2025/11/27 16:10:21.693367         [1:T1] 
[S1] 2025/11/27 16:10:21.693406         [2:T1] 
[S1] 2025/11/27 16:10:21.693444         [3:T1] 
[S1] 2025/11/27 16:10:21.693479         [4:T1] 
[S1] 2025/11/27 16:10:21.693512         [5:T1] 
[S1] 2025/11/27 16:10:21.693541         [6:T1] 
[S1] 2025/11/27 16:10:21.693573         [7:T1] 
[S1] 2025/11/27 16:10:21.693601         [8:T1] 
[S1] 2025/11/27 16:10:21.693629         [9:T1] 
[S1] 2025/11/27 16:10:21.693655         [10:T1] 
[S1] 2025/11/27 16:10:21.693687         [11:T1] 
[S1] 2025/11/27 16:10:21.693718         [12:T1] 
[S1] 2025/11/27 16:10:21.693748         [13:T2] 
[S1] 2025/11/27 16:10:21.693777         [14:T2] 
[S1] 2025/11/27 16:10:21.693807         [15:T2] 
[S1] 2025/11/27 16:10:21.693835         [16:T2] 
[S1] 2025/11/27 16:10:21.693865         [17:T2] 
[S1] 2025/11/27 16:10:21.693892         [18:T2] 
[S1] 2025/11/27 16:10:21.693920         [19:T2] 
[S1] 2025/11/27 16:10:21.693953         [20:T2] 
[S1] 2025/11/27 16:10:21.693979         [21:T2] 
[S1] 2025/11/27 16:10:21.694007         [22:T2] 
[S1] 2025/11/27 16:10:21.694033         [23:T2] 
[S1] 2025/11/27 16:10:21.694066         [24:T2] 
[S1] 2025/11/27 16:10:21.694135         [25:T2] 
[S1] 2025/11/27 16:10:21.694167         [26:T2] 
[S1] 2025/11/27 16:10:21.694202         [27:T2] 
[S1] 2025/11/27 16:10:21.694233         [28:T2] 
[S1] 2025/11/27 16:10:21.694264         [29:T2] 
[S1] 2025/11/27 16:10:21.694297         [30:T2] 
[S1] 2025/11/27 16:10:21.694331 
[S1] 2025/11/27 16:10:21.694359      📌 nextIndex:  [31 31 31]
[S1] 2025/11/27 16:10:21.694428      📎 matchIndex: [30 0 30]
[S1] 2025/11/27 16:10:21.694474 ---------------------------------------------------
[S1] 2025/11/27 16:10:21.694577 
[At the end of broadcast] 🗂 S1 | Term=4 | Role=Leader | CommitIndex=29 | LastApplied=29
[S1] 2025/11/27 16:10:21.694632      📜 Log: 
[S1] 2025/11/27 16:10:21.694667         [0:T0] 
[S1] 2025/11/27 16:10:21.694700         [1:T1] 
[S1] 2025/11/27 16:10:21.694760         [2:T1] 
[S1] 2025/11/27 16:10:21.694795         [3:T1] 
[S1] 2025/11/27 16:10:21.694826         [4:T1] 
[S1] 2025/11/27 16:10:21.694859         [5:T1] 
[S1] 2025/11/27 16:10:21.694891         [6:T1] 
[S1] 2025/11/27 16:10:21.694927         [7:T1] 
[S1] 2025/11/27 16:10:21.694958         [8:T1] 
[S1] 2025/11/27 16:10:21.694989         [9:T1] 
[S1] 2025/11/27 16:10:21.695020         [10:T1] 
[S1] 2025/11/27 16:10:21.695055         [11:T1] 
[S1] 2025/11/27 16:10:21.695102         [12:T1] 
[S1] 2025/11/27 16:10:21.695132         [13:T2] 
[S1] 2025/11/27 16:10:21.695165         [14:T2] 
[S1] 2025/11/27 16:10:21.695200         [15:T2] 
[S1] 2025/11/27 16:10:21.695234         [16:T2] 
[S1] 2025/11/27 16:10:21.695266         [17:T2] 
[S1] 2025/11/27 16:10:21.695297         [18:T2] 
[S1] 2025/11/27 16:10:21.695333         [19:T2] 
[S1] 2025/11/27 16:10:21.695366         [20:T2] 
[S1] 2025/11/27 16:10:21.695400         [21:T2] 
[S1] 2025/11/27 16:10:21.695434         [22:T2] 
[S1] 2025/11/27 16:10:21.695464         [23:T2] 
[S1] 2025/11/27 16:10:21.695497         [24:T2] 
[S1] 2025/11/27 16:10:21.695527         [25:T2] 
[S1] 2025/11/27 16:10:21.695558         [26:T2] 
[S1] 2025/11/27 16:10:21.695588         [27:T2] 
[S1] 2025/11/27 16:10:21.695627         [28:T2] 
[S1] 2025/11/27 16:10:21.695658         [29:T2] 
[S1] 2025/11/27 16:10:21.695690         [30:T2] 
[S1] 2025/11/27 16:10:21.695720 
[S1] 2025/11/27 16:10:21.695750      📌 nextIndex:  [31 31 31]
[S1] 2025/11/27 16:10:21.695800      📎 matchIndex: [30 0 30]
[S1] 2025/11/27 16:10:21.695846 ---------------------------------------------------
[S1] 2025/11/27 16:10:21.698888 
[At the start of handleAppendEntriesReply] 🗂 S1 | Term=4 | Role=Leader | CommitIndex=29 | LastApplied=29
[S1] 2025/11/27 16:10:21.698937      📜 Log: 
[S1] 2025/11/27 16:10:21.698966         [0:T0] 
[S1] 2025/11/27 16:10:21.698992         [1:T1] 
[S1] 2025/11/27 16:10:21.699015         [2:T1] 
[S1] 2025/11/27 16:10:21.699040         [3:T1] 
[S1] 2025/11/27 16:10:21.699061         [4:T1] 
[S1] 2025/11/27 16:10:21.699093         [5:T1] 
[S1] 2025/11/27 16:10:21.699115         [6:T1] 
[S1] 2025/11/27 16:10:21.699135         [7:T1] 
[S1] 2025/11/27 16:10:21.699158         [8:T1] 
[S1] 2025/11/27 16:10:21.699179         [9:T1] 
[S1] 2025/11/27 16:10:21.699201         [10:T1] 
[S1] 2025/11/27 16:10:21.699221         [11:T1] 
[S1] 2025/11/27 16:10:21.699239         [12:T1] 
[S1] 2025/11/27 16:10:21.699260         [13:T2] 
[S1] 2025/11/27 16:10:21.699279         [14:T2] 
[S1] 2025/11/27 16:10:21.699298         [15:T2] 
[S1] 2025/11/27 16:10:21.699317         [16:T2] 
[S1] 2025/11/27 16:10:21.699335         [17:T2] 
[S1] 2025/11/27 16:10:21.699355         [18:T2] 
[S1] 2025/11/27 16:10:21.699374         [19:T2] 
[S1] 2025/11/27 16:10:21.699392         [20:T2] 
[S1] 2025/11/27 16:10:21.699412         [21:T2] 
[S1] 2025/11/27 16:10:21.699430         [22:T2] 
[S1] 2025/11/27 16:10:21.699450         [23:T2] 
[S1] 2025/11/27 16:10:21.699469         [24:T2] 
[S1] 2025/11/27 16:10:21.699488         [25:T2] 
[S1] 2025/11/27 16:10:21.699509         [26:T2] 
[S1] 2025/11/27 16:10:21.699528         [27:T2] 
[S1] 2025/11/27 16:10:21.699548         [28:T2] 
[S1] 2025/11/27 16:10:21.699566         [29:T2] 
[S1] 2025/11/27 16:10:21.699584         [30:T2] 
[S1] 2025/11/27 16:10:21.699603 
[S1] 2025/11/27 16:10:21.699621      📌 nextIndex:  [31 31 31]
[S1] 2025/11/27 16:10:21.699655      📎 matchIndex: [30 0 30]
[S1] 2025/11/27 16:10:21.699683 ---------------------------------------------------
[S1] 2025/11/27 16:10:21.699708 
[At the end of handleAppendEntriesReply] 🗂 S1 | Term=4 | Role=Leader | CommitIndex=29 | LastApplied=29
[S1] 2025/11/27 16:10:21.699736      📜 Log: 
[S1] 2025/11/27 16:10:21.699753         [0:T0] 
[S1] 2025/11/27 16:10:21.699774         [1:T1] 
[S1] 2025/11/27 16:10:21.699794         [2:T1] 
[S1] 2025/11/27 16:10:21.699814         [3:T1] 
[S1] 2025/11/27 16:10:21.699831         [4:T1] 
[S1] 2025/11/27 16:10:21.699851         [5:T1] 
[S1] 2025/11/27 16:10:21.699869         [6:T1] 
[S1] 2025/11/27 16:10:21.699895         [7:T1] 
[S1] 2025/11/27 16:10:21.699915         [8:T1] 
[S1] 2025/11/27 16:10:21.699932         [9:T1] 
[S1] 2025/11/27 16:10:21.699948         [10:T1] 
[S1] 2025/11/27 16:10:21.699968         [11:T1] 
[S1] 2025/11/27 16:10:21.699984         [12:T1] 
[S1] 2025/11/27 16:10:21.700003         [13:T2] 
[S1] 2025/11/27 16:10:21.700020         [14:T2] 
[S1] 2025/11/27 16:10:21.700037         [15:T2] 
[S1] 2025/11/27 16:10:21.700056         [16:T2] 
[S1] 2025/11/27 16:10:21.700081         [17:T2] 
[S1] 2025/11/27 16:10:21.700099         [18:T2] 
[S1] 2025/11/27 16:10:21.700116         [19:T2] 
[S1] 2025/11/27 16:10:21.700135         [20:T2] 
[S1] 2025/11/27 16:10:21.700152         [21:T2] 
[S1] 2025/11/27 16:10:21.700169         [22:T2] 
[S1] 2025/11/27 16:10:21.700186         [23:T2] 
[S1] 2025/11/27 16:10:21.700204         [24:T2] 
[S1] 2025/11/27 16:10:21.700221         [25:T2] 
[S1] 2025/11/27 16:10:21.700238         [26:T2] 
[S1] 2025/11/27 16:10:21.700256         [27:T2] 
[S1] 2025/11/27 16:10:21.700273         [28:T2] 
[S1] 2025/11/27 16:10:21.700291         [29:T2] 
[S1] 2025/11/27 16:10:21.700308         [30:T2] 
[S1] 2025/11/27 16:10:21.700326 
[S1] 2025/11/27 16:10:21.700341      📌 nextIndex:  [31 31 31]
[S1] 2025/11/27 16:10:21.700369      📎 matchIndex: [30 0 30]
[S1] 2025/11/27 16:10:21.700394 ---------------------------------------------------
[S1] 2025/11/27 16:10:21.700424 
[At the start of handleAppendEntriesReply] 🗂 S1 | Term=4 | Role=Leader | CommitIndex=29 | LastApplied=29
[S1] 2025/11/27 16:10:21.700462      📜 Log: 
[S1] 2025/11/27 16:10:21.700482         [0:T0] 
[S1] 2025/11/27 16:10:21.700502         [1:T1] 
[S1] 2025/11/27 16:10:21.700521         [2:T1] 
[S1] 2025/11/27 16:10:21.700538         [3:T1] 
[S1] 2025/11/27 16:10:21.700556         [4:T1] 
[S1] 2025/11/27 16:10:21.700573         [5:T1] 
[S1] 2025/11/27 16:10:21.700590         [6:T1] 
[S1] 2025/11/27 16:10:21.700607         [7:T1] 
[S1] 2025/11/27 16:10:21.700625         [8:T1] 
[S1] 2025/11/27 16:10:21.700644         [9:T1] 
[S1] 2025/11/27 16:10:21.700661         [10:T1] 
[S1] 2025/11/27 16:10:21.700679         [11:T1] 
[S1] 2025/11/27 16:10:21.700696         [12:T1] 
[S1] 2025/11/27 16:10:21.700715         [13:T2] 
[S1] 2025/11/27 16:10:21.700731         [14:T2] 
[S1] 2025/11/27 16:10:21.700750         [15:T2] 
[S1] 2025/11/27 16:10:21.700767         [16:T2] 
[S1] 2025/11/27 16:10:21.700783         [17:T2] 
[S1] 2025/11/27 16:10:21.700799         [18:T2] 
[S1] 2025/11/27 16:10:21.700816         [19:T2] 
[S1] 2025/11/27 16:10:21.700832         [20:T2] 
[S1] 2025/11/27 16:10:21.700848         [21:T2] 
[S1] 2025/11/27 16:10:21.700864         [22:T2] 
[S1] 2025/11/27 16:10:21.700877         [23:T2] 
[S1] 2025/11/27 16:10:21.700892         [24:T2] 
[S1] 2025/11/27 16:10:21.700908         [25:T2] 
[S1] 2025/11/27 16:10:21.700921         [26:T2] 
[S1] 2025/11/27 16:10:21.700936         [27:T2] 
[S1] 2025/11/27 16:10:21.700950         [28:T2] 
[S1] 2025/11/27 16:10:21.700965         [29:T2] 
[S1] 2025/11/27 16:10:21.700979         [30:T2] 
[S1] 2025/11/27 16:10:21.700993 
[S1] 2025/11/27 16:10:21.701006      📌 nextIndex:  [31 31 31]
[S1] 2025/11/27 16:10:21.701028      📎 matchIndex: [30 0 30]
[S1] 2025/11/27 16:10:21.701048 ---------------------------------------------------
[S1] 2025/11/27 16:10:21.701065 
[At the end of handleAppendEntriesReply] 🗂 S1 | Term=4 | Role=Leader | CommitIndex=29 | LastApplied=29
[S1] 2025/11/27 16:10:21.701095      📜 Log: 
[S1] 2025/11/27 16:10:21.701108         [0:T0] 
[S1] 2025/11/27 16:10:21.701122         [1:T1] 
[S1] 2025/11/27 16:10:21.701139         [2:T1] 
[S1] 2025/11/27 16:10:21.701153         [3:T1] 
[S1] 2025/11/27 16:10:21.701167         [4:T1] 
[S1] 2025/11/27 16:10:21.701183         [5:T1] 
[S1] 2025/11/27 16:10:21.701197         [6:T1] 
[S1] 2025/11/27 16:10:21.701212         [7:T1] 
[S1] 2025/11/27 16:10:21.701225         [8:T1] 
[S1] 2025/11/27 16:10:21.701241         [9:T1] 
[S1] 2025/11/27 16:10:21.701256         [10:T1] 
[S1] 2025/11/27 16:10:21.701275         [11:T1] 
[S1] 2025/11/27 16:10:21.701291         [12:T1] 
[S1] 2025/11/27 16:10:21.701304         [13:T2] 
[S1] 2025/11/27 16:10:21.701317         [14:T2] 
[S1] 2025/11/27 16:10:21.701332         [15:T2] 
[S1] 2025/11/27 16:10:21.701347         [16:T2] 
[S1] 2025/11/27 16:10:21.701359         [17:T2] 
[S1] 2025/11/27 16:10:21.701372         [18:T2] 
[S1] 2025/11/27 16:10:21.701385         [19:T2] 
[S1] 2025/11/27 16:10:21.701398         [20:T2] 
[S1] 2025/11/27 16:10:21.701411         [21:T2] 
[S1] 2025/11/27 16:10:21.701426         [22:T2] 
[S1] 2025/11/27 16:10:21.701440         [23:T2] 
[S1] 2025/11/27 16:10:21.701453         [24:T2] 
[S1] 2025/11/27 16:10:21.701466         [25:T2] 
[S1] 2025/11/27 16:10:21.701479         [26:T2] 
[S1] 2025/11/27 16:10:21.701493         [27:T2] 
[S1] 2025/11/27 16:10:21.701506         [28:T2] 
[S1] 2025/11/27 16:10:21.701520         [29:T2] 
[S1] 2025/11/27 16:10:21.701533         [30:T2] 
[S1] 2025/11/27 16:10:21.701547 
[S1] 2025/11/27 16:10:21.701560      📌 nextIndex:  [31 31 31]
[S1] 2025/11/27 16:10:21.701584      📎 matchIndex: [30 0 30]
[S1] 2025/11/27 16:10:21.701603 ---------------------------------------------------
[S1] 2025/11/27 16:10:21.803179 
[At the start of broadcast] 🗂 S1 | Term=4 | Role=Leader | CommitIndex=29 | LastApplied=29
[S1] 2025/11/27 16:10:21.803551      📜 Log: 
[S1] 2025/11/27 16:10:21.803623         [0:T0] 
[S1] 2025/11/27 16:10:21.803670         [1:T1] 
[S1] 2025/11/27 16:10:21.803708         [2:T1] 
[S1] 2025/11/27 16:10:21.803742         [3:T1] 
[S1] 2025/11/27 16:10:21.803777         [4:T1] 
[S1] 2025/11/27 16:10:21.803811         [5:T1] 
[S1] 2025/11/27 16:10:21.803843         [6:T1] 
[S1] 2025/11/27 16:10:21.803877         [7:T1] 
[S1] 2025/11/27 16:10:21.803908         [8:T1] 
[S1] 2025/11/27 16:10:21.803939         [9:T1] 
[S1] 2025/11/27 16:10:21.803992         [10:T1] 
[S1] 2025/11/27 16:10:21.804032         [11:T1] 
[S1] 2025/11/27 16:10:21.804124         [12:T1] 
[S1] 2025/11/27 16:10:21.804171         [13:T2] 
[S1] 2025/11/27 16:10:21.804210         [14:T2] 
[S1] 2025/11/27 16:10:21.804248         [15:T2] 
[S1] 2025/11/27 16:10:21.804285         [16:T2] 
[S1] 2025/11/27 16:10:21.804319         [17:T2] 
[S1] 2025/11/27 16:10:21.804352         [18:T2] 
[S1] 2025/11/27 16:10:21.804391         [19:T2] 
[S1] 2025/11/27 16:10:21.804427         [20:T2] 
[S1] 2025/11/27 16:10:21.804463         [21:T2] 
[S1] 2025/11/27 16:10:21.804499         [22:T2] 
[S1] 2025/11/27 16:10:21.804532         [23:T2] 
[S1] 2025/11/27 16:10:21.804567         [24:T2] 
[S1] 2025/11/27 16:10:21.804601         [25:T2] 
[S1] 2025/11/27 16:10:21.804631         [26:T2] 
[S1] 2025/11/27 16:10:21.804663         [27:T2] 
[S1] 2025/11/27 16:10:21.804693         [28:T2] 
[S1] 2025/11/27 16:10:21.804729         [29:T2] 
[S1] 2025/11/27 16:10:21.804759         [30:T2] 
[S1] 2025/11/27 16:10:21.804793 
[S1] 2025/11/27 16:10:21.804823      📌 nextIndex:  [31 31 31]
[S1] 2025/11/27 16:10:21.804884      📎 matchIndex: [30 0 30]
[S1] 2025/11/27 16:10:21.804927 ---------------------------------------------------
[S1] 2025/11/27 16:10:21.805001 
[At the end of broadcast] 🗂 S1 | Term=4 | Role=Leader | CommitIndex=29 | LastApplied=29
[S1] 2025/11/27 16:10:21.805045      📜 Log: 
[S1] 2025/11/27 16:10:21.805091         [0:T0] 
[S1] 2025/11/27 16:10:21.805124         [1:T1] 
[S1] 2025/11/27 16:10:21.805152         [2:T1] 
[S1] 2025/11/27 16:10:21.805183         [3:T1] 
[S1] 2025/11/27 16:10:21.805211         [4:T1] 
[S1] 2025/11/27 16:10:21.805243         [5:T1] 
[S1] 2025/11/27 16:10:21.805271         [6:T1] 
[S1] 2025/11/27 16:10:21.805300         [7:T1] 
[S1] 2025/11/27 16:10:21.805327         [8:T1] 
[S1] 2025/11/27 16:10:21.805361         [9:T1] 
[S1] 2025/11/27 16:10:21.805399         [10:T1] 
[S1] 2025/11/27 16:10:21.805442         [11:T1] 
[S1] 2025/11/27 16:10:21.805473         [12:T1] 
[S1] 2025/11/27 16:10:21.805503         [13:T2] 
[S1] 2025/11/27 16:10:21.805533         [14:T2] 
[S1] 2025/11/27 16:10:21.805561         [15:T2] 
[S1] 2025/11/27 16:10:21.805626         [16:T2] 
[S1] 2025/11/27 16:10:21.805669         [17:T2] 
[S1] 2025/11/27 16:10:21.805713         [18:T2] 
[S1] 2025/11/27 16:10:21.805753         [19:T2] 
[S1] 2025/11/27 16:10:21.805788         [20:T2] 
[S1] 2025/11/27 16:10:21.805828         [21:T2] 
[S1] 2025/11/27 16:10:21.805872         [22:T2] 
[S1] 2025/11/27 16:10:21.805909         [23:T2] 
[S1] 2025/11/27 16:10:21.805952         [24:T2] 
[S1] 2025/11/27 16:10:21.805990         [25:T2] 
[S1] 2025/11/27 16:10:21.806030         [26:T2] 
[S1] 2025/11/27 16:10:21.806067         [27:T2] 
[S1] 2025/11/27 16:10:21.806125         [28:T2] 
[S1] 2025/11/27 16:10:21.806168         [29:T2] 
[S1] 2025/11/27 16:10:21.806211         [30:T2] 
[S1] 2025/11/27 16:10:21.806248 
[S1] 2025/11/27 16:10:21.806282      📌 nextIndex:  [31 31 31]
[S1] 2025/11/27 16:10:21.806348      📎 matchIndex: [30 0 30]
[S1] 2025/11/27 16:10:21.806403 ---------------------------------------------------
[S1] 2025/11/27 16:10:21.808694 
[At the start of handleAppendEntriesReply] 🗂 S1 | Term=4 | Role=Leader | CommitIndex=29 | LastApplied=29
[S1] 2025/11/27 16:10:21.808739      📜 Log: 
[S1] 2025/11/27 16:10:21.808763         [0:T0] 
[S1] 2025/11/27 16:10:21.808787         [1:T1] 
[S1] 2025/11/27 16:10:21.808809         [2:T1] 
[S1] 2025/11/27 16:10:21.808829         [3:T1] 
[S1] 2025/11/27 16:10:21.808850         [4:T1] 
[S1] 2025/11/27 16:10:21.808870         [5:T1] 
[S1] 2025/11/27 16:10:21.808889         [6:T1] 
[S1] 2025/11/27 16:10:21.808907         [7:T1] 
[S1] 2025/11/27 16:10:21.808925         [8:T1] 
[S1] 2025/11/27 16:10:21.808943         [9:T1] 
[S1] 2025/11/27 16:10:21.808963         [10:T1] 
[S1] 2025/11/27 16:10:21.808981         [11:T1] 
[S1] 2025/11/27 16:10:21.808998         [12:T1] 
[S1] 2025/11/27 16:10:21.809017         [13:T2] 
[S1] 2025/11/27 16:10:21.809035         [14:T2] 
[S1] 2025/11/27 16:10:21.809055         [15:T2] 
[S1] 2025/11/27 16:10:21.809078         [16:T2] 
[S1] 2025/11/27 16:10:21.809097         [17:T2] 
[S1] 2025/11/27 16:10:21.809115         [18:T2] 
[S1] 2025/11/27 16:10:21.809131         [19:T2] 
[S1] 2025/11/27 16:10:21.809149         [20:T2] 
[S1] 2025/11/27 16:10:21.809167         [21:T2] 
[S1] 2025/11/27 16:10:21.809183         [22:T2] 
[S1] 2025/11/27 16:10:21.809202         [23:T2] 
[S1] 2025/11/27 16:10:21.809219         [24:T2] 
[S1] 2025/11/27 16:10:21.809235         [25:T2] 
[S1] 2025/11/27 16:10:21.809253         [26:T2] 
[S1] 2025/11/27 16:10:21.809269         [27:T2] 
[S1] 2025/11/27 16:10:21.809288         [28:T2] 
[S1] 2025/11/27 16:10:21.809304         [29:T2] 
[S1] 2025/11/27 16:10:21.809322         [30:T2] 
[S1] 2025/11/27 16:10:21.809339 
[S1] 2025/11/27 16:10:21.809354      📌 nextIndex:  [31 31 31]
[S1] 2025/11/27 16:10:21.809385      📎 matchIndex: [30 0 30]
[S1] 2025/11/27 16:10:21.809414 ---------------------------------------------------
[S1] 2025/11/27 16:10:21.809436 
[At the end of handleAppendEntriesReply] 🗂 S1 | Term=4 | Role=Leader | CommitIndex=29 | LastApplied=29
[S1] 2025/11/27 16:10:21.809462      📜 Log: 
[S1] 2025/11/27 16:10:21.809485         [0:T0] 
[S1] 2025/11/27 16:10:21.809503         [1:T1] 
[S1] 2025/11/27 16:10:21.809521         [2:T1] 
[S1] 2025/11/27 16:10:21.809538         [3:T1] 
[S1] 2025/11/27 16:10:21.809555         [4:T1] 
[S1] 2025/11/27 16:10:21.809572         [5:T1] 
[S1] 2025/11/27 16:10:21.809589         [6:T1] 
[S1] 2025/11/27 16:10:21.809607         [7:T1] 
[S1] 2025/11/27 16:10:21.809623         [8:T1] 
[S1] 2025/11/27 16:10:21.809641         [9:T1] 
[S1] 2025/11/27 16:10:21.809656         [10:T1] 
[S1] 2025/11/27 16:10:21.809674         [11:T1] 
[S1] 2025/11/27 16:10:21.809692         [12:T1] 
[S1] 2025/11/27 16:10:21.809709         [13:T2] 
[S1] 2025/11/27 16:10:21.809726         [14:T2] 
[S1] 2025/11/27 16:10:21.809743         [15:T2] 
[S1] 2025/11/27 16:10:21.809762         [16:T2] 
[S1] 2025/11/27 16:10:21.809781         [17:T2] 
[S1] 2025/11/27 16:10:21.809798         [18:T2] 
[S1] 2025/11/27 16:10:21.809815         [19:T2] 
[S1] 2025/11/27 16:10:21.809847         [20:T2] 
[S1] 2025/11/27 16:10:21.809864         [21:T2] 
[S1] 2025/11/27 16:10:21.809883         [22:T2] 
[S1] 2025/11/27 16:10:21.809892         [23:T2] 
[S1] 2025/11/27 16:10:21.809897         [24:T2] 
[S1] 2025/11/27 16:10:21.809901         [25:T2] 
[S1] 2025/11/27 16:10:21.809905         [26:T2] 
[S1] 2025/11/27 16:10:21.809910         [27:T2] 
[S1] 2025/11/27 16:10:21.809914         [28:T2] 
[S1] 2025/11/27 16:10:21.809918         [29:T2] 
[S1] 2025/11/27 16:10:21.809923         [30:T2] 
[S1] 2025/11/27 16:10:21.809928 
[S1] 2025/11/27 16:10:21.809931      📌 nextIndex:  [31 31 31]
[S1] 2025/11/27 16:10:21.809938      📎 matchIndex: [30 0 30]
[S1] 2025/11/27 16:10:21.809944 ---------------------------------------------------
[S1] 2025/11/27 16:10:21.809950 
[At the start of handleAppendEntriesReply] 🗂 S1 | Term=4 | Role=Leader | CommitIndex=29 | LastApplied=29
[S1] 2025/11/27 16:10:21.809959      📜 Log: 
[S1] 2025/11/27 16:10:21.809964         [0:T0] 
[S1] 2025/11/27 16:10:21.809969         [1:T1] 
[S1] 2025/11/27 16:10:21.809974         [2:T1] 
[S1] 2025/11/27 16:10:21.809979         [3:T1] 
[S1] 2025/11/27 16:10:21.809983         [4:T1] 
[S1] 2025/11/27 16:10:21.809988         [5:T1] 
[S1] 2025/11/27 16:10:21.809993         [6:T1] 
[S1] 2025/11/27 16:10:21.809997         [7:T1] 
[S1] 2025/11/27 16:10:21.810002         [8:T1] 
[S1] 2025/11/27 16:10:21.810007         [9:T1] 
[S1] 2025/11/27 16:10:21.810011         [10:T1] 
[S1] 2025/11/27 16:10:21.810015         [11:T1] 
[S1] 2025/11/27 16:10:21.810020         [12:T1] 
[S1] 2025/11/27 16:10:21.810024         [13:T2] 
[S1] 2025/11/27 16:10:21.810028         [14:T2] 
[S1] 2025/11/27 16:10:21.810032         [15:T2] 
[S1] 2025/11/27 16:10:21.810037         [16:T2] 
[S1] 2025/11/27 16:10:21.810041         [17:T2] 
[S1] 2025/11/27 16:10:21.810046         [18:T2] 
[S1] 2025/11/27 16:10:21.810050         [19:T2] 
[S1] 2025/11/27 16:10:21.810055         [20:T2] 
[S1] 2025/11/27 16:10:21.810059         [21:T2] 
[S1] 2025/11/27 16:10:21.810063         [22:T2] 
[S1] 2025/11/27 16:10:21.810070         [23:T2] 
[S1] 2025/11/27 16:10:21.810075         [24:T2] 
[S1] 2025/11/27 16:10:21.810080         [25:T2] 
[S1] 2025/11/27 16:10:21.810084         [26:T2] 
[S1] 2025/11/27 16:10:21.810088         [27:T2] 
[S1] 2025/11/27 16:10:21.810093         [28:T2] 
[S1] 2025/11/27 16:10:21.810097         [29:T2] 
[S1] 2025/11/27 16:10:21.810101         [30:T2] 
[S1] 2025/11/27 16:10:21.810105 
[S1] 2025/11/27 16:10:21.810110      📌 nextIndex:  [31 31 31]
[S1] 2025/11/27 16:10:21.810117      📎 matchIndex: [30 0 30]
[S1] 2025/11/27 16:10:21.810123 ---------------------------------------------------
[S1] 2025/11/27 16:10:21.810128 
[At the end of handleAppendEntriesReply] 🗂 S1 | Term=4 | Role=Leader | CommitIndex=29 | LastApplied=29
[S1] 2025/11/27 16:10:21.810135      📜 Log: 
[S1] 2025/11/27 16:10:21.810139         [0:T0] 
[S1] 2025/11/27 16:10:21.810144         [1:T1] 
[S1] 2025/11/27 16:10:21.810149         [2:T1] 
[S1] 2025/11/27 16:10:21.810153         [3:T1] 
[S1] 2025/11/27 16:10:21.810157         [4:T1] 
[S1] 2025/11/27 16:10:21.810161         [5:T1] 
[S1] 2025/11/27 16:10:21.810166         [6:T1] 
[S1] 2025/11/27 16:10:21.810170         [7:T1] 
[S1] 2025/11/27 16:10:21.810174         [8:T1] 
[S1] 2025/11/27 16:10:21.810178         [9:T1] 
[S1] 2025/11/27 16:10:21.810182         [10:T1] 
[S1] 2025/11/27 16:10:21.810186         [11:T1] 
[S1] 2025/11/27 16:10:21.810190         [12:T1] 
[S1] 2025/11/27 16:10:21.810195         [13:T2] 
[S1] 2025/11/27 16:10:21.810199         [14:T2] 
[S1] 2025/11/27 16:10:21.810204         [15:T2] 
[S1] 2025/11/27 16:10:21.810208         [16:T2] 
[S1] 2025/11/27 16:10:21.810212         [17:T2] 
[S1] 2025/11/27 16:10:21.810216         [18:T2] 
[S1] 2025/11/27 16:10:21.810220         [19:T2] 
[S1] 2025/11/27 16:10:21.810224         [20:T2] 
[S1] 2025/11/27 16:10:21.810228         [21:T2] 
[S1] 2025/11/27 16:10:21.810233         [22:T2] 
[S1] 2025/11/27 16:10:21.810237         [23:T2] 
[S1] 2025/11/27 16:10:21.810241         [24:T2] 
[S1] 2025/11/27 16:10:21.810247         [25:T2] 
[S1] 2025/11/27 16:10:21.810251         [26:T2] 
[S1] 2025/11/27 16:10:21.810255         [27:T2] 
[S1] 2025/11/27 16:10:21.810260         [28:T2] 
[S1] 2025/11/27 16:10:21.810264         [29:T2] 
[S1] 2025/11/27 16:10:21.810268         [30:T2] 
[S1] 2025/11/27 16:10:21.810272 
[S1] 2025/11/27 16:10:21.810276      📌 nextIndex:  [31 31 31]
[S1] 2025/11/27 16:10:21.810282      📎 matchIndex: [30 0 30]
[S1] 2025/11/27 16:10:21.810288 ---------------------------------------------------
[S1] 2025/11/27 16:10:21.912330 
[At the start of broadcast] 🗂 S1 | Term=4 | Role=Leader | CommitIndex=29 | LastApplied=29
[S1] 2025/11/27 16:10:21.912541      📜 Log: 
[S1] 2025/11/27 16:10:21.912614         [0:T0] 
[S1] 2025/11/27 16:10:21.912678         [1:T1] 
[S1] 2025/11/27 16:10:21.912739         [2:T1] 
[S1] 2025/11/27 16:10:21.912799         [3:T1] 
[S1] 2025/11/27 16:10:21.912852         [4:T1] 
[S1] 2025/11/27 16:10:21.912901         [5:T1] 
[S1] 2025/11/27 16:10:21.912948         [6:T1] 
[S1] 2025/11/27 16:10:21.912993         [7:T1] 
[S1] 2025/11/27 16:10:21.913044         [8:T1] 
[S1] 2025/11/27 16:10:21.913131         [9:T1] 
[S1] 2025/11/27 16:10:21.913181         [10:T1] 
[S1] 2025/11/27 16:10:21.913229         [11:T1] 
[S1] 2025/11/27 16:10:21.913274         [12:T1] 
[S1] 2025/11/27 16:10:21.913321         [13:T2] 
[S1] 2025/11/27 16:10:21.913371         [14:T2] 
[S1] 2025/11/27 16:10:21.913421         [15:T2] 
[S1] 2025/11/27 16:10:21.913468         [16:T2] 
[S1] 2025/11/27 16:10:21.913517         [17:T2] 
[S1] 2025/11/27 16:10:21.913567         [18:T2] 
[S1] 2025/11/27 16:10:21.913611         [19:T2] 
[S1] 2025/11/27 16:10:21.913655         [20:T2] 
[S1] 2025/11/27 16:10:21.913700         [21:T2] 
[S1] 2025/11/27 16:10:21.913743         [22:T2] 
[S1] 2025/11/27 16:10:21.913784         [23:T2] 
[S1] 2025/11/27 16:10:21.913827         [24:T2] 
[S1] 2025/11/27 16:10:21.913874         [25:T2] 
[S1] 2025/11/27 16:10:21.913918         [26:T2] 
[S1] 2025/11/27 16:10:21.913954         [27:T2] 
[S1] 2025/11/27 16:10:21.913995         [28:T2] 
[S1] 2025/11/27 16:10:21.914033         [29:T2] 
[S1] 2025/11/27 16:10:21.914085         [30:T2] 
[S1] 2025/11/27 16:10:21.914137 
[S1] 2025/11/27 16:10:21.914173      📌 nextIndex:  [31 31 31]
[S1] 2025/11/27 16:10:21.914249      📎 matchIndex: [30 0 30]
[S1] 2025/11/27 16:10:21.914305 ---------------------------------------------------
[S1] 2025/11/27 16:10:21.914392 
[At the end of broadcast] 🗂 S1 | Term=4 | Role=Leader | CommitIndex=29 | LastApplied=29
[S1] 2025/11/27 16:10:21.914458      📜 Log: 
[S1] 2025/11/27 16:10:21.914493         [0:T0] 
[S1] 2025/11/27 16:10:21.914531         [1:T1] 
[S1] 2025/11/27 16:10:21.914575         [2:T1] 
[S1] 2025/11/27 16:10:21.914621         [3:T1] 
[S1] 2025/11/27 16:10:21.914658         [4:T1] 
[S1] 2025/11/27 16:10:21.914695         [5:T1] 
[S1] 2025/11/27 16:10:21.914750         [6:T1] 
[S1] 2025/11/27 16:10:21.914791         [7:T1] 
[S1] 2025/11/27 16:10:21.914827         [8:T1] 
[S1] 2025/11/27 16:10:21.914865         [9:T1] 
[S1] 2025/11/27 16:10:21.914900         [10:T1] 
[S1] 2025/11/27 16:10:21.914936         [11:T1] 
[S1] 2025/11/27 16:10:21.914972         [12:T1] 
[S1] 2025/11/27 16:10:21.915010         [13:T2] 
[S1] 2025/11/27 16:10:21.915044         [14:T2] 
[S1] 2025/11/27 16:10:21.915099         [15:T2] 
[S1] 2025/11/27 16:10:21.915134         [16:T2] 
[S1] 2025/11/27 16:10:21.915170         [17:T2] 
[S1] 2025/11/27 16:10:21.915205         [18:T2] 
[S1] 2025/11/27 16:10:21.915243         [19:T2] 
[S1] 2025/11/27 16:10:21.915279         [20:T2] 
[S1] 2025/11/27 16:10:21.915311         [21:T2] 
[S1] 2025/11/27 16:10:21.915348         [22:T2] 
[S1] 2025/11/27 16:10:21.915382         [23:T2] 
[S1] 2025/11/27 16:10:21.915417         [24:T2] 
[S1] 2025/11/27 16:10:21.915450         [25:T2] 
[S1] 2025/11/27 16:10:21.915486         [26:T2] 
[S1] 2025/11/27 16:10:21.915517         [27:T2] 
[S1] 2025/11/27 16:10:21.915553         [28:T2] 
[S1] 2025/11/27 16:10:21.915588         [29:T2] 
[S1] 2025/11/27 16:10:21.915653         [30:T2] 
[S1] 2025/11/27 16:10:21.915695 
[S1] 2025/11/27 16:10:21.915733      📌 nextIndex:  [31 31 31]
[S1] 2025/11/27 16:10:21.915792      📎 matchIndex: [30 0 30]
[S1] 2025/11/27 16:10:21.915837 ---------------------------------------------------
[S1] 2025/11/27 16:10:21.918115 
[At the start of handleAppendEntriesReply] 🗂 S1 | Term=4 | Role=Leader | CommitIndex=29 | LastApplied=29
[S1] 2025/11/27 16:10:21.918207      📜 Log: 
[S1] 2025/11/27 16:10:21.918238         [0:T0] 
[S1] 2025/11/27 16:10:21.918263         [1:T1] 
[S1] 2025/11/27 16:10:21.918286         [2:T1] 
[S1] 2025/11/27 16:10:21.918308         [3:T1] 
[S1] 2025/11/27 16:10:21.918327         [4:T1] 
[S1] 2025/11/27 16:10:21.918346         [5:T1] 
[S1] 2025/11/27 16:10:21.918364         [6:T1] 
[S1] 2025/11/27 16:10:21.918382         [7:T1] 
[S1] 2025/11/27 16:10:21.918403         [8:T1] 
[S1] 2025/11/27 16:10:21.918422         [9:T1] 
[S1] 2025/11/27 16:10:21.918440         [10:T1] 
[S1] 2025/11/27 16:10:21.918464         [11:T1] 
[S1] 2025/11/27 16:10:21.918483         [12:T1] 
[S1] 2025/11/27 16:10:21.918501         [13:T2] 
[S1] 2025/11/27 16:10:21.918519         [14:T2] 
[S1] 2025/11/27 16:10:21.918538         [15:T2] 
[S1] 2025/11/27 16:10:21.918555         [16:T2] 
[S1] 2025/11/27 16:10:21.918574         [17:T2] 
[S1] 2025/11/27 16:10:21.918593         [18:T2] 
[S1] 2025/11/27 16:10:21.918612         [19:T2] 
[S1] 2025/11/27 16:10:21.918629         [20:T2] 
[S1] 2025/11/27 16:10:21.918650         [21:T2] 
[S1] 2025/11/27 16:10:21.918667         [22:T2] 
[S1] 2025/11/27 16:10:21.918685         [23:T2] 
[S1] 2025/11/27 16:10:21.918703         [24:T2] 
[S1] 2025/11/27 16:10:21.918720         [25:T2] 
[S1] 2025/11/27 16:10:21.918739         [26:T2] 
[S1] 2025/11/27 16:10:21.918757         [27:T2] 
[S1] 2025/11/27 16:10:21.918775         [28:T2] 
[S1] 2025/11/27 16:10:21.918792         [29:T2] 
[S1] 2025/11/27 16:10:21.918810         [30:T2] 
[S1] 2025/11/27 16:10:21.918828 
[S1] 2025/11/27 16:10:21.918846      📌 nextIndex:  [31 31 31]
[S1] 2025/11/27 16:10:21.918880      📎 matchIndex: [30 0 30]
[S1] 2025/11/27 16:10:21.918906 ---------------------------------------------------
[S1] 2025/11/27 16:10:21.918928 
[At the end of handleAppendEntriesReply] 🗂 S1 | Term=4 | Role=Leader | CommitIndex=29 | LastApplied=29
[S1] 2025/11/27 16:10:21.918954      📜 Log: 
[S1] 2025/11/27 16:10:21.918970         [0:T0] 
[S1] 2025/11/27 16:10:21.918988         [1:T1] 
[S1] 2025/11/27 16:10:21.919005         [2:T1] 
[S1] 2025/11/27 16:10:21.919021         [3:T1] 
[S1] 2025/11/27 16:10:21.919037         [4:T1] 
[S1] 2025/11/27 16:10:21.919053         [5:T1] 
[S1] 2025/11/27 16:10:21.919076         [6:T1] 
[S1] 2025/11/27 16:10:21.919096         [7:T1] 
[S1] 2025/11/27 16:10:21.919112         [8:T1] 
[S1] 2025/11/27 16:10:21.919128         [9:T1] 
[S1] 2025/11/27 16:10:21.919146         [10:T1] 
[S1] 2025/11/27 16:10:21.919162         [11:T1] 
[S1] 2025/11/27 16:10:21.919178         [12:T1] 
[S1] 2025/11/27 16:10:21.919194         [13:T2] 
[S1] 2025/11/27 16:10:21.919210         [14:T2] 
[S1] 2025/11/27 16:10:21.919225         [15:T2] 
[S1] 2025/11/27 16:10:21.919242         [16:T2] 
[S1] 2025/11/27 16:10:21.919258         [17:T2] 
[S1] 2025/11/27 16:10:21.919274         [18:T2] 
[S1] 2025/11/27 16:10:21.919289         [19:T2] 
[S1] 2025/11/27 16:10:21.919307         [20:T2] 
[S1] 2025/11/27 16:10:21.919322         [21:T2] 
[S1] 2025/11/27 16:10:21.919338         [22:T2] 
[S1] 2025/11/27 16:10:21.919355         [23:T2] 
[S1] 2025/11/27 16:10:21.919370         [24:T2] 
[S1] 2025/11/27 16:10:21.919387         [25:T2] 
[S1] 2025/11/27 16:10:21.919403         [26:T2] 
[S1] 2025/11/27 16:10:21.919419         [27:T2] 
[S1] 2025/11/27 16:10:21.919434         [28:T2] 
[S1] 2025/11/27 16:10:21.919450         [29:T2] 
[S1] 2025/11/27 16:10:21.919466         [30:T2] 
[S1] 2025/11/27 16:10:21.919483 
[S1] 2025/11/27 16:10:21.919499      📌 nextIndex:  [31 31 31]
[S1] 2025/11/27 16:10:21.919524      📎 matchIndex: [30 0 30]
[S1] 2025/11/27 16:10:21.919560 ---------------------------------------------------
[S1] 2025/11/27 16:10:21.919591 
[At the start of handleAppendEntriesReply] 🗂 S1 | Term=4 | Role=Leader | CommitIndex=29 | LastApplied=29
[S1] 2025/11/27 16:10:21.919635      📜 Log: 
[S1] 2025/11/27 16:10:21.919655         [0:T0] 
[S1] 2025/11/27 16:10:21.919675         [1:T1] 
[S1] 2025/11/27 16:10:21.919692         [2:T1] 
[S1] 2025/11/27 16:10:21.919712         [3:T1] 
[S1] 2025/11/27 16:10:21.919729         [4:T1] 
[S1] 2025/11/27 16:10:21.919745         [5:T1] 
[S1] 2025/11/27 16:10:21.919761         [6:T1] 
[S1] 2025/11/27 16:10:21.919776         [7:T1] 
[S1] 2025/11/27 16:10:21.919792         [8:T1] 
[S1] 2025/11/27 16:10:21.919808         [9:T1] 
[S1] 2025/11/27 16:10:21.919823         [10:T1] 
[S1] 2025/11/27 16:10:21.919841         [11:T1] 
[S1] 2025/11/27 16:10:21.919856         [12:T1] 
[S1] 2025/11/27 16:10:21.919872         [13:T2] 
[S1] 2025/11/27 16:10:21.919889         [14:T2] 
[S1] 2025/11/27 16:10:21.919907         [15:T2] 
[S1] 2025/11/27 16:10:21.919923         [16:T2] 
[S1] 2025/11/27 16:10:21.919937         [17:T2] 
[S1] 2025/11/27 16:10:21.919952         [18:T2] 
[S1] 2025/11/27 16:10:21.919966         [19:T2] 
[S1] 2025/11/27 16:10:21.919980         [20:T2] 
[S1] 2025/11/27 16:10:21.919997         [21:T2] 
[S1] 2025/11/27 16:10:21.920011         [22:T2] 
[S1] 2025/11/27 16:10:21.920024         [23:T2] 
[S1] 2025/11/27 16:10:21.920040         [24:T2] 
[S1] 2025/11/27 16:10:21.920054         [25:T2] 
[S1] 2025/11/27 16:10:21.920078         [26:T2] 
[S1] 2025/11/27 16:10:21.920094         [27:T2] 
[S1] 2025/11/27 16:10:21.920111         [28:T2] 
[S1] 2025/11/27 16:10:21.920125         [29:T2] 
[S1] 2025/11/27 16:10:21.920139         [30:T2] 
[S1] 2025/11/27 16:10:21.920155 
[S1] 2025/11/27 16:10:21.920167      📌 nextIndex:  [31 31 31]
[S1] 2025/11/27 16:10:21.920188      📎 matchIndex: [30 0 30]
[S1] 2025/11/27 16:10:21.920209 ---------------------------------------------------
[S1] 2025/11/27 16:10:21.920226 
[At the end of handleAppendEntriesReply] 🗂 S1 | Term=4 | Role=Leader | CommitIndex=29 | LastApplied=29
[S1] 2025/11/27 16:10:21.920248      📜 Log: 
[S1] 2025/11/27 16:10:21.920263         [0:T0] 
[S1] 2025/11/27 16:10:21.920278         [1:T1] 
[S1] 2025/11/27 16:10:21.920292         [2:T1] 
[S1] 2025/11/27 16:10:21.920307         [3:T1] 
[S1] 2025/11/27 16:10:21.920321         [4:T1] 
[S1] 2025/11/27 16:10:21.920335         [5:T1] 
[S1] 2025/11/27 16:10:21.920349         [6:T1] 
[S1] 2025/11/27 16:10:21.920363         [7:T1] 
[S1] 2025/11/27 16:10:21.920380         [8:T1] 
[S1] 2025/11/27 16:10:21.920393         [9:T1] 
[S1] 2025/11/27 16:10:21.920409         [10:T1] 
[S1] 2025/11/27 16:10:21.920424         [11:T1] 
[S1] 2025/11/27 16:10:21.920438         [12:T1] 
[S1] 2025/11/27 16:10:21.920452         [13:T2] 
[S1] 2025/11/27 16:10:21.920466         [14:T2] 
[S1] 2025/11/27 16:10:21.920481         [15:T2] 
[S1] 2025/11/27 16:10:21.920496         [16:T2] 
[S1] 2025/11/27 16:10:21.920510         [17:T2] 
[S1] 2025/11/27 16:10:21.920524         [18:T2] 
[S1] 2025/11/27 16:10:21.920538         [19:T2] 
[S1] 2025/11/27 16:10:21.920554         [20:T2] 
[S1] 2025/11/27 16:10:21.920568         [21:T2] 
[S1] 2025/11/27 16:10:21.920581         [22:T2] 
[S1] 2025/11/27 16:10:21.920595         [23:T2] 
[S1] 2025/11/27 16:10:21.920609         [24:T2] 
[S1] 2025/11/27 16:10:21.920624         [25:T2] 
[S1] 2025/11/27 16:10:21.920640         [26:T2] 
[S1] 2025/11/27 16:10:21.920653         [27:T2] 
[S1] 2025/11/27 16:10:21.920667         [28:T2] 
[S1] 2025/11/27 16:10:21.920681         [29:T2] 
[S1] 2025/11/27 16:10:21.920695         [30:T2] 
[S1] 2025/11/27 16:10:21.920709 
[S1] 2025/11/27 16:10:21.920721      📌 nextIndex:  [31 31 31]
[S1] 2025/11/27 16:10:21.920741      📎 matchIndex: [30 0 30]
[S1] 2025/11/27 16:10:21.920763 ---------------------------------------------------
[S1] 2025/11/27 16:10:22.023651 
[At the start of broadcast] 🗂 S1 | Term=4 | Role=Leader | CommitIndex=29 | LastApplied=29
[S1] 2025/11/27 16:10:22.023876      📜 Log: 
[S1] 2025/11/27 16:10:22.023926         [0:T0] 
[S1] 2025/11/27 16:10:22.023973         [1:T1] 
[S1] 2025/11/27 16:10:22.024015         [2:T1] 
[S1] 2025/11/27 16:10:22.024050         [3:T1] 
[S1] 2025/11/27 16:10:22.024140         [4:T1] 
[S1] 2025/11/27 16:10:22.024187         [5:T1] 
[S1] 2025/11/27 16:10:22.024242         [6:T1] 
[S1] 2025/11/27 16:10:22.024301         [7:T1] 
[S1] 2025/11/27 16:10:22.024342         [8:T1] 
[S1] 2025/11/27 16:10:22.024379         [9:T1] 
[S1] 2025/11/27 16:10:22.024412         [10:T1] 
[S1] 2025/11/27 16:10:22.024448         [11:T1] 
[S1] 2025/11/27 16:10:22.024485         [12:T1] 
[S1] 2025/11/27 16:10:22.024519         [13:T2] 
[S1] 2025/11/27 16:10:22.024553         [14:T2] 
[S1] 2025/11/27 16:10:22.024592         [15:T2] 
[S1] 2025/11/27 16:10:22.024625         [16:T2] 
[S1] 2025/11/27 16:10:22.024664         [17:T2] 
[S1] 2025/11/27 16:10:22.024697         [18:T2] 
[S1] 2025/11/27 16:10:22.024734         [19:T2] 
[S1] 2025/11/27 16:10:22.024767         [20:T2] 
[S1] 2025/11/27 16:10:22.024800         [21:T2] 
[S1] 2025/11/27 16:10:22.024835         [22:T2] 
[S1] 2025/11/27 16:10:22.024867         [23:T2] 
[S1] 2025/11/27 16:10:22.024901         [24:T2] 
[S1] 2025/11/27 16:10:22.024934         [25:T2] 
[S1] 2025/11/27 16:10:22.024967         [26:T2] 
[S1] 2025/11/27 16:10:22.024999         [27:T2] 
[S1] 2025/11/27 16:10:22.025032         [28:T2] 
[S1] 2025/11/27 16:10:22.025079         [29:T2] 
[S1] 2025/11/27 16:10:22.025115         [30:T2] 
[S1] 2025/11/27 16:10:22.025145 
[S1] 2025/11/27 16:10:22.025182      📌 nextIndex:  [31 31 31]
[S1] 2025/11/27 16:10:22.025250      📎 matchIndex: [30 0 30]
[S1] 2025/11/27 16:10:22.025299 ---------------------------------------------------
[S1] 2025/11/27 16:10:22.025382 
[At the end of broadcast] 🗂 S1 | Term=4 | Role=Leader | CommitIndex=29 | LastApplied=29
[S1] 2025/11/27 16:10:22.025435      📜 Log: 
[S1] 2025/11/27 16:10:22.025463         [0:T0] 
[S1] 2025/11/27 16:10:22.025497         [1:T1] 
[S1] 2025/11/27 16:10:22.025535         [2:T1] 
[S1] 2025/11/27 16:10:22.025568         [3:T1] 
[S1] 2025/11/27 16:10:22.025603         [4:T1] 
[S1] 2025/11/27 16:10:22.025635         [5:T1] 
[S1] 2025/11/27 16:10:22.025668         [6:T1] 
[S1] 2025/11/27 16:10:22.025700         [7:T1] 
[S1] 2025/11/27 16:10:22.025739         [8:T1] 
[S1] 2025/11/27 16:10:22.025772         [9:T1] 
[S1] 2025/11/27 16:10:22.025819         [10:T1] 
[S1] 2025/11/27 16:10:22.025848         [11:T1] 
[S1] 2025/11/27 16:10:22.025876         [12:T1] 
[S1] 2025/11/27 16:10:22.025906         [13:T2] 
[S1] 2025/11/27 16:10:22.025932         [14:T2] 
[S1] 2025/11/27 16:10:22.025959         [15:T2] 
[S1] 2025/11/27 16:10:22.025991         [16:T2] 
[S1] 2025/11/27 16:10:22.026017         [17:T2] 
[S1] 2025/11/27 16:10:22.026045         [18:T2] 
[S1] 2025/11/27 16:10:22.026084         [19:T2] 
[S1] 2025/11/27 16:10:22.026115         [20:T2] 
[S1] 2025/11/27 16:10:22.026142         [21:T2] 
[S1] 2025/11/27 16:10:22.026170         [22:T2] 
[S1] 2025/11/27 16:10:22.026198         [23:T2] 
[S1] 2025/11/27 16:10:22.026226         [24:T2] 
[S1] 2025/11/27 16:10:22.026255         [25:T2] 
[S1] 2025/11/27 16:10:22.026281         [26:T2] 
[S1] 2025/11/27 16:10:22.026309         [27:T2] 
[S1] 2025/11/27 16:10:22.026338         [28:T2] 
[S1] 2025/11/27 16:10:22.026370         [29:T2] 
[S1] 2025/11/27 16:10:22.026397         [30:T2] 
[S1] 2025/11/27 16:10:22.026424 
[S1] 2025/11/27 16:10:22.026448      📌 nextIndex:  [31 31 31]
[S1] 2025/11/27 16:10:22.026491      📎 matchIndex: [30 0 30]
[S1] 2025/11/27 16:10:22.026532 ---------------------------------------------------
[S1] 2025/11/27 16:10:22.029173 
[At the start of handleAppendEntriesReply] 🗂 S1 | Term=4 | Role=Leader | CommitIndex=29 | LastApplied=29
[S1] 2025/11/27 16:10:22.029221      📜 Log: 
[S1] 2025/11/27 16:10:22.029245         [0:T0] 
[S1] 2025/11/27 16:10:22.029269         [1:T1] 
[S1] 2025/11/27 16:10:22.029293         [2:T1] 
[S1] 2025/11/27 16:10:22.029322         [3:T1] 
[S1] 2025/11/27 16:10:22.029345         [4:T1] 
[S1] 2025/11/27 16:10:22.029366         [5:T1] 
[S1] 2025/11/27 16:10:22.029388         [6:T1] 
[S1] 2025/11/27 16:10:22.029409         [7:T1] 
[S1] 2025/11/27 16:10:22.029428         [8:T1] 
[S1] 2025/11/27 16:10:22.029448         [9:T1] 
[S1] 2025/11/27 16:10:22.029468         [10:T1] 
[S1] 2025/11/27 16:10:22.029487         [11:T1] 
[S1] 2025/11/27 16:10:22.029508         [12:T1] 
[S1] 2025/11/27 16:10:22.029527         [13:T2] 
[S1] 2025/11/27 16:10:22.029546         [14:T2] 
[S1] 2025/11/27 16:10:22.029566         [15:T2] 
[S1] 2025/11/27 16:10:22.029584         [16:T2] 
[S1] 2025/11/27 16:10:22.029603         [17:T2] 
[S1] 2025/11/27 16:10:22.029624         [18:T2] 
[S1] 2025/11/27 16:10:22.029642         [19:T2] 
[S1] 2025/11/27 16:10:22.029661         [20:T2] 
[S1] 2025/11/27 16:10:22.029681         [21:T2] 
[S1] 2025/11/27 16:10:22.029703         [22:T2] 
[S1] 2025/11/27 16:10:22.029722         [23:T2] 
[S1] 2025/11/27 16:10:22.029741         [24:T2] 
[S1] 2025/11/27 16:10:22.029760         [25:T2] 
[S1] 2025/11/27 16:10:22.029780         [26:T2] 
[S1] 2025/11/27 16:10:22.029799         [27:T2] 
[S1] 2025/11/27 16:10:22.029817         [28:T2] 
[S1] 2025/11/27 16:10:22.029835         [29:T2] 
[S1] 2025/11/27 16:10:22.029856         [30:T2] 
[S1] 2025/11/27 16:10:22.029874 
[S1] 2025/11/27 16:10:22.029890      📌 nextIndex:  [31 31 31]
[S1] 2025/11/27 16:10:22.029923      📎 matchIndex: [30 0 30]
[S1] 2025/11/27 16:10:22.029949 ---------------------------------------------------
[S1] 2025/11/27 16:10:22.029970 
[At the end of handleAppendEntriesReply] 🗂 S1 | Term=4 | Role=Leader | CommitIndex=29 | LastApplied=29
[S1] 2025/11/27 16:10:22.029999      📜 Log: 
[S1] 2025/11/27 16:10:22.030017         [0:T0] 
[S1] 2025/11/27 16:10:22.030035         [1:T1] 
[S1] 2025/11/27 16:10:22.030053         [2:T1] 
[S1] 2025/11/27 16:10:22.030076         [3:T1] 
[S1] 2025/11/27 16:10:22.030097         [4:T1] 
[S1] 2025/11/27 16:10:22.030114         [5:T1] 
[S1] 2025/11/27 16:10:22.030131         [6:T1] 
[S1] 2025/11/27 16:10:22.030149         [7:T1] 
[S1] 2025/11/27 16:10:22.030161         [8:T1] 
[S1] 2025/11/27 16:10:22.030165         [9:T1] 
[S1] 2025/11/27 16:10:22.030169         [10:T1] 
[S1] 2025/11/27 16:10:22.030173         [11:T1] 
[S1] 2025/11/27 16:10:22.030178         [12:T1] 
[S1] 2025/11/27 16:10:22.030182         [13:T2] 
[S1] 2025/11/27 16:10:22.030186         [14:T2] 
[S1] 2025/11/27 16:10:22.030190         [15:T2] 
[S1] 2025/11/27 16:10:22.030195         [16:T2] 
[S1] 2025/11/27 16:10:22.030199         [17:T2] 
[S1] 2025/11/27 16:10:22.030204         [18:T2] 
[S1] 2025/11/27 16:10:22.030208         [19:T2] 
[S1] 2025/11/27 16:10:22.030212         [20:T2] 
[S1] 2025/11/27 16:10:22.030217         [21:T2] 
[S1] 2025/11/27 16:10:22.030221         [22:T2] 
[S1] 2025/11/27 16:10:22.030225         [23:T2] 
[S1] 2025/11/27 16:10:22.030229         [24:T2] 
[S1] 2025/11/27 16:10:22.030234         [25:T2] 
[S1] 2025/11/27 16:10:22.030238         [26:T2] 
[S1] 2025/11/27 16:10:22.030243         [27:T2] 
[S1] 2025/11/27 16:10:22.030247         [28:T2] 
[S1] 2025/11/27 16:10:22.030251         [29:T2] 
[S1] 2025/11/27 16:10:22.030255         [30:T2] 
[S1] 2025/11/27 16:10:22.030260 
[S1] 2025/11/27 16:10:22.030263      📌 nextIndex:  [31 31 31]
[S1] 2025/11/27 16:10:22.030270      📎 matchIndex: [30 0 30]
[S1] 2025/11/27 16:10:22.030276 ---------------------------------------------------
[S1] 2025/11/27 16:10:22.030283 
[At the start of handleAppendEntriesReply] 🗂 S1 | Term=4 | Role=Leader | CommitIndex=29 | LastApplied=29
[S1] 2025/11/27 16:10:22.030292      📜 Log: 
[S1] 2025/11/27 16:10:22.030296         [0:T0] 
[S1] 2025/11/27 16:10:22.030301         [1:T1] 
[S1] 2025/11/27 16:10:22.030306         [2:T1] 
[S1] 2025/11/27 16:10:22.030310         [3:T1] 
[S1] 2025/11/27 16:10:22.030315         [4:T1] 
[S1] 2025/11/27 16:10:22.030319         [5:T1] 
[S1] 2025/11/27 16:10:22.030323         [6:T1] 
[S1] 2025/11/27 16:10:22.030328         [7:T1] 
[S1] 2025/11/27 16:10:22.030334         [8:T1] 
[S1] 2025/11/27 16:10:22.030338         [9:T1] 
[S1] 2025/11/27 16:10:22.030343         [10:T1] 
[S1] 2025/11/27 16:10:22.030348         [11:T1] 
[S1] 2025/11/27 16:10:22.030352         [12:T1] 
[S1] 2025/11/27 16:10:22.030356         [13:T2] 
[S1] 2025/11/27 16:10:22.030361         [14:T2] 
[S1] 2025/11/27 16:10:22.030365         [15:T2] 
[S1] 2025/11/27 16:10:22.030370         [16:T2] 
[S1] 2025/11/27 16:10:22.030374         [17:T2] 
[S1] 2025/11/27 16:10:22.030378         [18:T2] 
[S1] 2025/11/27 16:10:22.030383         [19:T2] 
[S1] 2025/11/27 16:10:22.030389         [20:T2] 
[S1] 2025/11/27 16:10:22.030394         [21:T2] 
[S1] 2025/11/27 16:10:22.030398         [22:T2] 
[S1] 2025/11/27 16:10:22.030403         [23:T2] 
[S1] 2025/11/27 16:10:22.030407         [24:T2] 
[S1] 2025/11/27 16:10:22.030412         [25:T2] 
[S1] 2025/11/27 16:10:22.030417         [26:T2] 
[S1] 2025/11/27 16:10:22.030421         [27:T2] 
[S1] 2025/11/27 16:10:22.030425         [28:T2] 
[S1] 2025/11/27 16:10:22.030429         [29:T2] 
[S1] 2025/11/27 16:10:22.030434         [30:T2] 
[S1] 2025/11/27 16:10:22.030438 
[S1] 2025/11/27 16:10:22.030442      📌 nextIndex:  [31 31 31]
[S1] 2025/11/27 16:10:22.030448      📎 matchIndex: [30 0 30]
[S1] 2025/11/27 16:10:22.030454 ---------------------------------------------------
[S1] 2025/11/27 16:10:22.030459 
[At the end of handleAppendEntriesReply] 🗂 S1 | Term=4 | Role=Leader | CommitIndex=29 | LastApplied=29
[S1] 2025/11/27 16:10:22.030466      📜 Log: 
[S1] 2025/11/27 16:10:22.030470         [0:T0] 
[S1] 2025/11/27 16:10:22.030474         [1:T1] 
[S1] 2025/11/27 16:10:22.030479         [2:T1] 
[S1] 2025/11/27 16:10:22.030483         [3:T1] 
[S1] 2025/11/27 16:10:22.030488         [4:T1] 
[S1] 2025/11/27 16:10:22.030492         [5:T1] 
[S1] 2025/11/27 16:10:22.030497         [6:T1] 
[S1] 2025/11/27 16:10:22.030501         [7:T1] 
[S1] 2025/11/27 16:10:22.030505         [8:T1] 
[S1] 2025/11/27 16:10:22.030510         [9:T1] 
[S1] 2025/11/27 16:10:22.030514         [10:T1] 
[S1] 2025/11/27 16:10:22.030518         [11:T1] 
[S1] 2025/11/27 16:10:22.030523         [12:T1] 
[S1] 2025/11/27 16:10:22.030527         [13:T2] 
[S1] 2025/11/27 16:10:22.030531         [14:T2] 
[S1] 2025/11/27 16:10:22.030535         [15:T2] 
[S1] 2025/11/27 16:10:22.030540         [16:T2] 
[S1] 2025/11/27 16:10:22.030544         [17:T2] 
[S1] 2025/11/27 16:10:22.030548         [18:T2] 
[S1] 2025/11/27 16:10:22.030552         [19:T2] 
[S1] 2025/11/27 16:10:22.030557         [20:T2] 
[S1] 2025/11/27 16:10:22.030561         [21:T2] 
[S1] 2025/11/27 16:10:22.030565         [22:T2] 
[S1] 2025/11/27 16:10:22.030569         [23:T2] 
[S1] 2025/11/27 16:10:22.030574         [24:T2] 
[S1] 2025/11/27 16:10:22.030578         [25:T2] 
[S1] 2025/11/27 16:10:22.030582         [26:T2] 
[S1] 2025/11/27 16:10:22.030587         [27:T2] 
[S1] 2025/11/27 16:10:22.030591         [28:T2] 
[S1] 2025/11/27 16:10:22.030596         [29:T2] 
[S1] 2025/11/27 16:10:22.030600         [30:T2] 
[S1] 2025/11/27 16:10:22.030604 
[S1] 2025/11/27 16:10:22.030608      📌 nextIndex:  [31 31 31]
[S1] 2025/11/27 16:10:22.030614      📎 matchIndex: [30 0 30]
[S1] 2025/11/27 16:10:22.030620 ---------------------------------------------------
[S1] 2025/11/27 16:10:22.131563 
[At the start of broadcast] 🗂 S1 | Term=4 | Role=Leader | CommitIndex=29 | LastApplied=29
[S1] 2025/11/27 16:10:22.131753      📜 Log: 
[S1] 2025/11/27 16:10:22.131805         [0:T0] 
[S1] 2025/11/27 16:10:22.131852         [1:T1] 
[S1] 2025/11/27 16:10:22.131890         [2:T1] 
[S1] 2025/11/27 16:10:22.131935         [3:T1] 
[S1] 2025/11/27 16:10:22.131973         [4:T1] 
[S1] 2025/11/27 16:10:22.132008         [5:T1] 
[S1] 2025/11/27 16:10:22.132039         [6:T1] 
[S1] 2025/11/27 16:10:22.132092         [7:T1] 
[S1] 2025/11/27 16:10:22.132144         [8:T1] 
[S1] 2025/11/27 16:10:22.132180         [9:T1] 
[S1] 2025/11/27 16:10:22.132211         [10:T1] 
[S1] 2025/11/27 16:10:22.132252         [11:T1] 
[S1] 2025/11/27 16:10:22.132322         [12:T1] 
[S1] 2025/11/27 16:10:22.132355         [13:T2] 
[S1] 2025/11/27 16:10:22.132391         [14:T2] 
[S1] 2025/11/27 16:10:22.132433         [15:T2] 
[S1] 2025/11/27 16:10:22.132467         [16:T2] 
[S1] 2025/11/27 16:10:22.132507         [17:T2] 
[S1] 2025/11/27 16:10:22.132539         [18:T2] 
[S1] 2025/11/27 16:10:22.132572         [19:T2] 
[S1] 2025/11/27 16:10:22.132604         [20:T2] 
[S1] 2025/11/27 16:10:22.132637         [21:T2] 
[S1] 2025/11/27 16:10:22.132668         [22:T2] 
[S1] 2025/11/27 16:10:22.132699         [23:T2] 
[S1] 2025/11/27 16:10:22.132736         [24:T2] 
[S1] 2025/11/27 16:10:22.132768         [25:T2] 
[S1] 2025/11/27 16:10:22.132800         [26:T2] 
[S1] 2025/11/27 16:10:22.132832         [27:T2] 
[S1] 2025/11/27 16:10:22.132866         [28:T2] 
[S1] 2025/11/27 16:10:22.132901         [29:T2] 
[S1] 2025/11/27 16:10:22.132933         [30:T2] 
[S1] 2025/11/27 16:10:22.132960 
[S1] 2025/11/27 16:10:22.132990      📌 nextIndex:  [31 31 31]
[S1] 2025/11/27 16:10:22.133048      📎 matchIndex: [30 0 30]
[S1] 2025/11/27 16:10:22.133102 ---------------------------------------------------
[S1] 2025/11/27 16:10:22.133171 
[At the end of broadcast] 🗂 S1 | Term=4 | Role=Leader | CommitIndex=29 | LastApplied=29
[S1] 2025/11/27 16:10:22.133218      📜 Log: 
[S1] 2025/11/27 16:10:22.133243         [0:T0] 
[S1] 2025/11/27 16:10:22.133277         [1:T1] 
[S1] 2025/11/27 16:10:22.133306         [2:T1] 
[S1] 2025/11/27 16:10:22.133337         [3:T1] 
[S1] 2025/11/27 16:10:22.133365         [4:T1] 
[S1] 2025/11/27 16:10:22.133407         [5:T1] 
[S1] 2025/11/27 16:10:22.133436         [6:T1] 
[S1] 2025/11/27 16:10:22.133463         [7:T1] 
[S1] 2025/11/27 16:10:22.133491         [8:T1] 
[S1] 2025/11/27 16:10:22.133518         [9:T1] 
[S1] 2025/11/27 16:10:22.133546         [10:T1] 
[S1] 2025/11/27 16:10:22.133573         [11:T1] 
[S1] 2025/11/27 16:10:22.133605         [12:T1] 
[S1] 2025/11/27 16:10:22.133632         [13:T2] 
[S1] 2025/11/27 16:10:22.133664         [14:T2] 
[S1] 2025/11/27 16:10:22.133690         [15:T2] 
[S1] 2025/11/27 16:10:22.133722         [16:T2] 
[S1] 2025/11/27 16:10:22.133750         [17:T2] 
[S1] 2025/11/27 16:10:22.133778         [18:T2] 
[S1] 2025/11/27 16:10:22.133808         [19:T2] 
[S1] 2025/11/27 16:10:22.133834         [20:T2] 
[S1] 2025/11/27 16:10:22.133861         [21:T2] 
[S1] 2025/11/27 16:10:22.133891         [22:T2] 
[S1] 2025/11/27 16:10:22.133918         [23:T2] 
[S1] 2025/11/27 16:10:22.133943         [24:T2] 
[S1] 2025/11/27 16:10:22.133969         [25:T2] 
[S1] 2025/11/27 16:10:22.133997         [26:T2] 
[S1] 2025/11/27 16:10:22.134022         [27:T2] 
[S1] 2025/11/27 16:10:22.134044         [28:T2] 
[S1] 2025/11/27 16:10:22.134088         [29:T2] 
[S1] 2025/11/27 16:10:22.134115         [30:T2] 
[S1] 2025/11/27 16:10:22.134146 
[S1] 2025/11/27 16:10:22.134167      📌 nextIndex:  [31 31 31]
[S1] 2025/11/27 16:10:22.134203      📎 matchIndex: [30 0 30]
[S1] 2025/11/27 16:10:22.134238 ---------------------------------------------------
[S1] 2025/11/27 16:10:22.136688 
[At the start of handleAppendEntriesReply] 🗂 S1 | Term=4 | Role=Leader | CommitIndex=29 | LastApplied=29
[S1] 2025/11/27 16:10:22.136734      📜 Log: 
[S1] 2025/11/27 16:10:22.136759         [0:T0] 
[S1] 2025/11/27 16:10:22.136783         [1:T1] 
[S1] 2025/11/27 16:10:22.136803         [2:T1] 
[S1] 2025/11/27 16:10:22.136825         [3:T1] 
[S1] 2025/11/27 16:10:22.136847         [4:T1] 
[S1] 2025/11/27 16:10:22.136866         [5:T1] 
[S1] 2025/11/27 16:10:22.136886         [6:T1] 
[S1] 2025/11/27 16:10:22.136906         [7:T1] 
[S1] 2025/11/27 16:10:22.136925         [8:T1] 
[S1] 2025/11/27 16:10:22.136945         [9:T1] 
[S1] 2025/11/27 16:10:22.136962         [10:T1] 
[S1] 2025/11/27 16:10:22.136981         [11:T1] 
[S1] 2025/11/27 16:10:22.136999         [12:T1] 
[S1] 2025/11/27 16:10:22.137016         [13:T2] 
[S1] 2025/11/27 16:10:22.137034         [14:T2] 
[S1] 2025/11/27 16:10:22.137053         [15:T2] 
[S1] 2025/11/27 16:10:22.137075         [16:T2] 
[S1] 2025/11/27 16:10:22.137101         [17:T2] 
[S1] 2025/11/27 16:10:22.137119         [18:T2] 
[S1] 2025/11/27 16:10:22.137137         [19:T2] 
[S1] 2025/11/27 16:10:22.137154         [20:T2] 
[S1] 2025/11/27 16:10:22.137172         [21:T2] 
[S1] 2025/11/27 16:10:22.137189         [22:T2] 
[S1] 2025/11/27 16:10:22.137205         [23:T2] 
[S1] 2025/11/27 16:10:22.137222         [24:T2] 
[S1] 2025/11/27 16:10:22.137241         [25:T2] 
[S1] 2025/11/27 16:10:22.137258         [26:T2] 
[S1] 2025/11/27 16:10:22.137274         [27:T2] 
[S1] 2025/11/27 16:10:22.137292         [28:T2] 
[S1] 2025/11/27 16:10:22.137308         [29:T2] 
[S1] 2025/11/27 16:10:22.137326         [30:T2] 
[S1] 2025/11/27 16:10:22.137343 
[S1] 2025/11/27 16:10:22.137358      📌 nextIndex:  [31 31 31]
[S1] 2025/11/27 16:10:22.137390      📎 matchIndex: [30 0 30]
[S1] 2025/11/27 16:10:22.137417 ---------------------------------------------------
[S1] 2025/11/27 16:10:22.137438 
[At the end of handleAppendEntriesReply] 🗂 S1 | Term=4 | Role=Leader | CommitIndex=29 | LastApplied=29
[S1] 2025/11/27 16:10:22.137466      📜 Log: 
[S1] 2025/11/27 16:10:22.137481         [0:T0] 
[S1] 2025/11/27 16:10:22.137500         [1:T1] 
[S1] 2025/11/27 16:10:22.137518         [2:T1] 
[S1] 2025/11/27 16:10:22.137535         [3:T1] 
[S1] 2025/11/27 16:10:22.137551         [4:T1] 
[S1] 2025/11/27 16:10:22.137571         [5:T1] 
[S1] 2025/11/27 16:10:22.137589         [6:T1] 
[S1] 2025/11/27 16:10:22.137606         [7:T1] 
[S1] 2025/11/27 16:10:22.137624         [8:T1] 
[S1] 2025/11/27 16:10:22.137642         [9:T1] 
[S1] 2025/11/27 16:10:22.137659         [10:T1] 
[S1] 2025/11/27 16:10:22.137677         [11:T1] 
[S1] 2025/11/27 16:10:22.137694         [12:T1] 
[S1] 2025/11/27 16:10:22.137711         [13:T2] 
[S1] 2025/11/27 16:10:22.137728         [14:T2] 
[S1] 2025/11/27 16:10:22.137747         [15:T2] 
[S1] 2025/11/27 16:10:22.137763         [16:T2] 
[S1] 2025/11/27 16:10:22.137782         [17:T2] 
[S1] 2025/11/27 16:10:22.137799         [18:T2] 
[S1] 2025/11/27 16:10:22.137815         [19:T2] 
[S1] 2025/11/27 16:10:22.137832         [20:T2] 
[S1] 2025/11/27 16:10:22.137852         [21:T2] 
[S1] 2025/11/27 16:10:22.137868         [22:T2] 
[S1] 2025/11/27 16:10:22.137882         [23:T2] 
[S1] 2025/11/27 16:10:22.137899         [24:T2] 
[S1] 2025/11/27 16:10:22.137917         [25:T2] 
[S1] 2025/11/27 16:10:22.137932         [26:T2] 
[S1] 2025/11/27 16:10:22.137947         [27:T2] 
[S1] 2025/11/27 16:10:22.137962         [28:T2] 
[S1] 2025/11/27 16:10:22.137977         [29:T2] 
[S1] 2025/11/27 16:10:22.137993         [30:T2] 
[S1] 2025/11/27 16:10:22.138010 
[S1] 2025/11/27 16:10:22.138023      📌 nextIndex:  [31 31 31]
[S1] 2025/11/27 16:10:22.138047      📎 matchIndex: [30 0 30]
[S1] 2025/11/27 16:10:22.138074 ---------------------------------------------------
[S1] 2025/11/27 16:10:22.138101 
[At the start of handleAppendEntriesReply] 🗂 S1 | Term=4 | Role=Leader | CommitIndex=29 | LastApplied=29
[S1] 2025/11/27 16:10:22.138133      📜 Log: 
[S1] 2025/11/27 16:10:22.138151         [0:T0] 
[S1] 2025/11/27 16:10:22.138168         [1:T1] 
[S1] 2025/11/27 16:10:22.138172         [2:T1] 
[S1] 2025/11/27 16:10:22.138177         [3:T1] 
[S1] 2025/11/27 16:10:22.138182         [4:T1] 
[S1] 2025/11/27 16:10:22.138187         [5:T1] 
[S1] 2025/11/27 16:10:22.138191         [6:T1] 
[S1] 2025/11/27 16:10:22.138196         [7:T1] 
[S1] 2025/11/27 16:10:22.138200         [8:T1] 
[S1] 2025/11/27 16:10:22.138205         [9:T1] 
[S1] 2025/11/27 16:10:22.138209         [10:T1] 
[S1] 2025/11/27 16:10:22.138213         [11:T1] 
[S1] 2025/11/27 16:10:22.138217         [12:T1] 
[S1] 2025/11/27 16:10:22.138222         [13:T2] 
[S1] 2025/11/27 16:10:22.138226         [14:T2] 
[S1] 2025/11/27 16:10:22.138231         [15:T2] 
[S1] 2025/11/27 16:10:22.138235         [16:T2] 
[S1] 2025/11/27 16:10:22.138240         [17:T2] 
[S1] 2025/11/27 16:10:22.138244         [18:T2] 
[S1] 2025/11/27 16:10:22.138249         [19:T2] 
[S1] 2025/11/27 16:10:22.138253         [20:T2] 
[S1] 2025/11/27 16:10:22.138260         [21:T2] 
[S1] 2025/11/27 16:10:22.138264         [22:T2] 
[S1] 2025/11/27 16:10:22.138269         [23:T2] 
[S1] 2025/11/27 16:10:22.138273         [24:T2] 
[S1] 2025/11/27 16:10:22.138277         [25:T2] 
[S1] 2025/11/27 16:10:22.138281         [26:T2] 
[S1] 2025/11/27 16:10:22.138286         [27:T2] 
[S1] 2025/11/27 16:10:22.138290         [28:T2] 
[S1] 2025/11/27 16:10:22.138296         [29:T2] 
[S1] 2025/11/27 16:10:22.138302         [30:T2] 
[S1] 2025/11/27 16:10:22.138308 
[S1] 2025/11/27 16:10:22.138312      📌 nextIndex:  [31 31 31]
[S1] 2025/11/27 16:10:22.138320      📎 matchIndex: [30 0 30]
[S1] 2025/11/27 16:10:22.138326 ---------------------------------------------------
[S1] 2025/11/27 16:10:22.138332 
[At the end of handleAppendEntriesReply] 🗂 S1 | Term=4 | Role=Leader | CommitIndex=29 | LastApplied=29
[S1] 2025/11/27 16:10:22.138338      📜 Log: 
[S1] 2025/11/27 16:10:22.138342         [0:T0] 
[S1] 2025/11/27 16:10:22.138347         [1:T1] 
[S1] 2025/11/27 16:10:22.138352         [2:T1] 
[S1] 2025/11/27 16:10:22.138357         [3:T1] 
[S1] 2025/11/27 16:10:22.138361         [4:T1] 
[S1] 2025/11/27 16:10:22.138366         [5:T1] 
[S1] 2025/11/27 16:10:22.138371         [6:T1] 
[S1] 2025/11/27 16:10:22.138375         [7:T1] 
[S1] 2025/11/27 16:10:22.138380         [8:T1] 
[S1] 2025/11/27 16:10:22.138385         [9:T1] 
[S1] 2025/11/27 16:10:22.138389         [10:T1] 
[S1] 2025/11/27 16:10:22.138394         [11:T1] 
[S1] 2025/11/27 16:10:22.138398         [12:T1] 
[S1] 2025/11/27 16:10:22.138403         [13:T2] 
[S1] 2025/11/27 16:10:22.138407         [14:T2] 
[S1] 2025/11/27 16:10:22.138412         [15:T2] 
[S1] 2025/11/27 16:10:22.138416         [16:T2] 
[S1] 2025/11/27 16:10:22.138421         [17:T2] 
[S1] 2025/11/27 16:10:22.138425         [18:T2] 
[S1] 2025/11/27 16:10:22.138429         [19:T2] 
[S1] 2025/11/27 16:10:22.138434         [20:T2] 
[S1] 2025/11/27 16:10:22.138438         [21:T2] 
[S1] 2025/11/27 16:10:22.138443         [22:T2] 
[S1] 2025/11/27 16:10:22.138447         [23:T2] 
[S1] 2025/11/27 16:10:22.138452         [24:T2] 
[S1] 2025/11/27 16:10:22.138456         [25:T2] 
[S1] 2025/11/27 16:10:22.138461         [26:T2] 
[S1] 2025/11/27 16:10:22.138465         [27:T2] 
[S1] 2025/11/27 16:10:22.138469         [28:T2] 
[S1] 2025/11/27 16:10:22.138473         [29:T2] 
[S1] 2025/11/27 16:10:22.138479         [30:T2] 
[S1] 2025/11/27 16:10:22.138483 
[S1] 2025/11/27 16:10:22.138487      📌 nextIndex:  [31 31 31]
[S1] 2025/11/27 16:10:22.138493      📎 matchIndex: [30 0 30]
[S1] 2025/11/27 16:10:22.138499 ---------------------------------------------------
[S1] 2025/11/27 16:10:22.240999 
[At the start of broadcast] 🗂 S1 | Term=4 | Role=Leader | CommitIndex=29 | LastApplied=29
[S1] 2025/11/27 16:10:22.241104      📜 Log: 
[S1] 2025/11/27 16:10:22.241129         [0:T0] 
[S1] 2025/11/27 16:10:22.241155         [1:T1] 
[S1] 2025/11/27 16:10:22.241177         [2:T1] 
[S1] 2025/11/27 16:10:22.241195         [3:T1] 
[S1] 2025/11/27 16:10:22.241213         [4:T1] 
[S1] 2025/11/27 16:10:22.241231         [5:T1] 
[S1] 2025/11/27 16:10:22.241247         [6:T1] 
[S1] 2025/11/27 16:10:22.241264         [7:T1] 
[S1] 2025/11/27 16:10:22.241281         [8:T1] 
[S1] 2025/11/27 16:10:22.241296         [9:T1] 
[S1] 2025/11/27 16:10:22.241311         [10:T1] 
[S1] 2025/11/27 16:10:22.241334         [11:T1] 
[S1] 2025/11/27 16:10:22.241351         [12:T1] 
[S1] 2025/11/27 16:10:22.241367         [13:T2] 
[S1] 2025/11/27 16:10:22.241384         [14:T2] 
[S1] 2025/11/27 16:10:22.241400         [15:T2] 
[S1] 2025/11/27 16:10:22.241416         [16:T2] 
[S1] 2025/11/27 16:10:22.241430         [17:T2] 
[S1] 2025/11/27 16:10:22.241445         [18:T2] 
[S1] 2025/11/27 16:10:22.241459         [19:T2] 
[S1] 2025/11/27 16:10:22.241474         [20:T2] 
[S1] 2025/11/27 16:10:22.241489         [21:T2] 
[S1] 2025/11/27 16:10:22.241503         [22:T2] 
[S1] 2025/11/27 16:10:22.241517         [23:T2] 
[S1] 2025/11/27 16:10:22.241530         [24:T2] 
[S1] 2025/11/27 16:10:22.241545         [25:T2] 
[S1] 2025/11/27 16:10:22.241574         [26:T2] 
[S1] 2025/11/27 16:10:22.241592         [27:T2] 
[S1] 2025/11/27 16:10:22.241606         [28:T2] 
[S1] 2025/11/27 16:10:22.241620         [29:T2] 
[S1] 2025/11/27 16:10:22.241633         [30:T2] 
[S1] 2025/11/27 16:10:22.241649 
[S1] 2025/11/27 16:10:22.241662      📌 nextIndex:  [31 31 31]
[S1] 2025/11/27 16:10:22.241699      📎 matchIndex: [30 0 30]
[S1] 2025/11/27 16:10:22.241719 ---------------------------------------------------
[S1] 2025/11/27 16:10:22.241765 
[At the end of broadcast] 🗂 S1 | Term=4 | Role=Leader | CommitIndex=29 | LastApplied=29
[S1] 2025/11/27 16:10:22.241787      📜 Log: 
[S1] 2025/11/27 16:10:22.241802         [0:T0] 
[S1] 2025/11/27 16:10:22.241817         [1:T1] 
[S1] 2025/11/27 16:10:22.241833         [2:T1] 
[S1] 2025/11/27 16:10:22.241847         [3:T1] 
[S1] 2025/11/27 16:10:22.241861         [4:T1] 
[S1] 2025/11/27 16:10:22.241876         [5:T1] 
[S1] 2025/11/27 16:10:22.241889         [6:T1] 
[S1] 2025/11/27 16:10:22.241904         [7:T1] 
[S1] 2025/11/27 16:10:22.241917         [8:T1] 
[S1] 2025/11/27 16:10:22.241932         [9:T1] 
[S1] 2025/11/27 16:10:22.241945         [10:T1] 
[S1] 2025/11/27 16:10:22.241960         [11:T1] 
[S1] 2025/11/27 16:10:22.241974         [12:T1] 
[S1] 2025/11/27 16:10:22.241990         [13:T2] 
[S1] 2025/11/27 16:10:22.242003         [14:T2] 
[S1] 2025/11/27 16:10:22.242018         [15:T2] 
[S1] 2025/11/27 16:10:22.242032         [16:T2] 
[S1] 2025/11/27 16:10:22.242047         [17:T2] 
[S1] 2025/11/27 16:10:22.242062         [18:T2] 
[S1] 2025/11/27 16:10:22.242087         [19:T2] 
[S1] 2025/11/27 16:10:22.242099         [20:T2] 
[S1] 2025/11/27 16:10:22.242113         [21:T2] 
[S1] 2025/11/27 16:10:22.242125         [22:T2] 
[S1] 2025/11/27 16:10:22.242138         [23:T2] 
[S1] 2025/11/27 16:10:22.242149         [24:T2] 
[S1] 2025/11/27 16:10:22.242161         [25:T2] 
[S1] 2025/11/27 16:10:22.242174         [26:T2] 
[S1] 2025/11/27 16:10:22.242186         [27:T2] 
[S1] 2025/11/27 16:10:22.242199         [28:T2] 
[S1] 2025/11/27 16:10:22.242211         [29:T2] 
[S1] 2025/11/27 16:10:22.242225         [30:T2] 
[S1] 2025/11/27 16:10:22.242237 
[S1] 2025/11/27 16:10:22.242248      📌 nextIndex:  [31 31 31]
[S1] 2025/11/27 16:10:22.242267      📎 matchIndex: [30 0 30]
[S1] 2025/11/27 16:10:22.242284 ---------------------------------------------------
[S1] 2025/11/27 16:10:22.243625 
[At the start of handleAppendEntriesReply] 🗂 S1 | Term=4 | Role=Leader | CommitIndex=29 | LastApplied=29
[S1] 2025/11/27 16:10:22.243650      📜 Log: 
[S1] 2025/11/27 16:10:22.243663         [0:T0] 
[S1] 2025/11/27 16:10:22.243677         [1:T1] 
[S1] 2025/11/27 16:10:22.243688         [2:T1] 
[S1] 2025/11/27 16:10:22.243701         [3:T1] 
[S1] 2025/11/27 16:10:22.243712         [4:T1] 
[S1] 2025/11/27 16:10:22.243722         [5:T1] 
[S1] 2025/11/27 16:10:22.243739         [6:T1] 
[S1] 2025/11/27 16:10:22.243749         [7:T1] 
[S1] 2025/11/27 16:10:22.243760         [8:T1] 
[S1] 2025/11/27 16:10:22.243770         [9:T1] 
[S1] 2025/11/27 16:10:22.243780         [10:T1] 
[S1] 2025/11/27 16:10:22.243790         [11:T1] 
[S1] 2025/11/27 16:10:22.243801         [12:T1] 
[S1] 2025/11/27 16:10:22.243812         [13:T2] 
[S1] 2025/11/27 16:10:22.243822         [14:T2] 
[S1] 2025/11/27 16:10:22.243832         [15:T2] 
[S1] 2025/11/27 16:10:22.243845         [16:T2] 
[S1] 2025/11/27 16:10:22.243855         [17:T2] 
[S1] 2025/11/27 16:10:22.243864         [18:T2] 
[S1] 2025/11/27 16:10:22.243874         [19:T2] 
[S1] 2025/11/27 16:10:22.243883         [20:T2] 
[S1] 2025/11/27 16:10:22.243893         [21:T2] 
[S1] 2025/11/27 16:10:22.243902         [22:T2] 
[S1] 2025/11/27 16:10:22.243911         [23:T2] 
[S1] 2025/11/27 16:10:22.243919         [24:T2] 
[S1] 2025/11/27 16:10:22.243930         [25:T2] 
[S1] 2025/11/27 16:10:22.243939         [26:T2] 
[S1] 2025/11/27 16:10:22.243948         [27:T2] 
[S1] 2025/11/27 16:10:22.243957         [28:T2] 
[S1] 2025/11/27 16:10:22.243966         [29:T2] 
[S1] 2025/11/27 16:10:22.243979         [30:T2] 
[S1] 2025/11/27 16:10:22.243988 
[S1] 2025/11/27 16:10:22.243997      📌 nextIndex:  [31 31 31]
[S1] 2025/11/27 16:10:22.244015      📎 matchIndex: [30 0 30]
[S1] 2025/11/27 16:10:22.244028 ---------------------------------------------------
[S1] 2025/11/27 16:10:22.244041 
[At the end of handleAppendEntriesReply] 🗂 S1 | Term=4 | Role=Leader | CommitIndex=29 | LastApplied=29
[S1] 2025/11/27 16:10:22.244055      📜 Log: 
[S1] 2025/11/27 16:10:22.244064         [0:T0] 
[S1] 2025/11/27 16:10:22.244082         [1:T1] 
[S1] 2025/11/27 16:10:22.244092         [2:T1] 
[S1] 2025/11/27 16:10:22.244101         [3:T1] 
[S1] 2025/11/27 16:10:22.244110         [4:T1] 
[S1] 2025/11/27 16:10:22.244119         [5:T1] 
[S1] 2025/11/27 16:10:22.244129         [6:T1] 
[S1] 2025/11/27 16:10:22.244140         [7:T1] 
[S1] 2025/11/27 16:10:22.244150         [8:T1] 
[S1] 2025/11/27 16:10:22.244160         [9:T1] 
[S1] 2025/11/27 16:10:22.244170         [10:T1] 
[S1] 2025/11/27 16:10:22.244180         [11:T1] 
[S1] 2025/11/27 16:10:22.244189         [12:T1] 
[S1] 2025/11/27 16:10:22.244198         [13:T2] 
[S1] 2025/11/27 16:10:22.244208         [14:T2] 
[S1] 2025/11/27 16:10:22.244217         [15:T2] 
[S1] 2025/11/27 16:10:22.244228         [16:T2] 
[S1] 2025/11/27 16:10:22.244236         [17:T2] 
[S1] 2025/11/27 16:10:22.244246         [18:T2] 
[S1] 2025/11/27 16:10:22.244255         [19:T2] 
[S1] 2025/11/27 16:10:22.244264         [20:T2] 
[S1] 2025/11/27 16:10:22.244273         [21:T2] 
[S1] 2025/11/27 16:10:22.244282         [22:T2] 
[S1] 2025/11/27 16:10:22.244290         [23:T2] 
[S1] 2025/11/27 16:10:22.244298         [24:T2] 
[S1] 2025/11/27 16:10:22.244309         [25:T2] 
[S1] 2025/11/27 16:10:22.244317         [26:T2] 
[S1] 2025/11/27 16:10:22.244325         [27:T2] 
[S1] 2025/11/27 16:10:22.244334         [28:T2] 
[S1] 2025/11/27 16:10:22.244343         [29:T2] 
[S1] 2025/11/27 16:10:22.244351         [30:T2] 
[S1] 2025/11/27 16:10:22.244359 
[S1] 2025/11/27 16:10:22.244367      📌 nextIndex:  [31 31 31]
[S1] 2025/11/27 16:10:22.244381      📎 matchIndex: [30 0 30]
[S1] 2025/11/27 16:10:22.244393 ---------------------------------------------------
[S1] 2025/11/27 16:10:22.244469 
[At the start of handleAppendEntriesReply] 🗂 S1 | Term=4 | Role=Leader | CommitIndex=29 | LastApplied=29
[S1] 2025/11/27 16:10:22.244505      📜 Log: 
[S1] 2025/11/27 16:10:22.244525         [0:T0] 
[S1] 2025/11/27 16:10:22.244543         [1:T1] 
[S1] 2025/11/27 16:10:22.244561         [2:T1] 
[S1] 2025/11/27 16:10:22.244579         [3:T1] 
[S1] 2025/11/27 16:10:22.244596         [4:T1] 
[S1] 2025/11/27 16:10:22.244612         [5:T1] 
[S1] 2025/11/27 16:10:22.244629         [6:T1] 
[S1] 2025/11/27 16:10:22.244645         [7:T1] 
[S1] 2025/11/27 16:10:22.244661         [8:T1] 
[S1] 2025/11/27 16:10:22.244677         [9:T1] 
[S1] 2025/11/27 16:10:22.244694         [10:T1] 
[S1] 2025/11/27 16:10:22.244709         [11:T1] 
[S1] 2025/11/27 16:10:22.244727         [12:T1] 
[S1] 2025/11/27 16:10:22.244745         [13:T2] 
[S1] 2025/11/27 16:10:22.244762         [14:T2] 
[S1] 2025/11/27 16:10:22.244778         [15:T2] 
[S1] 2025/11/27 16:10:22.244794         [16:T2] 
[S1] 2025/11/27 16:10:22.244812         [17:T2] 
[S1] 2025/11/27 16:10:22.244830         [18:T2] 
[S1] 2025/11/27 16:10:22.244846         [19:T2] 
[S1] 2025/11/27 16:10:22.244861         [20:T2] 
[S1] 2025/11/27 16:10:22.244879         [21:T2] 
[S1] 2025/11/27 16:10:22.244894         [22:T2] 
[S1] 2025/11/27 16:10:22.244916         [23:T2] 
[S1] 2025/11/27 16:10:22.244931         [24:T2] 
[S1] 2025/11/27 16:10:22.244945         [25:T2] 
[S1] 2025/11/27 16:10:22.244959         [26:T2] 
[S1] 2025/11/27 16:10:22.244973         [27:T2] 
[S1] 2025/11/27 16:10:22.244986         [28:T2] 
[S1] 2025/11/27 16:10:22.245001         [29:T2] 
[S1] 2025/11/27 16:10:22.245015         [30:T2] 
[S1] 2025/11/27 16:10:22.245029 
[S1] 2025/11/27 16:10:22.245042      📌 nextIndex:  [31 31 31]
[S1] 2025/11/27 16:10:22.245066      📎 matchIndex: [30 0 30]
[S1] 2025/11/27 16:10:22.245112 ---------------------------------------------------
[S1] 2025/11/27 16:10:22.245133 
[At the end of handleAppendEntriesReply] 🗂 S1 | Term=4 | Role=Leader | CommitIndex=29 | LastApplied=29
[S1] 2025/11/27 16:10:22.245154      📜 Log: 
[S1] 2025/11/27 16:10:22.245167         [0:T0] 
[S1] 2025/11/27 16:10:22.245183         [1:T1] 
[S1] 2025/11/27 16:10:22.245198         [2:T1] 
[S1] 2025/11/27 16:10:22.245212         [3:T1] 
[S1] 2025/11/27 16:10:22.245228         [4:T1] 
[S1] 2025/11/27 16:10:22.245242         [5:T1] 
[S1] 2025/11/27 16:10:22.245256         [6:T1] 
[S1] 2025/11/27 16:10:22.245270         [7:T1] 
[S1] 2025/11/27 16:10:22.245284         [8:T1] 
[S1] 2025/11/27 16:10:22.245298         [9:T1] 
[S1] 2025/11/27 16:10:22.245315         [10:T1] 
[S1] 2025/11/27 16:10:22.245328         [11:T1] 
[S1] 2025/11/27 16:10:22.245345         [12:T1] 
[S1] 2025/11/27 16:10:22.245360         [13:T2] 
[S1] 2025/11/27 16:10:22.245374         [14:T2] 
[S1] 2025/11/27 16:10:22.245394         [15:T2] 
[S1] 2025/11/27 16:10:22.245409         [16:T2] 
[S1] 2025/11/27 16:10:22.245425         [17:T2] 
[S1] 2025/11/27 16:10:22.245439         [18:T2] 
[S1] 2025/11/27 16:10:22.245454         [19:T2] 
[S1] 2025/11/27 16:10:22.245468         [20:T2] 
[S1] 2025/11/27 16:10:22.245485         [21:T2] 
[S1] 2025/11/27 16:10:22.245501         [22:T2] 
[S1] 2025/11/27 16:10:22.245516         [23:T2] 
[S1] 2025/11/27 16:10:22.245531         [24:T2] 
[S1] 2025/11/27 16:10:22.245547         [25:T2] 
[S1] 2025/11/27 16:10:22.245562         [26:T2] 
[S1] 2025/11/27 16:10:22.245579         [27:T2] 
[S1] 2025/11/27 16:10:22.245594         [28:T2] 
[S1] 2025/11/27 16:10:22.245608         [29:T2] 
[S1] 2025/11/27 16:10:22.245622         [30:T2] 
[S1] 2025/11/27 16:10:22.245636 
[S1] 2025/11/27 16:10:22.245649      📌 nextIndex:  [31 31 31]
[S1] 2025/11/27 16:10:22.245674      📎 matchIndex: [30 0 30]
[S1] 2025/11/27 16:10:22.245696 ---------------------------------------------------
[S1] 2025/11/27 16:10:22.348249 
[At the start of broadcast] 🗂 S1 | Term=4 | Role=Leader | CommitIndex=29 | LastApplied=29
[S1] 2025/11/27 16:10:22.348359      📜 Log: 
[S1] 2025/11/27 16:10:22.348374         [0:T0] 
[S1] 2025/11/27 16:10:22.348385         [1:T1] 
[S1] 2025/11/27 16:10:22.348395         [2:T1] 
[S1] 2025/11/27 16:10:22.348404         [3:T1] 
[S1] 2025/11/27 16:10:22.348413         [4:T1] 
[S1] 2025/11/27 16:10:22.348421         [5:T1] 
[S1] 2025/11/27 16:10:22.348429         [6:T1] 
[S1] 2025/11/27 16:10:22.348437         [7:T1] 
[S1] 2025/11/27 16:10:22.348445         [8:T1] 
[S1] 2025/11/27 16:10:22.348454         [9:T1] 
[S1] 2025/11/27 16:10:22.348462         [10:T1] 
[S1] 2025/11/27 16:10:22.348471         [11:T1] 
[S1] 2025/11/27 16:10:22.348484         [12:T1] 
[S1] 2025/11/27 16:10:22.348494         [13:T2] 
[S1] 2025/11/27 16:10:22.348512         [14:T2] 
[S1] 2025/11/27 16:10:22.348523         [15:T2] 
[S1] 2025/11/27 16:10:22.348531         [16:T2] 
[S1] 2025/11/27 16:10:22.348541         [17:T2] 
[S1] 2025/11/27 16:10:22.348550         [18:T2] 
[S1] 2025/11/27 16:10:22.348558         [19:T2] 
[S1] 2025/11/27 16:10:22.348566         [20:T2] 
[S1] 2025/11/27 16:10:22.348574         [21:T2] 
[S1] 2025/11/27 16:10:22.348583         [22:T2] 
[S1] 2025/11/27 16:10:22.348591         [23:T2] 
[S1] 2025/11/27 16:10:22.348599         [24:T2] 
[S1] 2025/11/27 16:10:22.348607         [25:T2] 
[S1] 2025/11/27 16:10:22.348615         [26:T2] 
[S1] 2025/11/27 16:10:22.348624         [27:T2] 
[S1] 2025/11/27 16:10:22.348632         [28:T2] 
[S1] 2025/11/27 16:10:22.348640         [29:T2] 
[S1] 2025/11/27 16:10:22.348648         [30:T2] 
[S1] 2025/11/27 16:10:22.348656 
[S1] 2025/11/27 16:10:22.348663      📌 nextIndex:  [31 31 31]
[S1] 2025/11/27 16:10:22.348683      📎 matchIndex: [30 0 30]
[S1] 2025/11/27 16:10:22.348695 ---------------------------------------------------
[S1] 2025/11/27 16:10:22.348721 
[At the end of broadcast] 🗂 S1 | Term=4 | Role=Leader | CommitIndex=29 | LastApplied=29
[S1] 2025/11/27 16:10:22.348735      📜 Log: 
[S1] 2025/11/27 16:10:22.348752         [0:T0] 
[S1] 2025/11/27 16:10:22.348761         [1:T1] 
[S1] 2025/11/27 16:10:22.348770         [2:T1] 
[S1] 2025/11/27 16:10:22.348778         [3:T1] 
[S1] 2025/11/27 16:10:22.348786         [4:T1] 
[S1] 2025/11/27 16:10:22.348794         [5:T1] 
[S1] 2025/11/27 16:10:22.348802         [6:T1] 
[S1] 2025/11/27 16:10:22.348811         [7:T1] 
[S1] 2025/11/27 16:10:22.348819         [8:T1] 
[S1] 2025/11/27 16:10:22.348827         [9:T1] 
[S1] 2025/11/27 16:10:22.348836         [10:T1] 
[S1] 2025/11/27 16:10:22.348844         [11:T1] 
[S1] 2025/11/27 16:10:22.348853         [12:T1] 
[S1] 2025/11/27 16:10:22.348861         [13:T2] 
[S1] 2025/11/27 16:10:22.348870         [14:T2] 
[S1] 2025/11/27 16:10:22.348878         [15:T2] 
[S1] 2025/11/27 16:10:22.348886         [16:T2] 
[S1] 2025/11/27 16:10:22.348894         [17:T2] 
[S1] 2025/11/27 16:10:22.348902         [18:T2] 
[S1] 2025/11/27 16:10:22.348910         [19:T2] 
[S1] 2025/11/27 16:10:22.348918         [20:T2] 
[S1] 2025/11/27 16:10:22.348927         [21:T2] 
[S1] 2025/11/27 16:10:22.348935         [22:T2] 
[S1] 2025/11/27 16:10:22.348944         [23:T2] 
[S1] 2025/11/27 16:10:22.348952         [24:T2] 
[S1] 2025/11/27 16:10:22.348960         [25:T2] 
[S1] 2025/11/27 16:10:22.348969         [26:T2] 
[S1] 2025/11/27 16:10:22.348977         [27:T2] 
[S1] 2025/11/27 16:10:22.348986         [28:T2] 
[S1] 2025/11/27 16:10:22.348993         [29:T2] 
[S1] 2025/11/27 16:10:22.349002         [30:T2] 
[S1] 2025/11/27 16:10:22.349009 
[S1] 2025/11/27 16:10:22.349016      📌 nextIndex:  [31 31 31]
[S1] 2025/11/27 16:10:22.349029      📎 matchIndex: [30 0 30]
[S1] 2025/11/27 16:10:22.349040 ---------------------------------------------------
[S1] 2025/11/27 16:10:22.350030 
[At the start of handleAppendEntriesReply] 🗂 S1 | Term=4 | Role=Leader | CommitIndex=29 | LastApplied=29
[S1] 2025/11/27 16:10:22.350047      📜 Log: 
[S1] 2025/11/27 16:10:22.350055         [0:T0] 
[S1] 2025/11/27 16:10:22.350062         [1:T1] 
[S1] 2025/11/27 16:10:22.350080         [2:T1] 
[S1] 2025/11/27 16:10:22.350087         [3:T1] 
[S1] 2025/11/27 16:10:22.350094         [4:T1] 
[S1] 2025/11/27 16:10:22.350101         [5:T1] 
[S1] 2025/11/27 16:10:22.350107         [6:T1] 
[S1] 2025/11/27 16:10:22.350114         [7:T1] 
[S1] 2025/11/27 16:10:22.350120         [8:T1] 
[S1] 2025/11/27 16:10:22.350127         [9:T1] 
[S1] 2025/11/27 16:10:22.350134         [10:T1] 
[S1] 2025/11/27 16:10:22.350141         [11:T1] 
[S1] 2025/11/27 16:10:22.350148         [12:T1] 
[S1] 2025/11/27 16:10:22.350155         [13:T2] 
[S1] 2025/11/27 16:10:22.350162         [14:T2] 
[S1] 2025/11/27 16:10:22.350169         [15:T2] 
[S1] 2025/11/27 16:10:22.350175         [16:T2] 
[S1] 2025/11/27 16:10:22.350182         [17:T2] 
[S1] 2025/11/27 16:10:22.350189         [18:T2] 
[S1] 2025/11/27 16:10:22.350195         [19:T2] 
[S1] 2025/11/27 16:10:22.350202         [20:T2] 
[S1] 2025/11/27 16:10:22.350208         [21:T2] 
[S1] 2025/11/27 16:10:22.350216         [22:T2] 
[S1] 2025/11/27 16:10:22.350222         [23:T2] 
[S1] 2025/11/27 16:10:22.350229         [24:T2] 
[S1] 2025/11/27 16:10:22.350236         [25:T2] 
[S1] 2025/11/27 16:10:22.350242         [26:T2] 
[S1] 2025/11/27 16:10:22.350249         [27:T2] 
[S1] 2025/11/27 16:10:22.350255         [28:T2] 
[S1] 2025/11/27 16:10:22.350262         [29:T2] 
[S1] 2025/11/27 16:10:22.350268         [30:T2] 
[S1] 2025/11/27 16:10:22.350275 
[S1] 2025/11/27 16:10:22.350280      📌 nextIndex:  [31 31 31]
[S1] 2025/11/27 16:10:22.350292      📎 matchIndex: [30 0 30]
[S1] 2025/11/27 16:10:22.350303 ---------------------------------------------------
[S1] 2025/11/27 16:10:22.350311 
[At the end of handleAppendEntriesReply] 🗂 S1 | Term=4 | Role=Leader | CommitIndex=29 | LastApplied=29
[S1] 2025/11/27 16:10:22.350321      📜 Log: 
[S1] 2025/11/27 16:10:22.350327         [0:T0] 
[S1] 2025/11/27 16:10:22.350334         [1:T1] 
[S1] 2025/11/27 16:10:22.350341         [2:T1] 
[S1] 2025/11/27 16:10:22.350348         [3:T1] 
[S1] 2025/11/27 16:10:22.350358         [4:T1] 
[S1] 2025/11/27 16:10:22.350365         [5:T1] 
[S1] 2025/11/27 16:10:22.350373         [6:T1] 
[S1] 2025/11/27 16:10:22.350380         [7:T1] 
[S1] 2025/11/27 16:10:22.350387         [8:T1] 
[S1] 2025/11/27 16:10:22.350393         [9:T1] 
[S1] 2025/11/27 16:10:22.350400         [10:T1] 
[S1] 2025/11/27 16:10:22.350407         [11:T1] 
[S1] 2025/11/27 16:10:22.350414         [12:T1] 
[S1] 2025/11/27 16:10:22.350420         [13:T2] 
[S1] 2025/11/27 16:10:22.350427         [14:T2] 
[S1] 2025/11/27 16:10:22.350433         [15:T2] 
[S1] 2025/11/27 16:10:22.350439         [16:T2] 
[S1] 2025/11/27 16:10:22.350447         [17:T2] 
[S1] 2025/11/27 16:10:22.350453         [18:T2] 
[S1] 2025/11/27 16:10:22.350460         [19:T2] 
[S1] 2025/11/27 16:10:22.350466         [20:T2] 
[S1] 2025/11/27 16:10:22.350473         [21:T2] 
[S1] 2025/11/27 16:10:22.350479         [22:T2] 
[S1] 2025/11/27 16:10:22.350485         [23:T2] 
[S1] 2025/11/27 16:10:22.350492         [24:T2] 
[S1] 2025/11/27 16:10:22.350498         [25:T2] 
[S1] 2025/11/27 16:10:22.350506         [26:T2] 
[S1] 2025/11/27 16:10:22.350512         [27:T2] 
[S1] 2025/11/27 16:10:22.350518         [28:T2] 
[S1] 2025/11/27 16:10:22.350524         [29:T2] 
[S1] 2025/11/27 16:10:22.350531         [30:T2] 
[S1] 2025/11/27 16:10:22.350539 
[S1] 2025/11/27 16:10:22.350544      📌 nextIndex:  [31 31 31]
[S1] 2025/11/27 16:10:22.350554      📎 matchIndex: [30 0 30]
[S1] 2025/11/27 16:10:22.350564 ---------------------------------------------------
[S1] 2025/11/27 16:10:22.350573 
[At the start of handleAppendEntriesReply] 🗂 S1 | Term=4 | Role=Leader | CommitIndex=29 | LastApplied=29
[S1] 2025/11/27 16:10:22.350587      📜 Log: 
[S1] 2025/11/27 16:10:22.350595         [0:T0] 
[S1] 2025/11/27 16:10:22.350603         [1:T1] 
[S1] 2025/11/27 16:10:22.350611         [2:T1] 
[S1] 2025/11/27 16:10:22.350618         [3:T1] 
[S1] 2025/11/27 16:10:22.350625         [4:T1] 
[S1] 2025/11/27 16:10:22.350632         [5:T1] 
[S1] 2025/11/27 16:10:22.350639         [6:T1] 
[S1] 2025/11/27 16:10:22.350645         [7:T1] 
[S1] 2025/11/27 16:10:22.350652         [8:T1] 
[S1] 2025/11/27 16:10:22.350659         [9:T1] 
[S1] 2025/11/27 16:10:22.350665         [10:T1] 
[S1] 2025/11/27 16:10:22.350672         [11:T1] 
[S1] 2025/11/27 16:10:22.350679         [12:T1] 
[S1] 2025/11/27 16:10:22.350686         [13:T2] 
[S1] 2025/11/27 16:10:22.350693         [14:T2] 
[S1] 2025/11/27 16:10:22.350700         [15:T2] 
[S1] 2025/11/27 16:10:22.350706         [16:T2] 
[S1] 2025/11/27 16:10:22.350713         [17:T2] 
[S1] 2025/11/27 16:10:22.350719         [18:T2] 
[S1] 2025/11/27 16:10:22.350726         [19:T2] 
[S1] 2025/11/27 16:10:22.350732         [20:T2] 
[S1] 2025/11/27 16:10:22.350739         [21:T2] 
[S1] 2025/11/27 16:10:22.350746         [22:T2] 
[S1] 2025/11/27 16:10:22.350752         [23:T2] 
[S1] 2025/11/27 16:10:22.350759         [24:T2] 
[S1] 2025/11/27 16:10:22.350765         [25:T2] 
[S1] 2025/11/27 16:10:22.350772         [26:T2] 
[S1] 2025/11/27 16:10:22.350779         [27:T2] 
[S1] 2025/11/27 16:10:22.350785         [28:T2] 
[S1] 2025/11/27 16:10:22.350791         [29:T2] 
[S1] 2025/11/27 16:10:22.350798         [30:T2] 
[S1] 2025/11/27 16:10:22.350804 
[S1] 2025/11/27 16:10:22.350811      📌 nextIndex:  [31 31 31]
[S1] 2025/11/27 16:10:22.350822      📎 matchIndex: [30 0 30]
[S1] 2025/11/27 16:10:22.350831 ---------------------------------------------------
[S1] 2025/11/27 16:10:22.350838 
[At the end of handleAppendEntriesReply] 🗂 S1 | Term=4 | Role=Leader | CommitIndex=29 | LastApplied=29
[S1] 2025/11/27 16:10:22.350849      📜 Log: 
[S1] 2025/11/27 16:10:22.350855         [0:T0] 
[S1] 2025/11/27 16:10:22.350862         [1:T1] 
[S1] 2025/11/27 16:10:22.350869         [2:T1] 
[S1] 2025/11/27 16:10:22.350876         [3:T1] 
[S1] 2025/11/27 16:10:22.350883         [4:T1] 
[S1] 2025/11/27 16:10:22.350889         [5:T1] 
[S1] 2025/11/27 16:10:22.350896         [6:T1] 
[S1] 2025/11/27 16:10:22.350903         [7:T1] 
[S1] 2025/11/27 16:10:22.350912         [8:T1] 
[S1] 2025/11/27 16:10:22.350918         [9:T1] 
[S1] 2025/11/27 16:10:22.350924         [10:T1] 
[S1] 2025/11/27 16:10:22.350931         [11:T1] 
[S1] 2025/11/27 16:10:22.350938         [12:T1] 
[S1] 2025/11/27 16:10:22.350944         [13:T2] 
[S1] 2025/11/27 16:10:22.350951         [14:T2] 
[S1] 2025/11/27 16:10:22.350959         [15:T2] 
[S1] 2025/11/27 16:10:22.350965         [16:T2] 
[S1] 2025/11/27 16:10:22.350972         [17:T2] 
[S1] 2025/11/27 16:10:22.350979         [18:T2] 
[S1] 2025/11/27 16:10:22.350985         [19:T2] 
[S1] 2025/11/27 16:10:22.350992         [20:T2] 
[S1] 2025/11/27 16:10:22.350999         [21:T2] 
[S1] 2025/11/27 16:10:22.351006         [22:T2] 
[S1] 2025/11/27 16:10:22.351014         [23:T2] 
[S1] 2025/11/27 16:10:22.351020         [24:T2] 
[S1] 2025/11/27 16:10:22.351026         [25:T2] 
[S1] 2025/11/27 16:10:22.351034         [26:T2] 
[S1] 2025/11/27 16:10:22.351041         [27:T2] 
[S1] 2025/11/27 16:10:22.351048         [28:T2] 
[S1] 2025/11/27 16:10:22.351054         [29:T2] 
[S1] 2025/11/27 16:10:22.351062         [30:T2] 
[S1] 2025/11/27 16:10:22.351072 
[S1] 2025/11/27 16:10:22.351082      📌 nextIndex:  [31 31 31]
[S1] 2025/11/27 16:10:22.351092      📎 matchIndex: [30 0 30]
[S1] 2025/11/27 16:10:22.351101 ---------------------------------------------------
[S1] 2025/11/27 16:10:22.457664 
[At the start of broadcast] 🗂 S1 | Term=4 | Role=Leader | CommitIndex=29 | LastApplied=29
[S1] 2025/11/27 16:10:22.457727      📜 Log: 
[S1] 2025/11/27 16:10:22.457742         [0:T0] 
[S1] 2025/11/27 16:10:22.457754         [1:T1] 
[S1] 2025/11/27 16:10:22.457765         [2:T1] 
[S1] 2025/11/27 16:10:22.457774         [3:T1] 
[S1] 2025/11/27 16:10:22.457782         [4:T1] 
[S1] 2025/11/27 16:10:22.457792         [5:T1] 
[S1] 2025/11/27 16:10:22.457802         [6:T1] 
[S1] 2025/11/27 16:10:22.457811         [7:T1] 
[S1] 2025/11/27 16:10:22.457821         [8:T1] 
[S1] 2025/11/27 16:10:22.457829         [9:T1] 
[S1] 2025/11/27 16:10:22.457838         [10:T1] 
[S1] 2025/11/27 16:10:22.457846         [11:T1] 
[S1] 2025/11/27 16:10:22.457856         [12:T1] 
[S1] 2025/11/27 16:10:22.457865         [13:T2] 
[S1] 2025/11/27 16:10:22.457874         [14:T2] 
[S1] 2025/11/27 16:10:22.457882         [15:T2] 
[S1] 2025/11/27 16:10:22.457891         [16:T2] 
[S1] 2025/11/27 16:10:22.457900         [17:T2] 
[S1] 2025/11/27 16:10:22.457909         [18:T2] 
[S1] 2025/11/27 16:10:22.457922         [19:T2] 
[S1] 2025/11/27 16:10:22.457930         [20:T2] 
[S1] 2025/11/27 16:10:22.457938         [21:T2] 
[S1] 2025/11/27 16:10:22.457947         [22:T2] 
[S1] 2025/11/27 16:10:22.457955         [23:T2] 
[S1] 2025/11/27 16:10:22.457963         [24:T2] 
[S1] 2025/11/27 16:10:22.457972         [25:T2] 
[S1] 2025/11/27 16:10:22.457981         [26:T2] 
[S1] 2025/11/27 16:10:22.457989         [27:T2] 
[S1] 2025/11/27 16:10:22.457997         [28:T2] 
[S1] 2025/11/27 16:10:22.458005         [29:T2] 
[S1] 2025/11/27 16:10:22.458015         [30:T2] 
[S1] 2025/11/27 16:10:22.458024 
[S1] 2025/11/27 16:10:22.458032      📌 nextIndex:  [31 31 31]
[S1] 2025/11/27 16:10:22.458051      📎 matchIndex: [30 0 30]
[S1] 2025/11/27 16:10:22.458062 ---------------------------------------------------
[S1] 2025/11/27 16:10:22.458098 
[At the end of broadcast] 🗂 S1 | Term=4 | Role=Leader | CommitIndex=29 | LastApplied=29
[S1] 2025/11/27 16:10:22.459020      📜 Log: 
[S1] 2025/11/27 16:10:22.459048         [0:T0] 
[S1] 2025/11/27 16:10:22.459064         [1:T1] 
[S1] 2025/11/27 16:10:22.459087         [2:T1] 
[S1] 2025/11/27 16:10:22.459101         [3:T1] 
[S1] 2025/11/27 16:10:22.459116         [4:T1] 
[S1] 2025/11/27 16:10:22.459130         [5:T1] 
[S1] 2025/11/27 16:10:22.459143         [6:T1] 
[S1] 2025/11/27 16:10:22.459159         [7:T1] 
[S1] 2025/11/27 16:10:22.459172         [8:T1] 
[S1] 2025/11/27 16:10:22.459185         [9:T1] 
[S1] 2025/11/27 16:10:22.459200         [10:T1] 
[S1] 2025/11/27 16:10:22.459257         [11:T1] 
[S1] 2025/11/27 16:10:22.459286         [12:T1] 
[S1] 2025/11/27 16:10:22.459313         [13:T2] 
[S1] 2025/11/27 16:10:22.459331         [14:T2] 
[S1] 2025/11/27 16:10:22.459347         [15:T2] 
[S1] 2025/11/27 16:10:22.459366         [16:T2] 
[S1] 2025/11/27 16:10:22.459381         [17:T2] 
[S1] 2025/11/27 16:10:22.459395         [18:T2] 
[S1] 2025/11/27 16:10:22.459410         [19:T2] 
[S1] 2025/11/27 16:10:22.459424         [20:T2] 
[S1] 2025/11/27 16:10:22.459438         [21:T2] 
[S1] 2025/11/27 16:10:22.459453         [22:T2] 
[S1] 2025/11/27 16:10:22.459466         [23:T2] 
[S1] 2025/11/27 16:10:22.459479         [24:T2] 
[S1] 2025/11/27 16:10:22.459494         [25:T2] 
[S1] 2025/11/27 16:10:22.459507         [26:T2] 
[S1] 2025/11/27 16:10:22.459524         [27:T2] 
[S1] 2025/11/27 16:10:22.459538         [28:T2] 
[S1] 2025/11/27 16:10:22.459553         [29:T2] 
[S1] 2025/11/27 16:10:22.459567         [30:T2] 
[S1] 2025/11/27 16:10:22.459581 
[S1] 2025/11/27 16:10:22.459594      📌 nextIndex:  [31 31 31]
[S1] 2025/11/27 16:10:22.459620      📎 matchIndex: [30 0 30]
[S1] 2025/11/27 16:10:22.459639 ---------------------------------------------------
[S1] 2025/11/27 16:10:22.459895 
[At the start of handleAppendEntriesReply] 🗂 S1 | Term=4 | Role=Leader | CommitIndex=29 | LastApplied=29
[S1] 2025/11/27 16:10:22.459911      📜 Log: 
[S1] 2025/11/27 16:10:22.459919         [0:T0] 
[S1] 2025/11/27 16:10:22.459927         [1:T1] 
[S1] 2025/11/27 16:10:22.459934         [2:T1] 
[S1] 2025/11/27 16:10:22.459941         [3:T1] 
[S1] 2025/11/27 16:10:22.459948         [4:T1] 
[S1] 2025/11/27 16:10:22.459955         [5:T1] 
[S1] 2025/11/27 16:10:22.459962         [6:T1] 
[S1] 2025/11/27 16:10:22.459969         [7:T1] 
[S1] 2025/11/27 16:10:22.459975         [8:T1] 
[S1] 2025/11/27 16:10:22.459982         [9:T1] 
[S1] 2025/11/27 16:10:22.459989         [10:T1] 
[S1] 2025/11/27 16:10:22.459996         [11:T1] 
[S1] 2025/11/27 16:10:22.460003         [12:T1] 
[S1] 2025/11/27 16:10:22.460010         [13:T2] 
[S1] 2025/11/27 16:10:22.460016         [14:T2] 
[S1] 2025/11/27 16:10:22.460024         [15:T2] 
[S1] 2025/11/27 16:10:22.460030         [16:T2] 
[S1] 2025/11/27 16:10:22.460037         [17:T2] 
[S1] 2025/11/27 16:10:22.460043         [18:T2] 
[S1] 2025/11/27 16:10:22.460049         [19:T2] 
[S1] 2025/11/27 16:10:22.460057         [20:T2] 
[S1] 2025/11/27 16:10:22.460063         [21:T2] 
[S1] 2025/11/27 16:10:22.460080         [22:T2] 
[S1] 2025/11/27 16:10:22.460087         [23:T2] 
[S1] 2025/11/27 16:10:22.460093         [24:T2] 
[S1] 2025/11/27 16:10:22.460099         [25:T2] 
[S1] 2025/11/27 16:10:22.460106         [26:T2] 
[S1] 2025/11/27 16:10:22.460113         [27:T2] 
[S1] 2025/11/27 16:10:22.460118         [28:T2] 
[S1] 2025/11/27 16:10:22.460126         [29:T2] 
[S1] 2025/11/27 16:10:22.460132         [30:T2] 
[S1] 2025/11/27 16:10:22.460139 
[S1] 2025/11/27 16:10:22.460145      📌 nextIndex:  [31 31 31]
[S1] 2025/11/27 16:10:22.460157      📎 matchIndex: [30 0 30]
[S1] 2025/11/27 16:10:22.460166 ---------------------------------------------------
[S1] 2025/11/27 16:10:22.460175 
[At the end of handleAppendEntriesReply] 🗂 S1 | Term=4 | Role=Leader | CommitIndex=29 | LastApplied=29
[S1] 2025/11/27 16:10:22.460185      📜 Log: 
[S1] 2025/11/27 16:10:22.460191         [0:T0] 
[S1] 2025/11/27 16:10:22.460198         [1:T1] 
[S1] 2025/11/27 16:10:22.460204         [2:T1] 
[S1] 2025/11/27 16:10:22.460212         [3:T1] 
[S1] 2025/11/27 16:10:22.460219         [4:T1] 
[S1] 2025/11/27 16:10:22.460224         [5:T1] 
[S1] 2025/11/27 16:10:22.460230         [6:T1] 
[S1] 2025/11/27 16:10:22.460236         [7:T1] 
[S1] 2025/11/27 16:10:22.460242         [8:T1] 
[S1] 2025/11/27 16:10:22.460248         [9:T1] 
[S1] 2025/11/27 16:10:22.460254         [10:T1] 
[S1] 2025/11/27 16:10:22.460260         [11:T1] 
[S1] 2025/11/27 16:10:22.460265         [12:T1] 
[S1] 2025/11/27 16:10:22.460272         [13:T2] 
[S1] 2025/11/27 16:10:22.460279         [14:T2] 
[S1] 2025/11/27 16:10:22.460284         [15:T2] 
[S1] 2025/11/27 16:10:22.460290         [16:T2] 
[S1] 2025/11/27 16:10:22.460296         [17:T2] 
[S1] 2025/11/27 16:10:22.460304         [18:T2] 
[S1] 2025/11/27 16:10:22.460310         [19:T2] 
[S1] 2025/11/27 16:10:22.460316         [20:T2] 
[S1] 2025/11/27 16:10:22.460321         [21:T2] 
[S1] 2025/11/27 16:10:22.460327         [22:T2] 
[S1] 2025/11/27 16:10:22.460334         [23:T2] 
[S1] 2025/11/27 16:10:22.460340         [24:T2] 
[S1] 2025/11/27 16:10:22.460346         [25:T2] 
[S1] 2025/11/27 16:10:22.460352         [26:T2] 
[S1] 2025/11/27 16:10:22.460358         [27:T2] 
[S1] 2025/11/27 16:10:22.460364         [28:T2] 
[S1] 2025/11/27 16:10:22.460370         [29:T2] 
[S1] 2025/11/27 16:10:22.460375         [30:T2] 
[S1] 2025/11/27 16:10:22.460382 
[S1] 2025/11/27 16:10:22.460387      📌 nextIndex:  [31 31 31]
[S1] 2025/11/27 16:10:22.460396      📎 matchIndex: [30 0 30]
[S1] 2025/11/27 16:10:22.460404 ---------------------------------------------------
[S1] 2025/11/27 16:10:22.460416 
[At the start of handleAppendEntriesReply] 🗂 S1 | Term=4 | Role=Leader | CommitIndex=29 | LastApplied=29
[S1] 2025/11/27 16:10:22.460428      📜 Log: 
[S1] 2025/11/27 16:10:22.460435         [0:T0] 
[S1] 2025/11/27 16:10:22.460442         [1:T1] 
[S1] 2025/11/27 16:10:22.460449         [2:T1] 
[S1] 2025/11/27 16:10:22.460456         [3:T1] 
[S1] 2025/11/27 16:10:22.460463         [4:T1] 
[S1] 2025/11/27 16:10:22.460469         [5:T1] 
[S1] 2025/11/27 16:10:22.460475         [6:T1] 
[S1] 2025/11/27 16:10:22.460481         [7:T1] 
[S1] 2025/11/27 16:10:22.460486         [8:T1] 
[S1] 2025/11/27 16:10:22.460492         [9:T1] 
[S1] 2025/11/27 16:10:22.460498         [10:T1] 
[S1] 2025/11/27 16:10:22.460504         [11:T1] 
[S1] 2025/11/27 16:10:22.460511         [12:T1] 
[S1] 2025/11/27 16:10:22.460516         [13:T2] 
[S1] 2025/11/27 16:10:22.460523         [14:T2] 
[S1] 2025/11/27 16:10:22.460528         [15:T2] 
[S1] 2025/11/27 16:10:22.460535         [16:T2] 
[S1] 2025/11/27 16:10:22.460541         [17:T2] 
[S1] 2025/11/27 16:10:22.460546         [18:T2] 
[S1] 2025/11/27 16:10:22.460552         [19:T2] 
[S1] 2025/11/27 16:10:22.460558         [20:T2] 
[S1] 2025/11/27 16:10:22.460563         [21:T2] 
[S1] 2025/11/27 16:10:22.460570         [22:T2] 
[S1] 2025/11/27 16:10:22.460575         [23:T2] 
[S1] 2025/11/27 16:10:22.460581         [24:T2] 
[S1] 2025/11/27 16:10:22.460587         [25:T2] 
[S1] 2025/11/27 16:10:22.460593         [26:T2] 
[S1] 2025/11/27 16:10:22.460599         [27:T2] 
[S1] 2025/11/27 16:10:22.460605         [28:T2] 
[S1] 2025/11/27 16:10:22.460610         [29:T2] 
[S1] 2025/11/27 16:10:22.460616         [30:T2] 
[S1] 2025/11/27 16:10:22.460622 
[S1] 2025/11/27 16:10:22.460626      📌 nextIndex:  [31 31 31]
[S1] 2025/11/27 16:10:22.460636      📎 matchIndex: [30 0 30]
[S1] 2025/11/27 16:10:22.460645 ---------------------------------------------------
[S1] 2025/11/27 16:10:22.460652 
[At the end of handleAppendEntriesReply] 🗂 S1 | Term=4 | Role=Leader | CommitIndex=29 | LastApplied=29
[S1] 2025/11/27 16:10:22.460661      📜 Log: 
[S1] 2025/11/27 16:10:22.460666         [0:T0] 
[S1] 2025/11/27 16:10:22.460673         [1:T1] 
[S1] 2025/11/27 16:10:22.460679         [2:T1] 
[S1] 2025/11/27 16:10:22.460685         [3:T1] 
[S1] 2025/11/27 16:10:22.460691         [4:T1] 
[S1] 2025/11/27 16:10:22.460697         [5:T1] 
[S1] 2025/11/27 16:10:22.460704         [6:T1] 
[S1] 2025/11/27 16:10:22.460709         [7:T1] 
[S1] 2025/11/27 16:10:22.460715         [8:T1] 
[S1] 2025/11/27 16:10:22.460721         [9:T1] 
[S1] 2025/11/27 16:10:22.460727         [10:T1] 
[S1] 2025/11/27 16:10:22.460733         [11:T1] 
[S1] 2025/11/27 16:10:22.460739         [12:T1] 
[S1] 2025/11/27 16:10:22.460744         [13:T2] 
[S1] 2025/11/27 16:10:22.460750         [14:T2] 
[S1] 2025/11/27 16:10:22.460756         [15:T2] 
[S1] 2025/11/27 16:10:22.460763         [16:T2] 
[S1] 2025/11/27 16:10:22.460768         [17:T2] 
[S1] 2025/11/27 16:10:22.460775         [18:T2] 
[S1] 2025/11/27 16:10:22.460780         [19:T2] 
[S1] 2025/11/27 16:10:22.460787         [20:T2] 
[S1] 2025/11/27 16:10:22.460792         [21:T2] 
[S1] 2025/11/27 16:10:22.460800         [22:T2] 
[S1] 2025/11/27 16:10:22.460806         [23:T2] 
[S1] 2025/11/27 16:10:22.460811         [24:T2] 
[S1] 2025/11/27 16:10:22.460817         [25:T2] 
[S1] 2025/11/27 16:10:22.460823         [26:T2] 
[S1] 2025/11/27 16:10:22.460829         [27:T2] 
[S1] 2025/11/27 16:10:22.460834         [28:T2] 
[S1] 2025/11/27 16:10:22.460840         [29:T2] 
[S1] 2025/11/27 16:10:22.460846         [30:T2] 
[S1] 2025/11/27 16:10:22.460852 
[S1] 2025/11/27 16:10:22.460857      📌 nextIndex:  [31 31 31]
[S1] 2025/11/27 16:10:22.460866      📎 matchIndex: [30 0 30]
[S1] 2025/11/27 16:10:22.460874 ---------------------------------------------------
[S1] 2025/11/27 16:10:22.565615 
[At the start of broadcast] 🗂 S1 | Term=4 | Role=Leader | CommitIndex=29 | LastApplied=29
[S1] 2025/11/27 16:10:22.565660      📜 Log: 
[S1] 2025/11/27 16:10:22.565670         [0:T0] 
[S1] 2025/11/27 16:10:22.565681         [1:T1] 
[S1] 2025/11/27 16:10:22.565689         [2:T1] 
[S1] 2025/11/27 16:10:22.565697         [3:T1] 
[S1] 2025/11/27 16:10:22.565707         [4:T1] 
[S1] 2025/11/27 16:10:22.565715         [5:T1] 
[S1] 2025/11/27 16:10:22.565722         [6:T1] 
[S1] 2025/11/27 16:10:22.565730         [7:T1] 
[S1] 2025/11/27 16:10:22.565736         [8:T1] 
[S1] 2025/11/27 16:10:22.565744         [9:T1] 
[S1] 2025/11/27 16:10:22.565753         [10:T1] 
[S1] 2025/11/27 16:10:22.565760         [11:T1] 
[S1] 2025/11/27 16:10:22.565767         [12:T1] 
[S1] 2025/11/27 16:10:22.565774         [13:T2] 
[S1] 2025/11/27 16:10:22.565782         [14:T2] 
[S1] 2025/11/27 16:10:22.565789         [15:T2] 
[S1] 2025/11/27 16:10:22.565795         [16:T2] 
[S1] 2025/11/27 16:10:22.565803         [17:T2] 
[S1] 2025/11/27 16:10:22.565810         [18:T2] 
[S1] 2025/11/27 16:10:22.565817         [19:T2] 
[S1] 2025/11/27 16:10:22.565824         [20:T2] 
[S1] 2025/11/27 16:10:22.565832         [21:T2] 
[S1] 2025/11/27 16:10:22.565839         [22:T2] 
[S1] 2025/11/27 16:10:22.565845         [23:T2] 
[S1] 2025/11/27 16:10:22.565853         [24:T2] 
[S1] 2025/11/27 16:10:22.565860         [25:T2] 
[S1] 2025/11/27 16:10:22.565867         [26:T2] 
[S1] 2025/11/27 16:10:22.565874         [27:T2] 
[S1] 2025/11/27 16:10:22.565880         [28:T2] 
[S1] 2025/11/27 16:10:22.565887         [29:T2] 
[S1] 2025/11/27 16:10:22.565894         [30:T2] 
[S1] 2025/11/27 16:10:22.565900 
[S1] 2025/11/27 16:10:22.565907      📌 nextIndex:  [31 31 31]
[S1] 2025/11/27 16:10:22.565923      📎 matchIndex: [30 0 30]
[S1] 2025/11/27 16:10:22.565934 ---------------------------------------------------
[S1] 2025/11/27 16:10:22.565952 
[At the end of broadcast] 🗂 S1 | Term=4 | Role=Leader | CommitIndex=29 | LastApplied=29
[S1] 2025/11/27 16:10:22.565963      📜 Log: 
[S1] 2025/11/27 16:10:22.565969         [0:T0] 
[S1] 2025/11/27 16:10:22.565977         [1:T1] 
[S1] 2025/11/27 16:10:22.565985         [2:T1] 
[S1] 2025/11/27 16:10:22.565992         [3:T1] 
[S1] 2025/11/27 16:10:22.565999         [4:T1] 
[S1] 2025/11/27 16:10:22.566005         [5:T1] 
[S1] 2025/11/27 16:10:22.566016         [6:T1] 
[S1] 2025/11/27 16:10:22.566024         [7:T1] 
[S1] 2025/11/27 16:10:22.566031         [8:T1] 
[S1] 2025/11/27 16:10:22.566038         [9:T1] 
[S1] 2025/11/27 16:10:22.566045         [10:T1] 
[S1] 2025/11/27 16:10:22.566053         [11:T1] 
[S1] 2025/11/27 16:10:22.566061         [12:T1] 
[S1] 2025/11/27 16:10:22.566073         [13:T2] 
[S1] 2025/11/27 16:10:22.566085         [14:T2] 
[S1] 2025/11/27 16:10:22.566093         [15:T2] 
[S1] 2025/11/27 16:10:22.566100         [16:T2] 
[S1] 2025/11/27 16:10:22.566108         [17:T2] 
[S1] 2025/11/27 16:10:22.566115         [18:T2] 
[S1] 2025/11/27 16:10:22.566123         [19:T2] 
[S1] 2025/11/27 16:10:22.566129         [20:T2] 
[S1] 2025/11/27 16:10:22.566137         [21:T2] 
[S1] 2025/11/27 16:10:22.566144         [22:T2] 
[S1] 2025/11/27 16:10:22.566151         [23:T2] 
[S1] 2025/11/27 16:10:22.566159         [24:T2] 
[S1] 2025/11/27 16:10:22.566166         [25:T2] 
[S1] 2025/11/27 16:10:22.566173         [26:T2] 
[S1] 2025/11/27 16:10:22.566190         [27:T2] 
[S1] 2025/11/27 16:10:22.566196         [28:T2] 
[S1] 2025/11/27 16:10:22.566204         [29:T2] 
[S1] 2025/11/27 16:10:22.566211         [30:T2] 
[S1] 2025/11/27 16:10:22.566218 
[S1] 2025/11/27 16:10:22.566224      📌 nextIndex:  [31 31 31]
[S1] 2025/11/27 16:10:22.566235      📎 matchIndex: [30 0 30]
[S1] 2025/11/27 16:10:22.566246 ---------------------------------------------------
[S1] 2025/11/27 16:10:22.567154 
[At the start of handleAppendEntriesReply] 🗂 S1 | Term=4 | Role=Leader | CommitIndex=29 | LastApplied=29
[S1] 2025/11/27 16:10:22.567169      📜 Log: 
[S1] 2025/11/27 16:10:22.567177         [0:T0] 
[S1] 2025/11/27 16:10:22.567185         [1:T1] 
[S1] 2025/11/27 16:10:22.567192         [2:T1] 
[S1] 2025/11/27 16:10:22.567198         [3:T1] 
[S1] 2025/11/27 16:10:22.567206         [4:T1] 
[S1] 2025/11/27 16:10:22.567213         [5:T1] 
[S1] 2025/11/27 16:10:22.567220         [6:T1] 
[S1] 2025/11/27 16:10:22.567226         [7:T1] 
[S1] 2025/11/27 16:10:22.567233         [8:T1] 
[S1] 2025/11/27 16:10:22.567239         [9:T1] 
[S1] 2025/11/27 16:10:22.567245         [10:T1] 
[S1] 2025/11/27 16:10:22.567251         [11:T1] 
[S1] 2025/11/27 16:10:22.567258         [12:T1] 
[S1] 2025/11/27 16:10:22.567264         [13:T2] 
[S1] 2025/11/27 16:10:22.567271         [14:T2] 
[S1] 2025/11/27 16:10:22.567280         [15:T2] 
[S1] 2025/11/27 16:10:22.567290         [16:T2] 
[S1] 2025/11/27 16:10:22.567298         [17:T2] 
[S1] 2025/11/27 16:10:22.567307         [18:T2] 
[S1] 2025/11/27 16:10:22.567315         [19:T2] 
[S1] 2025/11/27 16:10:22.567323         [20:T2] 
[S1] 2025/11/27 16:10:22.567331         [21:T2] 
[S1] 2025/11/27 16:10:22.567340         [22:T2] 
[S1] 2025/11/27 16:10:22.567349         [23:T2] 
[S1] 2025/11/27 16:10:22.567358         [24:T2] 
[S1] 2025/11/27 16:10:22.567366         [25:T2] 
[S1] 2025/11/27 16:10:22.567376         [26:T2] 
[S1] 2025/11/27 16:10:22.567385         [27:T2] 
[S1] 2025/11/27 16:10:22.567393         [28:T2] 
[S1] 2025/11/27 16:10:22.567404         [29:T2] 
[S1] 2025/11/27 16:10:22.567413         [30:T2] 
[S1] 2025/11/27 16:10:22.567422 
[S1] 2025/11/27 16:10:22.567430      📌 nextIndex:  [31 31 31]
[S1] 2025/11/27 16:10:22.567447      📎 matchIndex: [30 0 30]
[S1] 2025/11/27 16:10:22.567460 ---------------------------------------------------
[S1] 2025/11/27 16:10:22.567472 
[At the end of handleAppendEntriesReply] 🗂 S1 | Term=4 | Role=Leader | CommitIndex=29 | LastApplied=29
[S1] 2025/11/27 16:10:22.567486      📜 Log: 
[S1] 2025/11/27 16:10:22.567496         [0:T0] 
[S1] 2025/11/27 16:10:22.567506         [1:T1] 
[S1] 2025/11/27 16:10:22.567516         [2:T1] 
[S1] 2025/11/27 16:10:22.567525         [3:T1] 
[S1] 2025/11/27 16:10:22.567534         [4:T1] 
[S1] 2025/11/27 16:10:22.567544         [5:T1] 
[S1] 2025/11/27 16:10:22.567553         [6:T1] 
[S1] 2025/11/27 16:10:22.567561         [7:T1] 
[S1] 2025/11/27 16:10:22.567572         [8:T1] 
[S1] 2025/11/27 16:10:22.567582         [9:T1] 
[S1] 2025/11/27 16:10:22.567591         [10:T1] 
[S1] 2025/11/27 16:10:22.567600         [11:T1] 
[S1] 2025/11/27 16:10:22.567609         [12:T1] 
[S1] 2025/11/27 16:10:22.567619         [13:T2] 
[S1] 2025/11/27 16:10:22.567629         [14:T2] 
[S1] 2025/11/27 16:10:22.567638         [15:T2] 
[S1] 2025/11/27 16:10:22.567648         [16:T2] 
[S1] 2025/11/27 16:10:22.567657         [17:T2] 
[S1] 2025/11/27 16:10:22.567666         [18:T2] 
[S1] 2025/11/27 16:10:22.567675         [19:T2] 
[S1] 2025/11/27 16:10:22.567684         [20:T2] 
[S1] 2025/11/27 16:10:22.567693         [21:T2] 
[S1] 2025/11/27 16:10:22.567703         [22:T2] 
[S1] 2025/11/27 16:10:22.567712         [23:T2] 
[S1] 2025/11/27 16:10:22.567722         [24:T2] 
[S1] 2025/11/27 16:10:22.567733         [25:T2] 
[S1] 2025/11/27 16:10:22.567742         [26:T2] 
[S1] 2025/11/27 16:10:22.567753         [27:T2] 
[S1] 2025/11/27 16:10:22.567765         [28:T2] 
[S1] 2025/11/27 16:10:22.567773         [29:T2] 
[S1] 2025/11/27 16:10:22.567781         [30:T2] 
[S1] 2025/11/27 16:10:22.567798 
[S1] 2025/11/27 16:10:22.567807      📌 nextIndex:  [31 31 31]
[S1] 2025/11/27 16:10:22.567823      📎 matchIndex: [30 0 30]
[S1] 2025/11/27 16:10:22.567836 ---------------------------------------------------
[S1] 2025/11/27 16:10:22.567853 
[At the start of handleAppendEntriesReply] 🗂 S1 | Term=4 | Role=Leader | CommitIndex=29 | LastApplied=29
[S1] 2025/11/27 16:10:22.567870      📜 Log: 
[S1] 2025/11/27 16:10:22.567879         [0:T0] 
[S1] 2025/11/27 16:10:22.567889         [1:T1] 
[S1] 2025/11/27 16:10:22.567899         [2:T1] 
[S1] 2025/11/27 16:10:22.567908         [3:T1] 
[S1] 2025/11/27 16:10:22.567918         [4:T1] 
[S1] 2025/11/27 16:10:22.567928         [5:T1] 
[S1] 2025/11/27 16:10:22.567938         [6:T1] 
[S1] 2025/11/27 16:10:22.567948         [7:T1] 
[S1] 2025/11/27 16:10:22.567957         [8:T1] 
[S1] 2025/11/27 16:10:22.567966         [9:T1] 
[S1] 2025/11/27 16:10:22.567976         [10:T1] 
[S1] 2025/11/27 16:10:22.567985         [11:T1] 
[S1] 2025/11/27 16:10:22.567993         [12:T1] 
[S1] 2025/11/27 16:10:22.568003         [13:T2] 
[S1] 2025/11/27 16:10:22.568011         [14:T2] 
[S1] 2025/11/27 16:10:22.568021         [15:T2] 
[S1] 2025/11/27 16:10:22.568029         [16:T2] 
[S1] 2025/11/27 16:10:22.568039         [17:T2] 
[S1] 2025/11/27 16:10:22.568048         [18:T2] 
[S1] 2025/11/27 16:10:22.568057         [19:T2] 
[S1] 2025/11/27 16:10:22.568066         [20:T2] 
[S1] 2025/11/27 16:10:22.568082         [21:T2] 
[S1] 2025/11/27 16:10:22.568092         [22:T2] 
[S1] 2025/11/27 16:10:22.568104         [23:T2] 
[S1] 2025/11/27 16:10:22.568116         [24:T2] 
[S1] 2025/11/27 16:10:22.568128         [25:T2] 
[S1] 2025/11/27 16:10:22.568137         [26:T2] 
[S1] 2025/11/27 16:10:22.568146         [27:T2] 
[S1] 2025/11/27 16:10:22.568155         [28:T2] 
[S1] 2025/11/27 16:10:22.568164         [29:T2] 
[S1] 2025/11/27 16:10:22.568173         [30:T2] 
[S1] 2025/11/27 16:10:22.568181 
[S1] 2025/11/27 16:10:22.568189      📌 nextIndex:  [31 31 31]
[S1] 2025/11/27 16:10:22.568203      📎 matchIndex: [30 0 30]
[S1] 2025/11/27 16:10:22.568214 ---------------------------------------------------
[S1] 2025/11/27 16:10:22.568224 
[At the end of handleAppendEntriesReply] 🗂 S1 | Term=4 | Role=Leader | CommitIndex=29 | LastApplied=29
[S1] 2025/11/27 16:10:22.568237      📜 Log: 
[S1] 2025/11/27 16:10:22.568244         [0:T0] 
[S1] 2025/11/27 16:10:22.568252         [1:T1] 
[S1] 2025/11/27 16:10:22.568261         [2:T1] 
[S1] 2025/11/27 16:10:22.568270         [3:T1] 
[S1] 2025/11/27 16:10:22.568279         [4:T1] 
[S1] 2025/11/27 16:10:22.568288         [5:T1] 
[S1] 2025/11/27 16:10:22.568297         [6:T1] 
[S1] 2025/11/27 16:10:22.568305         [7:T1] 
[S1] 2025/11/27 16:10:22.568313         [8:T1] 
[S1] 2025/11/27 16:10:22.568320         [9:T1] 
[S1] 2025/11/27 16:10:22.568329         [10:T1] 
[S1] 2025/11/27 16:10:22.568336         [11:T1] 
[S1] 2025/11/27 16:10:22.568344         [12:T1] 
[S1] 2025/11/27 16:10:22.568352         [13:T2] 
[S1] 2025/11/27 16:10:22.568359         [14:T2] 
[S1] 2025/11/27 16:10:22.568367         [15:T2] 
[S1] 2025/11/27 16:10:22.568375         [16:T2] 
[S1] 2025/11/27 16:10:22.568383         [17:T2] 
[S1] 2025/11/27 16:10:22.568390         [18:T2] 
[S1] 2025/11/27 16:10:22.568397         [19:T2] 
[S1] 2025/11/27 16:10:22.568406         [20:T2] 
[S1] 2025/11/27 16:10:22.568413         [21:T2] 
[S1] 2025/11/27 16:10:22.568420         [22:T2] 
[S1] 2025/11/27 16:10:22.568428         [23:T2] 
[S1] 2025/11/27 16:10:22.568435         [24:T2] 
[S1] 2025/11/27 16:10:22.568443         [25:T2] 
[S1] 2025/11/27 16:10:22.568451         [26:T2] 
[S1] 2025/11/27 16:10:22.568459         [27:T2] 
[S1] 2025/11/27 16:10:22.568466         [28:T2] 
[S1] 2025/11/27 16:10:22.568475         [29:T2] 
[S1] 2025/11/27 16:10:22.568483         [30:T2] 
[S1] 2025/11/27 16:10:22.568491 
[S1] 2025/11/27 16:10:22.568498      📌 nextIndex:  [31 31 31]
[S1] 2025/11/27 16:10:22.568511      📎 matchIndex: [30 0 30]
[S1] 2025/11/27 16:10:22.568521 ---------------------------------------------------
[S1] 2025/11/27 16:10:22.673764 
[At the start of broadcast] 🗂 S1 | Term=4 | Role=Leader | CommitIndex=29 | LastApplied=29
[S1] 2025/11/27 16:10:22.673823      📜 Log: 
[S1] 2025/11/27 16:10:22.673839         [0:T0] 
[S1] 2025/11/27 16:10:22.673854         [1:T1] 
[S1] 2025/11/27 16:10:22.673868         [2:T1] 
[S1] 2025/11/27 16:10:22.673880         [3:T1] 
[S1] 2025/11/27 16:10:22.673894         [4:T1] 
[S1] 2025/11/27 16:10:22.673905         [5:T1] 
[S1] 2025/11/27 16:10:22.673917         [6:T1] 
[S1] 2025/11/27 16:10:22.673929         [7:T1] 
[S1] 2025/11/27 16:10:22.673940         [8:T1] 
[S1] 2025/11/27 16:10:22.673951         [9:T1] 
[S1] 2025/11/27 16:10:22.673962         [10:T1] 
[S1] 2025/11/27 16:10:22.673972         [11:T1] 
[S1] 2025/11/27 16:10:22.673984         [12:T1] 
[S1] 2025/11/27 16:10:22.673996         [13:T2] 
[S1] 2025/11/27 16:10:22.674007         [14:T2] 
[S1] 2025/11/27 16:10:22.674019         [15:T2] 
[S1] 2025/11/27 16:10:22.674032         [16:T2] 
[S1] 2025/11/27 16:10:22.674043         [17:T2] 
[S1] 2025/11/27 16:10:22.674054         [18:T2] 
[S1] 2025/11/27 16:10:22.674065         [19:T2] 
[S1] 2025/11/27 16:10:22.674088         [20:T2] 
[S1] 2025/11/27 16:10:22.674100         [21:T2] 
[S1] 2025/11/27 16:10:22.674110         [22:T2] 
[S1] 2025/11/27 16:10:22.674122         [23:T2] 
[S1] 2025/11/27 16:10:22.674133         [24:T2] 
[S1] 2025/11/27 16:10:22.674149         [25:T2] 
[S1] 2025/11/27 16:10:22.674160         [26:T2] 
[S1] 2025/11/27 16:10:22.674172         [27:T2] 
[S1] 2025/11/27 16:10:22.674183         [28:T2] 
[S1] 2025/11/27 16:10:22.674193         [29:T2] 
[S1] 2025/11/27 16:10:22.674204         [30:T2] 
[S1] 2025/11/27 16:10:22.674217 
[S1] 2025/11/27 16:10:22.674226      📌 nextIndex:  [31 31 31]
[S1] 2025/11/27 16:10:22.674248      📎 matchIndex: [30 0 30]
[S1] 2025/11/27 16:10:22.674265 ---------------------------------------------------
[S1] 2025/11/27 16:10:22.674307 
[At the end of broadcast] 🗂 S1 | Term=4 | Role=Leader | CommitIndex=29 | LastApplied=29
[S1] 2025/11/27 16:10:22.674327      📜 Log: 
[S1] 2025/11/27 16:10:22.674338         [0:T0] 
[S1] 2025/11/27 16:10:22.674350         [1:T1] 
[S1] 2025/11/27 16:10:22.674361         [2:T1] 
[S1] 2025/11/27 16:10:22.674372         [3:T1] 
[S1] 2025/11/27 16:10:22.674385         [4:T1] 
[S1] 2025/11/27 16:10:22.674397         [5:T1] 
[S1] 2025/11/27 16:10:22.674408         [6:T1] 
[S1] 2025/11/27 16:10:22.674419         [7:T1] 
[S1] 2025/11/27 16:10:22.674430         [8:T1] 
[S1] 2025/11/27 16:10:22.674441         [9:T1] 
[S1] 2025/11/27 16:10:22.674452         [10:T1] 
[S1] 2025/11/27 16:10:22.674462         [11:T1] 
[S1] 2025/11/27 16:10:22.674474         [12:T1] 
[S1] 2025/11/27 16:10:22.674485         [13:T2] 
[S1] 2025/11/27 16:10:22.674495         [14:T2] 
[S1] 2025/11/27 16:10:22.674507         [15:T2] 
[S1] 2025/11/27 16:10:22.674518         [16:T2] 
[S1] 2025/11/27 16:10:22.674530         [17:T2] 
[S1] 2025/11/27 16:10:22.674541         [18:T2] 
[S1] 2025/11/27 16:10:22.674552         [19:T2] 
[S1] 2025/11/27 16:10:22.674563         [20:T2] 
[S1] 2025/11/27 16:10:22.674575         [21:T2] 
[S1] 2025/11/27 16:10:22.674586         [22:T2] 
[S1] 2025/11/27 16:10:22.674596         [23:T2] 
[S1] 2025/11/27 16:10:22.674608         [24:T2] 
[S1] 2025/11/27 16:10:22.674619         [25:T2] 
[S1] 2025/11/27 16:10:22.674630         [26:T2] 
[S1] 2025/11/27 16:10:22.674643         [27:T2] 
[S1] 2025/11/27 16:10:22.674655         [28:T2] 
[S1] 2025/11/27 16:10:22.674666         [29:T2] 
[S1] 2025/11/27 16:10:22.674677         [30:T2] 
[S1] 2025/11/27 16:10:22.674688 
[S1] 2025/11/27 16:10:22.674700      📌 nextIndex:  [31 31 31]
[S1] 2025/11/27 16:10:22.674719      📎 matchIndex: [30 0 30]
[S1] 2025/11/27 16:10:22.674735 ---------------------------------------------------
[S1] 2025/11/27 16:10:22.675275 
[At the start of handleAppendEntriesReply] 🗂 S1 | Term=4 | Role=Leader | CommitIndex=29 | LastApplied=29
[S1] 2025/11/27 16:10:22.675291      📜 Log: 
[S1] 2025/11/27 16:10:22.675301         [0:T0] 
[S1] 2025/11/27 16:10:22.675309         [1:T1] 
[S1] 2025/11/27 16:10:22.675316         [2:T1] 
[S1] 2025/11/27 16:10:22.675322         [3:T1] 
[S1] 2025/11/27 16:10:22.675330         [4:T1] 
[S1] 2025/11/27 16:10:22.675336         [5:T1] 
[S1] 2025/11/27 16:10:22.675343         [6:T1] 
[S1] 2025/11/27 16:10:22.675349         [7:T1] 
[S1] 2025/11/27 16:10:22.675355         [8:T1] 
[S1] 2025/11/27 16:10:22.675360         [9:T1] 
[S1] 2025/11/27 16:10:22.675367         [10:T1] 
[S1] 2025/11/27 16:10:22.675374         [11:T1] 
[S1] 2025/11/27 16:10:22.675381         [12:T1] 
[S1] 2025/11/27 16:10:22.675389         [13:T2] 
[S1] 2025/11/27 16:10:22.675395         [14:T2] 
[S1] 2025/11/27 16:10:22.675401         [15:T2] 
[S1] 2025/11/27 16:10:22.675407         [16:T2] 
[S1] 2025/11/27 16:10:22.675413         [17:T2] 
[S1] 2025/11/27 16:10:22.675419         [18:T2] 
[S1] 2025/11/27 16:10:22.675426         [19:T2] 
[S1] 2025/11/27 16:10:22.675431         [20:T2] 
[S1] 2025/11/27 16:10:22.675438         [21:T2] 
[S1] 2025/11/27 16:10:22.675443         [22:T2] 
[S1] 2025/11/27 16:10:22.675449         [23:T2] 
[S1] 2025/11/27 16:10:22.675455         [24:T2] 
[S1] 2025/11/27 16:10:22.675461         [25:T2] 
[S1] 2025/11/27 16:10:22.675466         [26:T2] 
[S1] 2025/11/27 16:10:22.675473         [27:T2] 
[S1] 2025/11/27 16:10:22.675478         [28:T2] 
[S1] 2025/11/27 16:10:22.675484         [29:T2] 
[S1] 2025/11/27 16:10:22.675489         [30:T2] 
[S1] 2025/11/27 16:10:22.675496 
[S1] 2025/11/27 16:10:22.675502      📌 nextIndex:  [31 31 31]
[S1] 2025/11/27 16:10:22.675513      📎 matchIndex: [30 0 30]
[S1] 2025/11/27 16:10:22.675522 ---------------------------------------------------
[S1] 2025/11/27 16:10:22.675530 
[At the end of handleAppendEntriesReply] 🗂 S1 | Term=4 | Role=Leader | CommitIndex=29 | LastApplied=29
[S1] 2025/11/27 16:10:22.675539      📜 Log: 
[S1] 2025/11/27 16:10:22.675545         [0:T0] 
[S1] 2025/11/27 16:10:22.675554         [1:T1] 
[S1] 2025/11/27 16:10:22.675559         [2:T1] 
[S1] 2025/11/27 16:10:22.675564         [3:T1] 
[S1] 2025/11/27 16:10:22.675569         [4:T1] 
[S1] 2025/11/27 16:10:22.675575         [5:T1] 
[S1] 2025/11/27 16:10:22.675580         [6:T1] 
[S1] 2025/11/27 16:10:22.675585         [7:T1] 
[S1] 2025/11/27 16:10:22.675590         [8:T1] 
[S1] 2025/11/27 16:10:22.675595         [9:T1] 
[S1] 2025/11/27 16:10:22.675600         [10:T1] 
[S1] 2025/11/27 16:10:22.675605         [11:T1] 
[S1] 2025/11/27 16:10:22.675611         [12:T1] 
[S1] 2025/11/27 16:10:22.675616         [13:T2] 
[S1] 2025/11/27 16:10:22.675621         [14:T2] 
[S1] 2025/11/27 16:10:22.675626         [15:T2] 
[S1] 2025/11/27 16:10:22.675631         [16:T2] 
[S1] 2025/11/27 16:10:22.675636         [17:T2] 
[S1] 2025/11/27 16:10:22.675642         [18:T2] 
[S1] 2025/11/27 16:10:22.675647         [19:T2] 
[S1] 2025/11/27 16:10:22.675653         [20:T2] 
[S1] 2025/11/27 16:10:22.675657         [21:T2] 
[S1] 2025/11/27 16:10:22.675662         [22:T2] 
[S1] 2025/11/27 16:10:22.675667         [23:T2] 
[S1] 2025/11/27 16:10:22.675673         [24:T2] 
[S1] 2025/11/27 16:10:22.675678         [25:T2] 
[S1] 2025/11/27 16:10:22.675683         [26:T2] 
[S1] 2025/11/27 16:10:22.675688         [27:T2] 
[S1] 2025/11/27 16:10:22.675693         [28:T2] 
[S1] 2025/11/27 16:10:22.675699         [29:T2] 
[S1] 2025/11/27 16:10:22.675704         [30:T2] 
[S1] 2025/11/27 16:10:22.675709 
[S1] 2025/11/27 16:10:22.675714      📌 nextIndex:  [31 31 31]
[S1] 2025/11/27 16:10:22.675722      📎 matchIndex: [30 0 30]
[S1] 2025/11/27 16:10:22.675729 ---------------------------------------------------
[S1] 2025/11/27 16:10:22.675737 
[At the start of handleAppendEntriesReply] 🗂 S1 | Term=4 | Role=Leader | CommitIndex=29 | LastApplied=29
[S1] 2025/11/27 16:10:22.675747      📜 Log: 
[S1] 2025/11/27 16:10:22.675752         [0:T0] 
[S1] 2025/11/27 16:10:22.675757         [1:T1] 
[S1] 2025/11/27 16:10:22.675762         [2:T1] 
[S1] 2025/11/27 16:10:22.675768         [3:T1] 
[S1] 2025/11/27 16:10:22.675773         [4:T1] 
[S1] 2025/11/27 16:10:22.675780         [5:T1] 
[S1] 2025/11/27 16:10:22.675785         [6:T1] 
[S1] 2025/11/27 16:10:22.675791         [7:T1] 
[S1] 2025/11/27 16:10:22.675795         [8:T1] 
[S1] 2025/11/27 16:10:22.675801         [9:T1] 
[S1] 2025/11/27 16:10:22.675806         [10:T1] 
[S1] 2025/11/27 16:10:22.675811         [11:T1] 
[S1] 2025/11/27 16:10:22.675816         [12:T1] 
[S1] 2025/11/27 16:10:22.675821         [13:T2] 
[S1] 2025/11/27 16:10:22.675826         [14:T2] 
[S1] 2025/11/27 16:10:22.675832         [15:T2] 
[S1] 2025/11/27 16:10:22.675837         [16:T2] 
[S1] 2025/11/27 16:10:22.675841         [17:T2] 
[S1] 2025/11/27 16:10:22.675847         [18:T2] 
[S1] 2025/11/27 16:10:22.675852         [19:T2] 
[S1] 2025/11/27 16:10:22.675857         [20:T2] 
[S1] 2025/11/27 16:10:22.675863         [21:T2] 
[S1] 2025/11/27 16:10:22.675868         [22:T2] 
[S1] 2025/11/27 16:10:22.675873         [23:T2] 
[S1] 2025/11/27 16:10:22.675878         [24:T2] 
[S1] 2025/11/27 16:10:22.675884         [25:T2] 
[S1] 2025/11/27 16:10:22.675889         [26:T2] 
[S1] 2025/11/27 16:10:22.675894         [27:T2] 
[S1] 2025/11/27 16:10:22.675900         [28:T2] 
[S1] 2025/11/27 16:10:22.675904         [29:T2] 
[S1] 2025/11/27 16:10:22.675910         [30:T2] 
[S1] 2025/11/27 16:10:22.675915 
[S1] 2025/11/27 16:10:22.675920      📌 nextIndex:  [31 31 31]
[S1] 2025/11/27 16:10:22.675928      📎 matchIndex: [30 0 30]
[S1] 2025/11/27 16:10:22.675935 ---------------------------------------------------
[S1] 2025/11/27 16:10:22.675942 
[At the end of handleAppendEntriesReply] 🗂 S1 | Term=4 | Role=Leader | CommitIndex=29 | LastApplied=29
[S1] 2025/11/27 16:10:22.675949      📜 Log: 
[S1] 2025/11/27 16:10:22.675954         [0:T0] 
[S1] 2025/11/27 16:10:22.675959         [1:T1] 
[S1] 2025/11/27 16:10:22.675965         [2:T1] 
[S1] 2025/11/27 16:10:22.675970         [3:T1] 
[S1] 2025/11/27 16:10:22.675976         [4:T1] 
[S1] 2025/11/27 16:10:22.675981         [5:T1] 
[S1] 2025/11/27 16:10:22.675986         [6:T1] 
[S1] 2025/11/27 16:10:22.675991         [7:T1] 
[S1] 2025/11/27 16:10:22.675996         [8:T1] 
[S1] 2025/11/27 16:10:22.676004         [9:T1] 
[S1] 2025/11/27 16:10:22.676012         [10:T1] 
[S1] 2025/11/27 16:10:22.676019         [11:T1] 
[S1] 2025/11/27 16:10:22.676025         [12:T1] 
[S1] 2025/11/27 16:10:22.676032         [13:T2] 
[S1] 2025/11/27 16:10:22.676038         [14:T2] 
[S1] 2025/11/27 16:10:22.676045         [15:T2] 
[S1] 2025/11/27 16:10:22.676051         [16:T2] 
[S1] 2025/11/27 16:10:22.676058         [17:T2] 
[S1] 2025/11/27 16:10:22.676064         [18:T2] 
[S1] 2025/11/27 16:10:22.676079         [19:T2] 
[S1] 2025/11/27 16:10:22.676087         [20:T2] 
[S1] 2025/11/27 16:10:22.676094         [21:T2] 
[S1] 2025/11/27 16:10:22.676101         [22:T2] 
[S1] 2025/11/27 16:10:22.676108         [23:T2] 
[S1] 2025/11/27 16:10:22.676115         [24:T2] 
[S1] 2025/11/27 16:10:22.676122         [25:T2] 
[S1] 2025/11/27 16:10:22.676131         [26:T2] 
[S1] 2025/11/27 16:10:22.676137         [27:T2] 
[S1] 2025/11/27 16:10:22.676145         [28:T2] 
[S1] 2025/11/27 16:10:22.676154         [29:T2] 
[S1] 2025/11/27 16:10:22.676162         [30:T2] 
[S1] 2025/11/27 16:10:22.676168 
[S1] 2025/11/27 16:10:22.676175      📌 nextIndex:  [31 31 31]
[S1] 2025/11/27 16:10:22.676188      📎 matchIndex: [30 0 30]
[S1] 2025/11/27 16:10:22.676198 ---------------------------------------------------
[S1] 2025/11/27 16:10:22.782624 
[At the start of broadcast] 🗂 S1 | Term=4 | Role=Leader | CommitIndex=29 | LastApplied=29
[S1] 2025/11/27 16:10:22.782669      📜 Log: 
[S1] 2025/11/27 16:10:22.782681         [0:T0] 
[S1] 2025/11/27 16:10:22.782688         [1:T1] 
[S1] 2025/11/27 16:10:22.782695         [2:T1] 
[S1] 2025/11/27 16:10:22.782702         [3:T1] 
[S1] 2025/11/27 16:10:22.782708         [4:T1] 
[S1] 2025/11/27 16:10:22.782713         [5:T1] 
[S1] 2025/11/27 16:10:22.782718         [6:T1] 
[S1] 2025/11/27 16:10:22.782723         [7:T1] 
[S1] 2025/11/27 16:10:22.782729         [8:T1] 
[S1] 2025/11/27 16:10:22.782741         [9:T1] 
[S1] 2025/11/27 16:10:22.782746         [10:T1] 
[S1] 2025/11/27 16:10:22.782751         [11:T1] 
[S1] 2025/11/27 16:10:22.782757         [12:T1] 
[S1] 2025/11/27 16:10:22.782762         [13:T2] 
[S1] 2025/11/27 16:10:22.782767         [14:T2] 
[S1] 2025/11/27 16:10:22.782772         [15:T2] 
[S1] 2025/11/27 16:10:22.782778         [16:T2] 
[S1] 2025/11/27 16:10:22.782782         [17:T2] 
[S1] 2025/11/27 16:10:22.782788         [18:T2] 
[S1] 2025/11/27 16:10:22.782793         [19:T2] 
[S1] 2025/11/27 16:10:22.782799         [20:T2] 
[S1] 2025/11/27 16:10:22.782805         [21:T2] 
[S1] 2025/11/27 16:10:22.782810         [22:T2] 
[S1] 2025/11/27 16:10:22.782815         [23:T2] 
[S1] 2025/11/27 16:10:22.782820         [24:T2] 
[S1] 2025/11/27 16:10:22.782825         [25:T2] 
[S1] 2025/11/27 16:10:22.782829         [26:T2] 
[S1] 2025/11/27 16:10:22.782835         [27:T2] 
[S1] 2025/11/27 16:10:22.782839         [28:T2] 
[S1] 2025/11/27 16:10:22.782844         [29:T2] 
[S1] 2025/11/27 16:10:22.782849         [30:T2] 
[S1] 2025/11/27 16:10:22.782854 
[S1] 2025/11/27 16:10:22.782858      📌 nextIndex:  [31 31 31]
[S1] 2025/11/27 16:10:22.782870      📎 matchIndex: [30 0 30]
[S1] 2025/11/27 16:10:22.782878 ---------------------------------------------------
[S1] 2025/11/27 16:10:22.782895 
[At the end of broadcast] 🗂 S1 | Term=4 | Role=Leader | CommitIndex=29 | LastApplied=29
[S1] 2025/11/27 16:10:22.782903      📜 Log: 
[S1] 2025/11/27 16:10:22.782908         [0:T0] 
[S1] 2025/11/27 16:10:22.782914         [1:T1] 
[S1] 2025/11/27 16:10:22.782918         [2:T1] 
[S1] 2025/11/27 16:10:22.782923         [3:T1] 
[S1] 2025/11/27 16:10:22.782928         [4:T1] 
[S1] 2025/11/27 16:10:22.782933         [5:T1] 
[S1] 2025/11/27 16:10:22.782938         [6:T1] 
[S1] 2025/11/27 16:10:22.782943         [7:T1] 
[S1] 2025/11/27 16:10:22.782947         [8:T1] 
[S1] 2025/11/27 16:10:22.782952         [9:T1] 
[S1] 2025/11/27 16:10:22.782956         [10:T1] 
[S1] 2025/11/27 16:10:22.782961         [11:T1] 
[S1] 2025/11/27 16:10:22.782968         [12:T1] 
[S1] 2025/11/27 16:10:22.782972         [13:T2] 
[S1] 2025/11/27 16:10:22.782977         [14:T2] 
[S1] 2025/11/27 16:10:22.782982         [15:T2] 
[S1] 2025/11/27 16:10:22.782986         [16:T2] 
[S1] 2025/11/27 16:10:22.782992         [17:T2] 
[S1] 2025/11/27 16:10:22.782997         [18:T2] 
[S1] 2025/11/27 16:10:22.783002         [19:T2] 
[S1] 2025/11/27 16:10:22.783006         [20:T2] 
[S1] 2025/11/27 16:10:22.783013         [21:T2] 
[S1] 2025/11/27 16:10:22.783018         [22:T2] 
[S1] 2025/11/27 16:10:22.783023         [23:T2] 
[S1] 2025/11/27 16:10:22.783029         [24:T2] 
[S1] 2025/11/27 16:10:22.783034         [25:T2] 
[S1] 2025/11/27 16:10:22.783039         [26:T2] 
[S1] 2025/11/27 16:10:22.783044         [27:T2] 
[S1] 2025/11/27 16:10:22.783048         [28:T2] 
[S1] 2025/11/27 16:10:22.783053         [29:T2] 
[S1] 2025/11/27 16:10:22.783058         [30:T2] 
[S1] 2025/11/27 16:10:22.783063 
[S1] 2025/11/27 16:10:22.783071      📌 nextIndex:  [31 31 31]
[S1] 2025/11/27 16:10:22.783079      📎 matchIndex: [30 0 30]
[S1] 2025/11/27 16:10:22.783086 ---------------------------------------------------
[S1] 2025/11/27 16:10:22.783743 
[At the start of handleAppendEntriesReply] 🗂 S1 | Term=4 | Role=Leader | CommitIndex=29 | LastApplied=29
[S1] 2025/11/27 16:10:22.783755      📜 Log: 
[S1] 2025/11/27 16:10:22.783760         [0:T0] 
[S1] 2025/11/27 16:10:22.783766         [1:T1] 
[S1] 2025/11/27 16:10:22.783771         [2:T1] 
[S1] 2025/11/27 16:10:22.783776         [3:T1] 
[S1] 2025/11/27 16:10:22.783781         [4:T1] 
[S1] 2025/11/27 16:10:22.783785         [5:T1] 
[S1] 2025/11/27 16:10:22.783790         [6:T1] 
[S1] 2025/11/27 16:10:22.783796         [7:T1] 
[S1] 2025/11/27 16:10:22.783800         [8:T1] 
[S1] 2025/11/27 16:10:22.783805         [9:T1] 
[S1] 2025/11/27 16:10:22.783811         [10:T1] 
[S1] 2025/11/27 16:10:22.783816         [11:T1] 
[S1] 2025/11/27 16:10:22.783821         [12:T1] 
[S1] 2025/11/27 16:10:22.783826         [13:T2] 
[S1] 2025/11/27 16:10:22.783832         [14:T2] 
[S1] 2025/11/27 16:10:22.783837         [15:T2] 
[S1] 2025/11/27 16:10:22.783842         [16:T2] 
[S1] 2025/11/27 16:10:22.783846         [17:T2] 
[S1] 2025/11/27 16:10:22.783851         [18:T2] 
[S1] 2025/11/27 16:10:22.783856         [19:T2] 
[S1] 2025/11/27 16:10:22.783861         [20:T2] 
[S1] 2025/11/27 16:10:22.783866         [21:T2] 
[S1] 2025/11/27 16:10:22.783871         [22:T2] 
[S1] 2025/11/27 16:10:22.783876         [23:T2] 
[S1] 2025/11/27 16:10:22.783880         [24:T2] 
[S1] 2025/11/27 16:10:22.783886         [25:T2] 
[S1] 2025/11/27 16:10:22.783890         [26:T2] 
[S1] 2025/11/27 16:10:22.783895         [27:T2] 
[S1] 2025/11/27 16:10:22.783900         [28:T2] 
[S1] 2025/11/27 16:10:22.783905         [29:T2] 
[S1] 2025/11/27 16:10:22.783910         [30:T2] 
[S1] 2025/11/27 16:10:22.783914 
[S1] 2025/11/27 16:10:22.783919      📌 nextIndex:  [31 31 31]
[S1] 2025/11/27 16:10:22.783927      📎 matchIndex: [30 0 30]
[S1] 2025/11/27 16:10:22.783934 ---------------------------------------------------
[S1] 2025/11/27 16:10:22.783940 
[At the end of handleAppendEntriesReply] 🗂 S1 | Term=4 | Role=Leader | CommitIndex=29 | LastApplied=29
[S1] 2025/11/27 16:10:22.783948      📜 Log: 
[S1] 2025/11/27 16:10:22.783952         [0:T0] 
[S1] 2025/11/27 16:10:22.783957         [1:T1] 
[S1] 2025/11/27 16:10:22.783962         [2:T1] 
[S1] 2025/11/27 16:10:22.783968         [3:T1] 
[S1] 2025/11/27 16:10:22.783972         [4:T1] 
[S1] 2025/11/27 16:10:22.783977         [5:T1] 
[S1] 2025/11/27 16:10:22.783982         [6:T1] 
[S1] 2025/11/27 16:10:22.783986         [7:T1] 
[S1] 2025/11/27 16:10:22.783991         [8:T1] 
[S1] 2025/11/27 16:10:22.783996         [9:T1] 
[S1] 2025/11/27 16:10:22.784001         [10:T1] 
[S1] 2025/11/27 16:10:22.784005         [11:T1] 
[S1] 2025/11/27 16:10:22.784010         [12:T1] 
[S1] 2025/11/27 16:10:22.784015         [13:T2] 
[S1] 2025/11/27 16:10:22.784019         [14:T2] 
[S1] 2025/11/27 16:10:22.784024         [15:T2] 
[S1] 2025/11/27 16:10:22.784028         [16:T2] 
[S1] 2025/11/27 16:10:22.784033         [17:T2] 
[S1] 2025/11/27 16:10:22.784038         [18:T2] 
[S1] 2025/11/27 16:10:22.784042         [19:T2] 
[S1] 2025/11/27 16:10:22.784047         [20:T2] 
[S1] 2025/11/27 16:10:22.784052         [21:T2] 
[S1] 2025/11/27 16:10:22.784057         [22:T2] 
[S1] 2025/11/27 16:10:22.784061         [23:T2] 
[S1] 2025/11/27 16:10:22.784066         [24:T2] 
[S1] 2025/11/27 16:10:22.784077         [25:T2] 
[S1] 2025/11/27 16:10:22.784082         [26:T2] 
[S1] 2025/11/27 16:10:22.784086         [27:T2] 
[S1] 2025/11/27 16:10:22.784091         [28:T2] 
[S1] 2025/11/27 16:10:22.784095         [29:T2] 
[S1] 2025/11/27 16:10:22.784101         [30:T2] 
[S1] 2025/11/27 16:10:22.784105 
[S1] 2025/11/27 16:10:22.784109      📌 nextIndex:  [31 31 31]
[S1] 2025/11/27 16:10:22.784117      📎 matchIndex: [30 0 30]
[S1] 2025/11/27 16:10:22.784124 ---------------------------------------------------
[S1] 2025/11/27 16:10:22.784132 
[At the start of handleAppendEntriesReply] 🗂 S1 | Term=4 | Role=Leader | CommitIndex=29 | LastApplied=29
[S1] 2025/11/27 16:10:22.784140      📜 Log: 
[S1] 2025/11/27 16:10:22.784147         [0:T0] 
[S1] 2025/11/27 16:10:22.784152         [1:T1] 
[S1] 2025/11/27 16:10:22.784156         [2:T1] 
[S1] 2025/11/27 16:10:22.784161         [3:T1] 
[S1] 2025/11/27 16:10:22.784166         [4:T1] 
[S1] 2025/11/27 16:10:22.784170         [5:T1] 
[S1] 2025/11/27 16:10:22.784174         [6:T1] 
[S1] 2025/11/27 16:10:22.784178         [7:T1] 
[S1] 2025/11/27 16:10:22.784183         [8:T1] 
[S1] 2025/11/27 16:10:22.784187         [9:T1] 
[S1] 2025/11/27 16:10:22.784191         [10:T1] 
[S1] 2025/11/27 16:10:22.784196         [11:T1] 
[S1] 2025/11/27 16:10:22.784200         [12:T1] 
[S1] 2025/11/27 16:10:22.784204         [13:T2] 
[S1] 2025/11/27 16:10:22.784209         [14:T2] 
[S1] 2025/11/27 16:10:22.784213         [15:T2] 
[S1] 2025/11/27 16:10:22.784217         [16:T2] 
[S1] 2025/11/27 16:10:22.784221         [17:T2] 
[S1] 2025/11/27 16:10:22.784227         [18:T2] 
[S1] 2025/11/27 16:10:22.784232         [19:T2] 
[S1] 2025/11/27 16:10:22.784236         [20:T2] 
[S1] 2025/11/27 16:10:22.784240         [21:T2] 
[S1] 2025/11/27 16:10:22.784245         [22:T2] 
[S1] 2025/11/27 16:10:22.784249         [23:T2] 
[S1] 2025/11/27 16:10:22.784253         [24:T2] 
[S1] 2025/11/27 16:10:22.784257         [25:T2] 
[S1] 2025/11/27 16:10:22.784262         [26:T2] 
[S1] 2025/11/27 16:10:22.784266         [27:T2] 
[S1] 2025/11/27 16:10:22.784270         [28:T2] 
[S1] 2025/11/27 16:10:22.784275         [29:T2] 
[S1] 2025/11/27 16:10:22.784279         [30:T2] 
[S1] 2025/11/27 16:10:22.784283 
[S1] 2025/11/27 16:10:22.784287      📌 nextIndex:  [31 31 31]
[S1] 2025/11/27 16:10:22.784294      📎 matchIndex: [30 0 30]
[S1] 2025/11/27 16:10:22.784300 ---------------------------------------------------
[S1] 2025/11/27 16:10:22.784306 
[At the end of handleAppendEntriesReply] 🗂 S1 | Term=4 | Role=Leader | CommitIndex=29 | LastApplied=29
[S1] 2025/11/27 16:10:22.784313      📜 Log: 
[S1] 2025/11/27 16:10:22.784317         [0:T0] 
[S1] 2025/11/27 16:10:22.784322         [1:T1] 
[S1] 2025/11/27 16:10:22.784326         [2:T1] 
[S1] 2025/11/27 16:10:22.784332         [3:T1] 
[S1] 2025/11/27 16:10:22.784336         [4:T1] 
[S1] 2025/11/27 16:10:22.784341         [5:T1] 
[S1] 2025/11/27 16:10:22.784345         [6:T1] 
[S1] 2025/11/27 16:10:22.784350         [7:T1] 
[S1] 2025/11/27 16:10:22.784354         [8:T1] 
[S1] 2025/11/27 16:10:22.784359         [9:T1] 
[S1] 2025/11/27 16:10:22.784363         [10:T1] 
[S1] 2025/11/27 16:10:22.784368         [11:T1] 
[S1] 2025/11/27 16:10:22.784373         [12:T1] 
[S1] 2025/11/27 16:10:22.784377         [13:T2] 
[S1] 2025/11/27 16:10:22.784382         [14:T2] 
[S1] 2025/11/27 16:10:22.784386         [15:T2] 
[S1] 2025/11/27 16:10:22.784391         [16:T2] 
[S1] 2025/11/27 16:10:22.784396         [17:T2] 
[S1] 2025/11/27 16:10:22.784400         [18:T2] 
[S1] 2025/11/27 16:10:22.784405         [19:T2] 
[S1] 2025/11/27 16:10:22.784410         [20:T2] 
[S1] 2025/11/27 16:10:22.784414         [21:T2] 
[S1] 2025/11/27 16:10:22.784419         [22:T2] 
[S1] 2025/11/27 16:10:22.784424         [23:T2] 
[S1] 2025/11/27 16:10:22.784428         [24:T2] 
[S1] 2025/11/27 16:10:22.784433         [25:T2] 
[S1] 2025/11/27 16:10:22.784437         [26:T2] 
[S1] 2025/11/27 16:10:22.784442         [27:T2] 
[S1] 2025/11/27 16:10:22.784446         [28:T2] 
[S1] 2025/11/27 16:10:22.784451         [29:T2] 
[S1] 2025/11/27 16:10:22.784455         [30:T2] 
[S1] 2025/11/27 16:10:22.784460 
[S1] 2025/11/27 16:10:22.784465      📌 nextIndex:  [31 31 31]
[S1] 2025/11/27 16:10:22.784472      📎 matchIndex: [30 0 30]
[S1] 2025/11/27 16:10:22.784478 ---------------------------------------------------
[S1] 2025/11/27 16:10:22.888480 
[At the start of broadcast] 🗂 S1 | Term=4 | Role=Leader | CommitIndex=29 | LastApplied=29
[S1] 2025/11/27 16:10:22.888552      📜 Log: 
[S1] 2025/11/27 16:10:22.888571         [0:T0] 
[S1] 2025/11/27 16:10:22.888592         [1:T1] 
[S1] 2025/11/27 16:10:22.888609         [2:T1] 
[S1] 2025/11/27 16:10:22.888625         [3:T1] 
[S1] 2025/11/27 16:10:22.888641         [4:T1] 
[S1] 2025/11/27 16:10:22.888656         [5:T1] 
[S1] 2025/11/27 16:10:22.888671         [6:T1] 
[S1] 2025/11/27 16:10:22.888687         [7:T1] 
[S1] 2025/11/27 16:10:22.888700         [8:T1] 
[S1] 2025/11/27 16:10:22.888715         [9:T1] 
[S1] 2025/11/27 16:10:22.888734         [10:T1] 
[S1] 2025/11/27 16:10:22.888749         [11:T1] 
[S1] 2025/11/27 16:10:22.888764         [12:T1] 
[S1] 2025/11/27 16:10:22.888778         [13:T2] 
[S1] 2025/11/27 16:10:22.888792         [14:T2] 
[S1] 2025/11/27 16:10:22.888807         [15:T2] 
[S1] 2025/11/27 16:10:22.888821         [16:T2] 
[S1] 2025/11/27 16:10:22.888834         [17:T2] 
[S1] 2025/11/27 16:10:22.888848         [18:T2] 
[S1] 2025/11/27 16:10:22.888862         [19:T2] 
[S1] 2025/11/27 16:10:22.888877         [20:T2] 
[S1] 2025/11/27 16:10:22.888889         [21:T2] 
[S1] 2025/11/27 16:10:22.888905         [22:T2] 
[S1] 2025/11/27 16:10:22.888929         [23:T2] 
[S1] 2025/11/27 16:10:22.888942         [24:T2] 
[S1] 2025/11/27 16:10:22.888955         [25:T2] 
[S1] 2025/11/27 16:10:22.888969         [26:T2] 
[S1] 2025/11/27 16:10:22.888980         [27:T2] 
[S1] 2025/11/27 16:10:22.888993         [28:T2] 
[S1] 2025/11/27 16:10:22.889004         [29:T2] 
[S1] 2025/11/27 16:10:22.889016         [30:T2] 
[S1] 2025/11/27 16:10:22.889029 
[S1] 2025/11/27 16:10:22.889039      📌 nextIndex:  [31 31 31]
[S1] 2025/11/27 16:10:22.889063      📎 matchIndex: [30 0 30]
[S1] 2025/11/27 16:10:22.889096 ---------------------------------------------------
[S1] 2025/11/27 16:10:22.889128 
[At the end of broadcast] 🗂 S1 | Term=4 | Role=Leader | CommitIndex=29 | LastApplied=29
[S1] 2025/11/27 16:10:22.889148      📜 Log: 
[S1] 2025/11/27 16:10:22.889161         [0:T0] 
[S1] 2025/11/27 16:10:22.889175         [1:T1] 
[S1] 2025/11/27 16:10:22.889187         [2:T1] 
[S1] 2025/11/27 16:10:22.889199         [3:T1] 
[S1] 2025/11/27 16:10:22.889211         [4:T1] 
[S1] 2025/11/27 16:10:22.889226         [5:T1] 
[S1] 2025/11/27 16:10:22.889239         [6:T1] 
[S1] 2025/11/27 16:10:22.889251         [7:T1] 
[S1] 2025/11/27 16:10:22.889263         [8:T1] 
[S1] 2025/11/27 16:10:22.889275         [9:T1] 
[S1] 2025/11/27 16:10:22.889288         [10:T1] 
[S1] 2025/11/27 16:10:22.889300         [11:T1] 
[S1] 2025/11/27 16:10:22.889311         [12:T1] 
[S1] 2025/11/27 16:10:22.889325         [13:T2] 
[S1] 2025/11/27 16:10:22.889337         [14:T2] 
[S1] 2025/11/27 16:10:22.889349         [15:T2] 
[S1] 2025/11/27 16:10:22.889361         [16:T2] 
[S1] 2025/11/27 16:10:22.889373         [17:T2] 
[S1] 2025/11/27 16:10:22.889386         [18:T2] 
[S1] 2025/11/27 16:10:22.889398         [19:T2] 
[S1] 2025/11/27 16:10:22.889410         [20:T2] 
[S1] 2025/11/27 16:10:22.889422         [21:T2] 
[S1] 2025/11/27 16:10:22.889433         [22:T2] 
[S1] 2025/11/27 16:10:22.889447         [23:T2] 
[S1] 2025/11/27 16:10:22.889460         [24:T2] 
[S1] 2025/11/27 16:10:22.889473         [25:T2] 
[S1] 2025/11/27 16:10:22.889486         [26:T2] 
[S1] 2025/11/27 16:10:22.889499         [27:T2] 
[S1] 2025/11/27 16:10:22.889512         [28:T2] 
[S1] 2025/11/27 16:10:22.889524         [29:T2] 
[S1] 2025/11/27 16:10:22.889537         [30:T2] 
[S1] 2025/11/27 16:10:22.889548 
[S1] 2025/11/27 16:10:22.889558      📌 nextIndex:  [31 31 31]
[S1] 2025/11/27 16:10:22.889580      📎 matchIndex: [30 0 30]
[S1] 2025/11/27 16:10:22.889597 ---------------------------------------------------
[S1] 2025/11/27 16:10:22.890144 
[At the start of handleAppendEntriesReply] 🗂 S1 | Term=4 | Role=Leader | CommitIndex=29 | LastApplied=29
[S1] 2025/11/27 16:10:22.890159      📜 Log: 
[S1] 2025/11/27 16:10:22.890166         [0:T0] 
[S1] 2025/11/27 16:10:22.890173         [1:T1] 
[S1] 2025/11/27 16:10:22.890179         [2:T1] 
[S1] 2025/11/27 16:10:22.890185         [3:T1] 
[S1] 2025/11/27 16:10:22.890190         [4:T1] 
[S1] 2025/11/27 16:10:22.890195         [5:T1] 
[S1] 2025/11/27 16:10:22.890200         [6:T1] 
[S1] 2025/11/27 16:10:22.890207         [7:T1] 
[S1] 2025/11/27 16:10:22.890212         [8:T1] 
[S1] 2025/11/27 16:10:22.890217         [9:T1] 
[S1] 2025/11/27 16:10:22.890223         [10:T1] 
[S1] 2025/11/27 16:10:22.890229         [11:T1] 
[S1] 2025/11/27 16:10:22.890234         [12:T1] 
[S1] 2025/11/27 16:10:22.890239         [13:T2] 
[S1] 2025/11/27 16:10:22.890245         [14:T2] 
[S1] 2025/11/27 16:10:22.890251         [15:T2] 
[S1] 2025/11/27 16:10:22.890255         [16:T2] 
[S1] 2025/11/27 16:10:22.890262         [17:T2] 
[S1] 2025/11/27 16:10:22.890267         [18:T2] 
[S1] 2025/11/27 16:10:22.890272         [19:T2] 
[S1] 2025/11/27 16:10:22.890278         [20:T2] 
[S1] 2025/11/27 16:10:22.890284         [21:T2] 
[S1] 2025/11/27 16:10:22.890289         [22:T2] 
[S1] 2025/11/27 16:10:22.890294         [23:T2] 
[S1] 2025/11/27 16:10:22.890300         [24:T2] 
[S1] 2025/11/27 16:10:22.890306         [25:T2] 
[S1] 2025/11/27 16:10:22.890311         [26:T2] 
[S1] 2025/11/27 16:10:22.890316         [27:T2] 
[S1] 2025/11/27 16:10:22.890325         [28:T2] 
[S1] 2025/11/27 16:10:22.890331         [29:T2] 
[S1] 2025/11/27 16:10:22.890337         [30:T2] 
[S1] 2025/11/27 16:10:22.890342 
[S1] 2025/11/27 16:10:22.890347      📌 nextIndex:  [31 31 31]
[S1] 2025/11/27 16:10:22.890357      📎 matchIndex: [30 0 30]
[S1] 2025/11/27 16:10:22.890371 ---------------------------------------------------
[S1] 2025/11/27 16:10:22.890377 
[At the end of handleAppendEntriesReply] 🗂 S1 | Term=4 | Role=Leader | CommitIndex=29 | LastApplied=29
[S1] 2025/11/27 16:10:22.890386      📜 Log: 
[S1] 2025/11/27 16:10:22.890391         [0:T0] 
[S1] 2025/11/27 16:10:22.890397         [1:T1] 
[S1] 2025/11/27 16:10:22.890402         [2:T1] 
[S1] 2025/11/27 16:10:22.890408         [3:T1] 
[S1] 2025/11/27 16:10:22.890413         [4:T1] 
[S1] 2025/11/27 16:10:22.890418         [5:T1] 
[S1] 2025/11/27 16:10:22.890423         [6:T1] 
[S1] 2025/11/27 16:10:22.890428         [7:T1] 
[S1] 2025/11/27 16:10:22.890434         [8:T1] 
[S1] 2025/11/27 16:10:22.890439         [9:T1] 
[S1] 2025/11/27 16:10:22.890444         [10:T1] 
[S1] 2025/11/27 16:10:22.890449         [11:T1] 
[S1] 2025/11/27 16:10:22.890454         [12:T1] 
[S1] 2025/11/27 16:10:22.890459         [13:T2] 
[S1] 2025/11/27 16:10:22.890464         [14:T2] 
[S1] 2025/11/27 16:10:22.890470         [15:T2] 
[S1] 2025/11/27 16:10:22.890475         [16:T2] 
[S1] 2025/11/27 16:10:22.890480         [17:T2] 
[S1] 2025/11/27 16:10:22.890485         [18:T2] 
[S1] 2025/11/27 16:10:22.890490         [19:T2] 
[S1] 2025/11/27 16:10:22.890495         [20:T2] 
[S1] 2025/11/27 16:10:22.890500         [21:T2] 
[S1] 2025/11/27 16:10:22.890505         [22:T2] 
[S1] 2025/11/27 16:10:22.890510         [23:T2] 
[S1] 2025/11/27 16:10:22.890526         [24:T2] 
[S1] 2025/11/27 16:10:22.890531         [25:T2] 
[S1] 2025/11/27 16:10:22.890536         [26:T2] 
[S1] 2025/11/27 16:10:22.890541         [27:T2] 
[S1] 2025/11/27 16:10:22.890547         [28:T2] 
[S1] 2025/11/27 16:10:22.890551         [29:T2] 
[S1] 2025/11/27 16:10:22.890557         [30:T2] 
[S1] 2025/11/27 16:10:22.890562 
[S1] 2025/11/27 16:10:22.890566      📌 nextIndex:  [31 31 31]
[S1] 2025/11/27 16:10:22.890574      📎 matchIndex: [30 0 30]
[S1] 2025/11/27 16:10:22.890581 ---------------------------------------------------
[S1] 2025/11/27 16:10:22.890765 
[At the start of handleAppendEntriesReply] 🗂 S1 | Term=4 | Role=Leader | CommitIndex=29 | LastApplied=29
[S1] 2025/11/27 16:10:22.890785      📜 Log: 
[S1] 2025/11/27 16:10:22.890797         [0:T0] 
[S1] 2025/11/27 16:10:22.890809         [1:T1] 
[S1] 2025/11/27 16:10:22.890819         [2:T1] 
[S1] 2025/11/27 16:10:22.890829         [3:T1] 
[S1] 2025/11/27 16:10:22.890839         [4:T1] 
[S1] 2025/11/27 16:10:22.890849         [5:T1] 
[S1] 2025/11/27 16:10:22.890858         [6:T1] 
[S1] 2025/11/27 16:10:22.890867         [7:T1] 
[S1] 2025/11/27 16:10:22.890876         [8:T1] 
[S1] 2025/11/27 16:10:22.890885         [9:T1] 
[S1] 2025/11/27 16:10:22.890894         [10:T1] 
[S1] 2025/11/27 16:10:22.890903         [11:T1] 
[S1] 2025/11/27 16:10:22.890913         [12:T1] 
[S1] 2025/11/27 16:10:22.890922         [13:T2] 
[S1] 2025/11/27 16:10:22.890933         [14:T2] 
[S1] 2025/11/27 16:10:22.890942         [15:T2] 
[S1] 2025/11/27 16:10:22.890952         [16:T2] 
[S1] 2025/11/27 16:10:22.890961         [17:T2] 
[S1] 2025/11/27 16:10:22.890971         [18:T2] 
[S1] 2025/11/27 16:10:22.890981         [19:T2] 
[S1] 2025/11/27 16:10:22.890990         [20:T2] 
[S1] 2025/11/27 16:10:22.891000         [21:T2] 
[S1] 2025/11/27 16:10:22.891009         [22:T2] 
[S1] 2025/11/27 16:10:22.891018         [23:T2] 
[S1] 2025/11/27 16:10:22.891027         [24:T2] 
[S1] 2025/11/27 16:10:22.891036         [25:T2] 
[S1] 2025/11/27 16:10:22.891046         [26:T2] 
[S1] 2025/11/27 16:10:22.891055         [27:T2] 
[S1] 2025/11/27 16:10:22.891064         [28:T2] 
[S1] 2025/11/27 16:10:22.891083         [29:T2] 
[S1] 2025/11/27 16:10:22.891094         [30:T2] 
[S1] 2025/11/27 16:10:22.891102 
[S1] 2025/11/27 16:10:22.891116      📌 nextIndex:  [31 31 31]
[S1] 2025/11/27 16:10:22.891131      📎 matchIndex: [30 0 30]
[S1] 2025/11/27 16:10:22.891146 ---------------------------------------------------
[S1] 2025/11/27 16:10:22.891156 
[At the end of handleAppendEntriesReply] 🗂 S1 | Term=4 | Role=Leader | CommitIndex=29 | LastApplied=29
[S1] 2025/11/27 16:10:22.891172      📜 Log: 
[S1] 2025/11/27 16:10:22.891179         [0:T0] 
[S1] 2025/11/27 16:10:22.891188         [1:T1] 
[S1] 2025/11/27 16:10:22.891196         [2:T1] 
[S1] 2025/11/27 16:10:22.891206         [3:T1] 
[S1] 2025/11/27 16:10:22.891214         [4:T1] 
[S1] 2025/11/27 16:10:22.891222         [5:T1] 
[S1] 2025/11/27 16:10:22.891230         [6:T1] 
[S1] 2025/11/27 16:10:22.891238         [7:T1] 
[S1] 2025/11/27 16:10:22.891247         [8:T1] 
[S1] 2025/11/27 16:10:22.891257         [9:T1] 
[S1] 2025/11/27 16:10:22.891265         [10:T1] 
[S1] 2025/11/27 16:10:22.891274         [11:T1] 
[S1] 2025/11/27 16:10:22.891284         [12:T1] 
[S1] 2025/11/27 16:10:22.891292         [13:T2] 
[S1] 2025/11/27 16:10:22.891300         [14:T2] 
[S1] 2025/11/27 16:10:22.891309         [15:T2] 
[S1] 2025/11/27 16:10:22.891317         [16:T2] 
[S1] 2025/11/27 16:10:22.891327         [17:T2] 
[S1] 2025/11/27 16:10:22.891335         [18:T2] 
[S1] 2025/11/27 16:10:22.891343         [19:T2] 
[S1] 2025/11/27 16:10:22.891352         [20:T2] 
[S1] 2025/11/27 16:10:22.891361         [21:T2] 
[S1] 2025/11/27 16:10:22.891369         [22:T2] 
[S1] 2025/11/27 16:10:22.891378         [23:T2] 
[S1] 2025/11/27 16:10:22.891445         [24:T2] 
[S1] 2025/11/27 16:10:22.891460         [25:T2] 
[S1] 2025/11/27 16:10:22.891467         [26:T2] 
[S1] 2025/11/27 16:10:22.891473         [27:T2] 
[S1] 2025/11/27 16:10:22.891480         [28:T2] 
[S1] 2025/11/27 16:10:22.891485         [29:T2] 
[S1] 2025/11/27 16:10:22.891490         [30:T2] 
[S1] 2025/11/27 16:10:22.891496 
[S1] 2025/11/27 16:10:22.891501      📌 nextIndex:  [31 31 31]
[S1] 2025/11/27 16:10:22.891510      📎 matchIndex: [30 0 30]
[S1] 2025/11/27 16:10:22.891518 ---------------------------------------------------
[S1] 2025/11/27 16:10:22.995063 
[At the start of broadcast] 🗂 S1 | Term=4 | Role=Leader | CommitIndex=29 | LastApplied=29
[S1] 2025/11/27 16:10:22.995208      📜 Log: 
[S1] 2025/11/27 16:10:22.995249         [0:T0] 
[S1] 2025/11/27 16:10:22.995290         [1:T1] 
[S1] 2025/11/27 16:10:22.995321         [2:T1] 
[S1] 2025/11/27 16:10:22.995353         [3:T1] 
[S1] 2025/11/27 16:10:22.995378         [4:T1] 
[S1] 2025/11/27 16:10:22.995406         [5:T1] 
[S1] 2025/11/27 16:10:22.995430         [6:T1] 
[S1] 2025/11/27 16:10:22.995455         [7:T1] 
[S1] 2025/11/27 16:10:22.995479         [8:T1] 
[S1] 2025/11/27 16:10:22.995503         [9:T1] 
[S1] 2025/11/27 16:10:22.995531         [10:T1] 
[S1] 2025/11/27 16:10:22.995559         [11:T1] 
[S1] 2025/11/27 16:10:22.995586         [12:T1] 
[S1] 2025/11/27 16:10:22.995613         [13:T2] 
[S1] 2025/11/27 16:10:22.995640         [14:T2] 
[S1] 2025/11/27 16:10:22.995665         [15:T2] 
[S1] 2025/11/27 16:10:22.995692         [16:T2] 
[S1] 2025/11/27 16:10:22.995717         [17:T2] 
[S1] 2025/11/27 16:10:22.995744         [18:T2] 
[S1] 2025/11/27 16:10:22.995767         [19:T2] 
[S1] 2025/11/27 16:10:22.995792         [20:T2] 
[S1] 2025/11/27 16:10:22.995818         [21:T2] 
[S1] 2025/11/27 16:10:22.995842         [22:T2] 
[S1] 2025/11/27 16:10:22.995867         [23:T2] 
[S1] 2025/11/27 16:10:22.995891         [24:T2] 
[S1] 2025/11/27 16:10:22.995919         [25:T2] 
[S1] 2025/11/27 16:10:22.995941         [26:T2] 
[S1] 2025/11/27 16:10:22.995968         [27:T2] 
[S1] 2025/11/27 16:10:22.995993         [28:T2] 
[S1] 2025/11/27 16:10:22.996017         [29:T2] 
[S1] 2025/11/27 16:10:22.996040         [30:T2] 
[S1] 2025/11/27 16:10:22.996064         [31:T4] 
[S1] 2025/11/27 16:10:22.996113 
[S1] 2025/11/27 16:10:22.996134      📌 nextIndex:  [31 31 31]
[S1] 2025/11/27 16:10:22.996185      📎 matchIndex: [30 31 30]
[S1] 2025/11/27 16:10:22.996220 ---------------------------------------------------
[S1] 2025/11/27 16:10:22.996295 
[At the end of broadcast] 🗂 S1 | Term=4 | Role=Leader | CommitIndex=29 | LastApplied=29
[S1] 2025/11/27 16:10:22.996333      📜 Log: 
[S1] 2025/11/27 16:10:22.996356         [0:T0] 
[S1] 2025/11/27 16:10:22.996385         [1:T1] 
[S1] 2025/11/27 16:10:22.996411         [2:T1] 
[S1] 2025/11/27 16:10:22.996435         [3:T1] 
[S1] 2025/11/27 16:10:22.996460         [4:T1] 
[S1] 2025/11/27 16:10:22.996485         [5:T1] 
[S1] 2025/11/27 16:10:22.996508         [6:T1] 
[S1] 2025/11/27 16:10:22.996535         [7:T1] 
[S1] 2025/11/27 16:10:22.996558         [8:T1] 
[S1] 2025/11/27 16:10:22.996581         [9:T1] 
[S1] 2025/11/27 16:10:22.996604         [10:T1] 
[S1] 2025/11/27 16:10:22.996628         [11:T1] 
[S1] 2025/11/27 16:10:22.996656         [12:T1] 
[S1] 2025/11/27 16:10:22.996680         [13:T2] 
[S1] 2025/11/27 16:10:22.996705         [14:T2] 
[S1] 2025/11/27 16:10:22.996729         [15:T2] 
[S1] 2025/11/27 16:10:22.996755         [16:T2] 
[S1] 2025/11/27 16:10:22.996779         [17:T2] 
[S1] 2025/11/27 16:10:22.996803         [18:T2] 
[S1] 2025/11/27 16:10:22.996827         [19:T2] 
[S1] 2025/11/27 16:10:22.996851         [20:T2] 
[S1] 2025/11/27 16:10:22.996875         [21:T2] 
[S1] 2025/11/27 16:10:22.996901         [22:T2] 
[S1] 2025/11/27 16:10:22.996924         [23:T2] 
[S1] 2025/11/27 16:10:22.996948         [24:T2] 
[S1] 2025/11/27 16:10:22.996973         [25:T2] 
[S1] 2025/11/27 16:10:22.996996         [26:T2] 
[S1] 2025/11/27 16:10:22.997018         [27:T2] 
[S1] 2025/11/27 16:10:22.997039         [28:T2] 
[S1] 2025/11/27 16:10:22.997060         [29:T2] 
[S1] 2025/11/27 16:10:22.997091         [30:T2] 
[S1] 2025/11/27 16:10:22.997112         [31:T4] 
[S1] 2025/11/27 16:10:22.997133 
[S1] 2025/11/27 16:10:22.997151      📌 nextIndex:  [31 31 31]
[S1] 2025/11/27 16:10:22.997187      📎 matchIndex: [30 31 30]
[S1] 2025/11/27 16:10:22.997225 ---------------------------------------------------
[S1] 2025/11/27 16:10:23.000040 
[At the start of handleAppendEntriesReply] 🗂 S1 | Term=4 | Role=Leader | CommitIndex=29 | LastApplied=29
[S1] 2025/11/27 16:10:23.000096      📜 Log: 
[S1] 2025/11/27 16:10:23.000121         [0:T0] 
[S1] 2025/11/27 16:10:23.000146         [1:T1] 
[S1] 2025/11/27 16:10:23.000170         [2:T1] 
[S1] 2025/11/27 16:10:23.000193         [3:T1] 
[S1] 2025/11/27 16:10:23.000215         [4:T1] 
[S1] 2025/11/27 16:10:23.000236         [5:T1] 
[S1] 2025/11/27 16:10:23.000259         [6:T1] 
[S1] 2025/11/27 16:10:23.000280         [7:T1] 
[S1] 2025/11/27 16:10:23.000301         [8:T1] 
[S1] 2025/11/27 16:10:23.000322         [9:T1] 
[S1] 2025/11/27 16:10:23.000343         [10:T1] 
[S1] 2025/11/27 16:10:23.000366         [11:T1] 
[S1] 2025/11/27 16:10:23.000388         [12:T1] 
[S1] 2025/11/27 16:10:23.000409         [13:T2] 
[S1] 2025/11/27 16:10:23.000431         [14:T2] 
[S1] 2025/11/27 16:10:23.000456         [15:T2] 
[S1] 2025/11/27 16:10:23.000479         [16:T2] 
[S1] 2025/11/27 16:10:23.000503         [17:T2] 
[S1] 2025/11/27 16:10:23.000524         [18:T2] 
[S1] 2025/11/27 16:10:23.000546         [19:T2] 
[S1] 2025/11/27 16:10:23.000569         [20:T2] 
[S1] 2025/11/27 16:10:23.000591         [21:T2] 
[S1] 2025/11/27 16:10:23.000613         [22:T2] 
[S1] 2025/11/27 16:10:23.000635         [23:T2] 
[S1] 2025/11/27 16:10:23.000657         [24:T2] 
[S1] 2025/11/27 16:10:23.000680         [25:T2] 
[S1] 2025/11/27 16:10:23.000701         [26:T2] 
[S1] 2025/11/27 16:10:23.000723         [27:T2] 
[S1] 2025/11/27 16:10:23.000744         [28:T2] 
[S1] 2025/11/27 16:10:23.000765         [29:T2] 
[S1] 2025/11/27 16:10:23.000788         [30:T2] 
[S1] 2025/11/27 16:10:23.000809         [31:T4] 
[S1] 2025/11/27 16:10:23.000830 
[S1] 2025/11/27 16:10:23.000848      📌 nextIndex:  [31 31 31]
[S1] 2025/11/27 16:10:23.000888      📎 matchIndex: [30 31 30]
[S1] 2025/11/27 16:10:23.000919 ---------------------------------------------------
[S1] 2025/11/27 16:10:23.000954 
[At the end of handleAppendEntriesReply] 🗂 S1 | Term=4 | Role=Leader | CommitIndex=31 | LastApplied=29
[S1] 2025/11/27 16:10:23.000996      📜 Log: 
[S1] 2025/11/27 16:10:23.001016         [0:T0] 
[S1] 2025/11/27 16:10:23.001039         [1:T1] 
[S1] 2025/11/27 16:10:23.001061         [2:T1] 
[S1] 2025/11/27 16:10:23.001093         [3:T1] 
[S1] 2025/11/27 16:10:23.001115         [4:T1] 
[S1] 2025/11/27 16:10:23.001137         [5:T1] 
[S1] 2025/11/27 16:10:23.001159         [6:T1] 
[S1] 2025/11/27 16:10:23.001181         [7:T1] 
[S1] 2025/11/27 16:10:23.001204         [8:T1] 
[S1] 2025/11/27 16:10:23.001228         [9:T1] 
[S1] 2025/11/27 16:10:23.001250         [10:T1] 
[S1] 2025/11/27 16:10:23.001273         [11:T1] 
[S1] 2025/11/27 16:10:23.001296         [12:T1] 
[S1] 2025/11/27 16:10:23.001319         [13:T2] 
[S1] 2025/11/27 16:10:23.001341         [14:T2] 
[S1] 2025/11/27 16:10:23.001363         [15:T2] 
[S1] 2025/11/27 16:10:23.001385         [16:T2] 
[S1] 2025/11/27 16:10:23.001405         [17:T2] 
[S1] 2025/11/27 16:10:23.001425         [18:T2] 
[S1] 2025/11/27 16:10:23.001446         [19:T2] 
[S1] 2025/11/27 16:10:23.001466         [20:T2] 
[S1] 2025/11/27 16:10:23.001492         [21:T2] 
[S1] 2025/11/27 16:10:23.001530         [22:T2] 
[S1] 2025/11/27 16:10:23.001560         [23:T2] 
[S1] 2025/11/27 16:10:23.001590         [24:T2] 
[S1] 2025/11/27 16:10:23.001611         [25:T2] 
[S1] 2025/11/27 16:10:23.001632         [26:T2] 
[S1] 2025/11/27 16:10:23.001655         [27:T2] 
[S1] 2025/11/27 16:10:23.001676         [28:T2] 
[S1] 2025/11/27 16:10:23.001700         [29:T2] 
[S1] 2025/11/27 16:10:23.001719         [30:T2] 
[S1] 2025/11/27 16:10:23.001742         [31:T4] 
[S1] 2025/11/27 16:10:23.001762 
[S1] 2025/11/27 16:10:23.001780      📌 nextIndex:  [31 31 32]
[S1] 2025/11/27 16:10:23.001787      📎 matchIndex: [30 31 31]
[S1] 2025/11/27 16:10:23.001793 ---------------------------------------------------
[S1] 2025/11/27 16:10:23.001939 
[At the start of handleAppendEntriesReply] 🗂 S1 | Term=4 | Role=Leader | CommitIndex=31 | LastApplied=31
[S1] 2025/11/27 16:10:23.001958      📜 Log: 
[S1] 2025/11/27 16:10:23.001967         [0:T0] 
[S1] 2025/11/27 16:10:23.001976         [1:T1] 
[S1] 2025/11/27 16:10:23.001984         [2:T1] 
[S1] 2025/11/27 16:10:23.001992         [3:T1] 
[S1] 2025/11/27 16:10:23.002002         [4:T1] 
[S1] 2025/11/27 16:10:23.002010         [5:T1] 
[S1] 2025/11/27 16:10:23.002017         [6:T1] 
[S1] 2025/11/27 16:10:23.002025         [7:T1] 
[S1] 2025/11/27 16:10:23.002033         [8:T1] 
[S1] 2025/11/27 16:10:23.002042         [9:T1] 
[S1] 2025/11/27 16:10:23.002049         [10:T1] 
[S1] 2025/11/27 16:10:23.002057         [11:T1] 
[S1] 2025/11/27 16:10:23.002064         [12:T1] 
[S1] 2025/11/27 16:10:23.002216         [13:T2] 
[S1] 2025/11/27 16:10:23.002230         [14:T2] 
[S1] 2025/11/27 16:10:23.002238         [15:T2] 
[S1] 2025/11/27 16:10:23.002248         [16:T2] 
[S1] 2025/11/27 16:10:23.002254         [17:T2] 
[S1] 2025/11/27 16:10:23.002261         [18:T2] 
[S1] 2025/11/27 16:10:23.002267         [19:T2] 
[S1] 2025/11/27 16:10:23.002275         [20:T2] 
[S1] 2025/11/27 16:10:23.002282         [21:T2] 
[S1] 2025/11/27 16:10:23.002289         [22:T2] 
[S1] 2025/11/27 16:10:23.002295         [23:T2] 
[S1] 2025/11/27 16:10:23.002302         [24:T2] 
[S1] 2025/11/27 16:10:23.002307         [25:T2] 
[S1] 2025/11/27 16:10:23.002315         [26:T2] 
[S1] 2025/11/27 16:10:23.002321         [27:T2] 
[S1] 2025/11/27 16:10:23.002328         [28:T2] 
[S1] 2025/11/27 16:10:23.002335         [29:T2] 
[S1] 2025/11/27 16:10:23.002341         [30:T2] 
[S1] 2025/11/27 16:10:23.002347         [31:T4] 
[S1] 2025/11/27 16:10:23.002355 
[S1] 2025/11/27 16:10:23.002360      📌 nextIndex:  [31 31 32]
[S1] 2025/11/27 16:10:23.002372      📎 matchIndex: [30 31 31]
[S1] 2025/11/27 16:10:23.002381 ---------------------------------------------------
[S1] 2025/11/27 16:10:23.002388 
[At the end of handleAppendEntriesReply] 🗂 S1 | Term=4 | Role=Leader | CommitIndex=31 | LastApplied=31
[S1] 2025/11/27 16:10:23.002400      📜 Log: 
[S1] 2025/11/27 16:10:23.002414         [0:T0] 
[S1] 2025/11/27 16:10:23.002421         [1:T1] 
[S1] 2025/11/27 16:10:23.002428         [2:T1] 
[S1] 2025/11/27 16:10:23.002435         [3:T1] 
[S1] 2025/11/27 16:10:23.002442         [4:T1] 
[S1] 2025/11/27 16:10:23.002449         [5:T1] 
[S1] 2025/11/27 16:10:23.002456         [6:T1] 
[S1] 2025/11/27 16:10:23.002462         [7:T1] 
[S1] 2025/11/27 16:10:23.002470         [8:T1] 
[S1] 2025/11/27 16:10:23.002476         [9:T1] 
[S1] 2025/11/27 16:10:23.002483         [10:T1] 
[S1] 2025/11/27 16:10:23.002489         [11:T1] 
[S1] 2025/11/27 16:10:23.002496         [12:T1] 
[S1] 2025/11/27 16:10:23.002502         [13:T2] 
[S1] 2025/11/27 16:10:23.002508         [14:T2] 
[S1] 2025/11/27 16:10:23.002515         [15:T2] 
[S1] 2025/11/27 16:10:23.002522         [16:T2] 
[S1] 2025/11/27 16:10:23.002530         [17:T2] 
[S1] 2025/11/27 16:10:23.002536         [18:T2] 
[S1] 2025/11/27 16:10:23.002544         [19:T2] 
[S1] 2025/11/27 16:10:23.002552         [20:T2] 
[S1] 2025/11/27 16:10:23.002560         [21:T2] 
[S1] 2025/11/27 16:10:23.002569         [22:T2] 
[S1] 2025/11/27 16:10:23.002577         [23:T2] 
[S1] 2025/11/27 16:10:23.002583         [24:T2] 
[S1] 2025/11/27 16:10:23.002589         [25:T2] 
[S1] 2025/11/27 16:10:23.002596         [26:T2] 
[S1] 2025/11/27 16:10:23.002603         [27:T2] 
[S1] 2025/11/27 16:10:23.002611         [28:T2] 
[S1] 2025/11/27 16:10:23.002617         [29:T2] 
[S1] 2025/11/27 16:10:23.002623         [30:T2] 
[S1] 2025/11/27 16:10:23.002629         [31:T4] 
[S1] 2025/11/27 16:10:23.002636 
[S1] 2025/11/27 16:10:23.002641      📌 nextIndex:  [32 31 32]
[S1] 2025/11/27 16:10:23.002652      📎 matchIndex: [31 31 31]
[S1] 2025/11/27 16:10:23.002662 ---------------------------------------------------
[S1] 2025/11/27 16:10:23.102630 
[At the start of broadcast] 🗂 S1 | Term=4 | Role=Leader | CommitIndex=31 | LastApplied=31
[S1] 2025/11/27 16:10:23.102713      📜 Log: 
[S1] 2025/11/27 16:10:23.102737         [0:T0] 
[S1] 2025/11/27 16:10:23.102760         [1:T1] 
[S1] 2025/11/27 16:10:23.102777         [2:T1] 
[S1] 2025/11/27 16:10:23.102794         [3:T1] 
[S1] 2025/11/27 16:10:23.102811         [4:T1] 
[S1] 2025/11/27 16:10:23.102836         [5:T1] 
[S1] 2025/11/27 16:10:23.102853         [6:T1] 
[S1] 2025/11/27 16:10:23.102874         [7:T1] 
[S1] 2025/11/27 16:10:23.102893         [8:T1] 
[S1] 2025/11/27 16:10:23.102911         [9:T1] 
[S1] 2025/11/27 16:10:23.102926         [10:T1] 
[S1] 2025/11/27 16:10:23.102944         [11:T1] 
[S1] 2025/11/27 16:10:23.102962         [12:T1] 
[S1] 2025/11/27 16:10:23.102978         [13:T2] 
[S1] 2025/11/27 16:10:23.102995         [14:T2] 
[S1] 2025/11/27 16:10:23.103012         [15:T2] 
[S1] 2025/11/27 16:10:23.103029         [16:T2] 
[S1] 2025/11/27 16:10:23.103043         [17:T2] 
[S1] 2025/11/27 16:10:23.103059         [18:T2] 
[S1] 2025/11/27 16:10:23.103101         [19:T2] 
[S1] 2025/11/27 16:10:23.103121         [20:T2] 
[S1] 2025/11/27 16:10:23.103136         [21:T2] 
[S1] 2025/11/27 16:10:23.103153         [22:T2] 
[S1] 2025/11/27 16:10:23.103167         [23:T2] 
[S1] 2025/11/27 16:10:23.103182         [24:T2] 
[S1] 2025/11/27 16:10:23.103197         [25:T2] 
[S1] 2025/11/27 16:10:23.103214         [26:T2] 
[S1] 2025/11/27 16:10:23.103235         [27:T2] 
[S1] 2025/11/27 16:10:23.103250         [28:T2] 
[S1] 2025/11/27 16:10:23.103264         [29:T2] 
[S1] 2025/11/27 16:10:23.103282         [30:T2] 
[S1] 2025/11/27 16:10:23.103297         [31:T4] 
[S1] 2025/11/27 16:10:23.103313 
[S1] 2025/11/27 16:10:23.103328      📌 nextIndex:  [32 31 32]
[S1] 2025/11/27 16:10:23.103364      📎 matchIndex: [31 31 31]
[S1] 2025/11/27 16:10:23.103388 ---------------------------------------------------
[S1] 2025/11/27 16:10:23.103427 
[At the end of broadcast] 🗂 S1 | Term=4 | Role=Leader | CommitIndex=31 | LastApplied=31
[S1] 2025/11/27 16:10:23.103455      📜 Log: 
[S1] 2025/11/27 16:10:23.103470         [0:T0] 
[S1] 2025/11/27 16:10:23.103488         [1:T1] 
[S1] 2025/11/27 16:10:23.103508         [2:T1] 
[S1] 2025/11/27 16:10:23.103540         [3:T1] 
[S1] 2025/11/27 16:10:23.103557         [4:T1] 
[S1] 2025/11/27 16:10:23.103574         [5:T1] 
[S1] 2025/11/27 16:10:23.103590         [6:T1] 
[S1] 2025/11/27 16:10:23.103608         [7:T1] 
[S1] 2025/11/27 16:10:23.103626         [8:T1] 
[S1] 2025/11/27 16:10:23.103642         [9:T1] 
[S1] 2025/11/27 16:10:23.103659         [10:T1] 
[S1] 2025/11/27 16:10:23.103674         [11:T1] 
[S1] 2025/11/27 16:10:23.103692         [12:T1] 
[S1] 2025/11/27 16:10:23.103709         [13:T2] 
[S1] 2025/11/27 16:10:23.103725         [14:T2] 
[S1] 2025/11/27 16:10:23.103741         [15:T2] 
[S1] 2025/11/27 16:10:23.103758         [16:T2] 
[S1] 2025/11/27 16:10:23.103774         [17:T2] 
[S1] 2025/11/27 16:10:23.103789         [18:T2] 
[S1] 2025/11/27 16:10:23.103805         [19:T2] 
[S1] 2025/11/27 16:10:23.103821         [20:T2] 
[S1] 2025/11/27 16:10:23.103836         [21:T2] 
[S1] 2025/11/27 16:10:23.103851         [22:T2] 
[S1] 2025/11/27 16:10:23.103868         [23:T2] 
[S1] 2025/11/27 16:10:23.103885         [24:T2] 
[S1] 2025/11/27 16:10:23.103900         [25:T2] 
[S1] 2025/11/27 16:10:23.103919         [26:T2] 
[S1] 2025/11/27 16:10:23.103934         [27:T2] 
[S1] 2025/11/27 16:10:23.103950         [28:T2] 
[S1] 2025/11/27 16:10:23.103966         [29:T2] 
[S1] 2025/11/27 16:10:23.103983         [30:T2] 
[S1] 2025/11/27 16:10:23.103998         [31:T4] 
[S1] 2025/11/27 16:10:23.104016 
[S1] 2025/11/27 16:10:23.104029      📌 nextIndex:  [32 31 32]
[S1] 2025/11/27 16:10:23.104054      📎 matchIndex: [31 31 31]
[S1] 2025/11/27 16:10:23.104095 ---------------------------------------------------
[S1] 2025/11/27 16:10:23.106221 
[At the start of handleAppendEntriesReply] 🗂 S1 | Term=4 | Role=Leader | CommitIndex=31 | LastApplied=31
[S1] 2025/11/27 16:10:23.106306      📜 Log: 
[S1] 2025/11/27 16:10:23.106335         [0:T0] 
[S1] 2025/11/27 16:10:23.106362         [1:T1] 
[S1] 2025/11/27 16:10:23.106387         [2:T1] 
[S1] 2025/11/27 16:10:23.106406         [3:T1] 
[S1] 2025/11/27 16:10:23.106429         [4:T1] 
[S1] 2025/11/27 16:10:23.106448         [5:T1] 
[S1] 2025/11/27 16:10:23.106468         [6:T1] 
[S1] 2025/11/27 16:10:23.106486         [7:T1] 
[S1] 2025/11/27 16:10:23.106508         [8:T1] 
[S1] 2025/11/27 16:10:23.106528         [9:T1] 
[S1] 2025/11/27 16:10:23.106547         [10:T1] 
[S1] 2025/11/27 16:10:23.106567         [11:T1] 
[S1] 2025/11/27 16:10:23.106586         [12:T1] 
[S1] 2025/11/27 16:10:23.106607         [13:T2] 
[S1] 2025/11/27 16:10:23.106628         [14:T2] 
[S1] 2025/11/27 16:10:23.106646         [15:T2] 
[S1] 2025/11/27 16:10:23.106666         [16:T2] 
[S1] 2025/11/27 16:10:23.106685         [17:T2] 
[S1] 2025/11/27 16:10:23.106704         [18:T2] 
[S1] 2025/11/27 16:10:23.106722         [19:T2] 
[S1] 2025/11/27 16:10:23.106740         [20:T2] 
[S1] 2025/11/27 16:10:23.106759         [21:T2] 
[S1] 2025/11/27 16:10:23.106779         [22:T2] 
[S1] 2025/11/27 16:10:23.106799         [23:T2] 
[S1] 2025/11/27 16:10:23.106818         [24:T2] 
[S1] 2025/11/27 16:10:23.106836         [25:T2] 
[S1] 2025/11/27 16:10:23.106857         [26:T2] 
[S1] 2025/11/27 16:10:23.106875         [27:T2] 
[S1] 2025/11/27 16:10:23.106894         [28:T2] 
[S1] 2025/11/27 16:10:23.106910         [29:T2] 
[S1] 2025/11/27 16:10:23.106927         [30:T2] 
[S1] 2025/11/27 16:10:23.106943         [31:T4] 
[S1] 2025/11/27 16:10:23.106958 
[S1] 2025/11/27 16:10:23.106974      📌 nextIndex:  [32 31 32]
[S1] 2025/11/27 16:10:23.107003      📎 matchIndex: [31 31 31]
[S1] 2025/11/27 16:10:23.107027 ---------------------------------------------------
[S1] 2025/11/27 16:10:23.107049 
[At the end of handleAppendEntriesReply] 🗂 S1 | Term=4 | Role=Leader | CommitIndex=31 | LastApplied=31
[S1] 2025/11/27 16:10:23.107090      📜 Log: 
[S1] 2025/11/27 16:10:23.107111         [0:T0] 
[S1] 2025/11/27 16:10:23.107130         [1:T1] 
[S1] 2025/11/27 16:10:23.107147         [2:T1] 
[S1] 2025/11/27 16:10:23.107162         [3:T1] 
[S1] 2025/11/27 16:10:23.107179         [4:T1] 
[S1] 2025/11/27 16:10:23.107196         [5:T1] 
[S1] 2025/11/27 16:10:23.107225         [6:T1] 
[S1] 2025/11/27 16:10:23.107240         [7:T1] 
[S1] 2025/11/27 16:10:23.107256         [8:T1] 
[S1] 2025/11/27 16:10:23.107272         [9:T1] 
[S1] 2025/11/27 16:10:23.107288         [10:T1] 
[S1] 2025/11/27 16:10:23.107304         [11:T1] 
[S1] 2025/11/27 16:10:23.107319         [12:T1] 
[S1] 2025/11/27 16:10:23.107336         [13:T2] 
[S1] 2025/11/27 16:10:23.107351         [14:T2] 
[S1] 2025/11/27 16:10:23.107371         [15:T2] 
[S1] 2025/11/27 16:10:23.107386         [16:T2] 
[S1] 2025/11/27 16:10:23.107402         [17:T2] 
[S1] 2025/11/27 16:10:23.107418         [18:T2] 
[S1] 2025/11/27 16:10:23.107433         [19:T2] 
[S1] 2025/11/27 16:10:23.107449         [20:T2] 
[S1] 2025/11/27 16:10:23.107464         [21:T2] 
[S1] 2025/11/27 16:10:23.107482         [22:T2] 
[S1] 2025/11/27 16:10:23.107498         [23:T2] 
[S1] 2025/11/27 16:10:23.107516         [24:T2] 
[S1] 2025/11/27 16:10:23.107531         [25:T2] 
[S1] 2025/11/27 16:10:23.107546         [26:T2] 
[S1] 2025/11/27 16:10:23.107563         [27:T2] 
[S1] 2025/11/27 16:10:23.107578         [28:T2] 
[S1] 2025/11/27 16:10:23.107594         [29:T2] 
[S1] 2025/11/27 16:10:23.107609         [30:T2] 
[S1] 2025/11/27 16:10:23.107626         [31:T4] 
[S1] 2025/11/27 16:10:23.107641 
[S1] 2025/11/27 16:10:23.107654      📌 nextIndex:  [32 31 32]
[S1] 2025/11/27 16:10:23.107679      📎 matchIndex: [31 31 31]
[S1] 2025/11/27 16:10:23.107701 ---------------------------------------------------
[S1] 2025/11/27 16:10:23.107733 
[At the start of handleAppendEntriesReply] 🗂 S1 | Term=4 | Role=Leader | CommitIndex=31 | LastApplied=31
[S1] 2025/11/27 16:10:23.107802      📜 Log: 
[S1] 2025/11/27 16:10:23.107839         [0:T0] 
[S1] 2025/11/27 16:10:23.107877         [1:T1] 
[S1] 2025/11/27 16:10:23.107916         [2:T1] 
[S1] 2025/11/27 16:10:23.107951         [3:T1] 
[S1] 2025/11/27 16:10:23.107983         [4:T1] 
[S1] 2025/11/27 16:10:23.108011         [5:T1] 
[S1] 2025/11/27 16:10:23.108042         [6:T1] 
[S1] 2025/11/27 16:10:23.108083         [7:T1] 
[S1] 2025/11/27 16:10:23.108120         [8:T1] 
[S1] 2025/11/27 16:10:23.108153         [9:T1] 
[S1] 2025/11/27 16:10:23.108181         [10:T1] 
[S1] 2025/11/27 16:10:23.108208         [11:T1] 
[S1] 2025/11/27 16:10:23.108235         [12:T1] 
[S1] 2025/11/27 16:10:23.108264         [13:T2] 
[S1] 2025/11/27 16:10:23.108294         [14:T2] 
[S1] 2025/11/27 16:10:23.108324         [15:T2] 
[S1] 2025/11/27 16:10:23.108349         [16:T2] 
[S1] 2025/11/27 16:10:23.108380         [17:T2] 
[S1] 2025/11/27 16:10:23.108406         [18:T2] 
[S1] 2025/11/27 16:10:23.108433         [19:T2] 
[S1] 2025/11/27 16:10:23.108459         [20:T2] 
[S1] 2025/11/27 16:10:23.108486         [21:T2] 
[S1] 2025/11/27 16:10:23.108511         [22:T2] 
[S1] 2025/11/27 16:10:23.108540         [23:T2] 
[S1] 2025/11/27 16:10:23.108568         [24:T2] 
[S1] 2025/11/27 16:10:23.108596         [25:T2] 
[S1] 2025/11/27 16:10:23.108621         [26:T2] 
[S1] 2025/11/27 16:10:23.108648         [27:T2] 
[S1] 2025/11/27 16:10:23.108673         [28:T2] 
[S1] 2025/11/27 16:10:23.108700         [29:T2] 
[S1] 2025/11/27 16:10:23.108725         [30:T2] 
[S1] 2025/11/27 16:10:23.108753         [31:T4] 
[S1] 2025/11/27 16:10:23.108782 
[S1] 2025/11/27 16:10:23.108806      📌 nextIndex:  [32 31 32]
[S1] 2025/11/27 16:10:23.108853      📎 matchIndex: [31 31 31]
[S1] 2025/11/27 16:10:23.108890 ---------------------------------------------------
[S1] 2025/11/27 16:10:23.108924 
[At the end of handleAppendEntriesReply] 🗂 S1 | Term=4 | Role=Leader | CommitIndex=31 | LastApplied=31
[S1] 2025/11/27 16:10:23.108960      📜 Log: 
[S1] 2025/11/27 16:10:23.108989         [0:T0] 
[S1] 2025/11/27 16:10:23.109023         [1:T1] 
[S1] 2025/11/27 16:10:23.109053         [2:T1] 
[S1] 2025/11/27 16:10:23.109101         [3:T1] 
[S1] 2025/11/27 16:10:23.109131         [4:T1] 
[S1] 2025/11/27 16:10:23.109166         [5:T1] 
[S1] 2025/11/27 16:10:23.109202         [6:T1] 
[S1] 2025/11/27 16:10:23.109235         [7:T1] 
[S1] 2025/11/27 16:10:23.109283         [8:T1] 
[S1] 2025/11/27 16:10:23.109317         [9:T1] 
[S1] 2025/11/27 16:10:23.109348         [10:T1] 
[S1] 2025/11/27 16:10:23.109378         [11:T1] 
[S1] 2025/11/27 16:10:23.109408         [12:T1] 
[S1] 2025/11/27 16:10:23.109438         [13:T2] 
[S1] 2025/11/27 16:10:23.109467         [14:T2] 
[S1] 2025/11/27 16:10:23.109499         [15:T2] 
[S1] 2025/11/27 16:10:23.109530         [16:T2] 
[S1] 2025/11/27 16:10:23.109559         [17:T2] 
[S1] 2025/11/27 16:10:23.109588         [18:T2] 
[S1] 2025/11/27 16:10:23.109620         [19:T2] 
[S1] 2025/11/27 16:10:23.109649         [20:T2] 
[S1] 2025/11/27 16:10:23.109678         [21:T2] 
[S1] 2025/11/27 16:10:23.109708         [22:T2] 
[S1] 2025/11/27 16:10:23.109745         [23:T2] 
[S1] 2025/11/27 16:10:23.109776         [24:T2] 
[S1] 2025/11/27 16:10:23.109806         [25:T2] 
[S1] 2025/11/27 16:10:23.109836         [26:T2] 
[S1] 2025/11/27 16:10:23.109867         [27:T2] 
[S1] 2025/11/27 16:10:23.109895         [28:T2] 
[S1] 2025/11/27 16:10:23.109924         [29:T2] 
[S1] 2025/11/27 16:10:23.109952         [30:T2] 
[S1] 2025/11/27 16:10:23.109981         [31:T4] 
[S1] 2025/11/27 16:10:23.109989 
[S1] 2025/11/27 16:10:23.109996      📌 nextIndex:  [32 31 32]
[S1] 2025/11/27 16:10:23.110008      📎 matchIndex: [31 31 31]
[S1] 2025/11/27 16:10:23.110019 ---------------------------------------------------
[S1] 2025/11/27 16:10:23.210459 
[At the start of broadcast] 🗂 S1 | Term=4 | Role=Leader | CommitIndex=31 | LastApplied=31
[S1] 2025/11/27 16:10:23.210577      📜 Log: 
[S1] 2025/11/27 16:10:23.210614         [0:T0] 
[S1] 2025/11/27 16:10:23.210643         [1:T1] 
[S1] 2025/11/27 16:10:23.210667         [2:T1] 
[S1] 2025/11/27 16:10:23.210692         [3:T1] 
[S1] 2025/11/27 16:10:23.210714         [4:T1] 
[S1] 2025/11/27 16:10:23.210735         [5:T1] 
[S1] 2025/11/27 16:10:23.210756         [6:T1] 
[S1] 2025/11/27 16:10:23.210777         [7:T1] 
[S1] 2025/11/27 16:10:23.210796         [8:T1] 
[S1] 2025/11/27 16:10:23.210820         [9:T1] 
[S1] 2025/11/27 16:10:23.210841         [10:T1] 
[S1] 2025/11/27 16:10:23.210862         [11:T1] 
[S1] 2025/11/27 16:10:23.210885         [12:T1] 
[S1] 2025/11/27 16:10:23.210905         [13:T2] 
[S1] 2025/11/27 16:10:23.210926         [14:T2] 
[S1] 2025/11/27 16:10:23.210949         [15:T2] 
[S1] 2025/11/27 16:10:23.210971         [16:T2] 
[S1] 2025/11/27 16:10:23.210990         [17:T2] 
[S1] 2025/11/27 16:10:23.211007         [18:T2] 
[S1] 2025/11/27 16:10:23.211024         [19:T2] 
[S1] 2025/11/27 16:10:23.211043         [20:T2] 
[S1] 2025/11/27 16:10:23.211061         [21:T2] 
[S1] 2025/11/27 16:10:23.211097         [22:T2] 
[S1] 2025/11/27 16:10:23.211115         [23:T2] 
[S1] 2025/11/27 16:10:23.211132         [24:T2] 
[S1] 2025/11/27 16:10:23.211151         [25:T2] 
[S1] 2025/11/27 16:10:23.211168         [26:T2] 
[S1] 2025/11/27 16:10:23.211184         [27:T2] 
[S1] 2025/11/27 16:10:23.211203         [28:T2] 
[S1] 2025/11/27 16:10:23.211219         [29:T2] 
[S1] 2025/11/27 16:10:23.211238         [30:T2] 
[S1] 2025/11/27 16:10:23.211256         [31:T4] 
[S1] 2025/11/27 16:10:23.211274 
[S1] 2025/11/27 16:10:23.211290      📌 nextIndex:  [32 31 32]
[S1] 2025/11/27 16:10:23.211327      📎 matchIndex: [31 31 31]
[S1] 2025/11/27 16:10:23.211355 ---------------------------------------------------
[S1] 2025/11/27 16:10:23.211399 
[At the end of broadcast] 🗂 S1 | Term=4 | Role=Leader | CommitIndex=31 | LastApplied=31
[S1] 2025/11/27 16:10:23.211426      📜 Log: 
[S1] 2025/11/27 16:10:23.211440         [0:T0] 
[S1] 2025/11/27 16:10:23.211458         [1:T1] 
[S1] 2025/11/27 16:10:23.211475         [2:T1] 
[S1] 2025/11/27 16:10:23.211494         [3:T1] 
[S1] 2025/11/27 16:10:23.211510         [4:T1] 
[S1] 2025/11/27 16:10:23.211526         [5:T1] 
[S1] 2025/11/27 16:10:23.211544         [6:T1] 
[S1] 2025/11/27 16:10:23.211562         [7:T1] 
[S1] 2025/11/27 16:10:23.211577         [8:T1] 
[S1] 2025/11/27 16:10:23.211596         [9:T1] 
[S1] 2025/11/27 16:10:23.211613         [10:T1] 
[S1] 2025/11/27 16:10:23.211644         [11:T1] 
[S1] 2025/11/27 16:10:23.211662         [12:T1] 
[S1] 2025/11/27 16:10:23.211678         [13:T2] 
[S1] 2025/11/27 16:10:23.211695         [14:T2] 
[S1] 2025/11/27 16:10:23.211713         [15:T2] 
[S1] 2025/11/27 16:10:23.211730         [16:T2] 
[S1] 2025/11/27 16:10:23.211757         [17:T2] 
[S1] 2025/11/27 16:10:23.211781         [18:T2] 
[S1] 2025/11/27 16:10:23.211802         [19:T2] 
[S1] 2025/11/27 16:10:23.211819         [20:T2] 
[S1] 2025/11/27 16:10:23.211836         [21:T2] 
[S1] 2025/11/27 16:10:23.211853         [22:T2] 
[S1] 2025/11/27 16:10:23.211875         [23:T2] 
[S1] 2025/11/27 16:10:23.211893         [24:T2] 
[S1] 2025/11/27 16:10:23.211911         [25:T2] 
[S1] 2025/11/27 16:10:23.211927         [26:T2] 
[S1] 2025/11/27 16:10:23.211946         [27:T2] 
[S1] 2025/11/27 16:10:23.211962         [28:T2] 
[S1] 2025/11/27 16:10:23.211981         [29:T2] 
[S1] 2025/11/27 16:10:23.211996         [30:T2] 
[S1] 2025/11/27 16:10:23.212013         [31:T4] 
[S1] 2025/11/27 16:10:23.212036 
[S1] 2025/11/27 16:10:23.212054      📌 nextIndex:  [32 31 32]
[S1] 2025/11/27 16:10:23.212088      📎 matchIndex: [31 31 31]
[S1] 2025/11/27 16:10:23.212111 ---------------------------------------------------
[S1] 2025/11/27 16:10:23.214528 
[At the start of handleAppendEntriesReply] 🗂 S1 | Term=4 | Role=Leader | CommitIndex=31 | LastApplied=31
[S1] 2025/11/27 16:10:23.214574      📜 Log: 
[S1] 2025/11/27 16:10:23.214597         [0:T0] 
[S1] 2025/11/27 16:10:23.214625         [1:T1] 
[S1] 2025/11/27 16:10:23.214642         [2:T1] 
[S1] 2025/11/27 16:10:23.214660         [3:T1] 
[S1] 2025/11/27 16:10:23.214676         [4:T1] 
[S1] 2025/11/27 16:10:23.214693         [5:T1] 
[S1] 2025/11/27 16:10:23.214709         [6:T1] 
[S1] 2025/11/27 16:10:23.214731         [7:T1] 
[S1] 2025/11/27 16:10:23.214748         [8:T1] 
[S1] 2025/11/27 16:10:23.214766         [9:T1] 
[S1] 2025/11/27 16:10:23.214782         [10:T1] 
[S1] 2025/11/27 16:10:23.214800         [11:T1] 
[S1] 2025/11/27 16:10:23.214824         [12:T1] 
[S1] 2025/11/27 16:10:23.214842         [13:T2] 
[S1] 2025/11/27 16:10:23.214859         [14:T2] 
[S1] 2025/11/27 16:10:23.214878         [15:T2] 
[S1] 2025/11/27 16:10:23.214896         [16:T2] 
[S1] 2025/11/27 16:10:23.214913         [17:T2] 
[S1] 2025/11/27 16:10:23.214938         [18:T2] 
[S1] 2025/11/27 16:10:23.214956         [19:T2] 
[S1] 2025/11/27 16:10:23.214975         [20:T2] 
[S1] 2025/11/27 16:10:23.214997         [21:T2] 
[S1] 2025/11/27 16:10:23.215015         [22:T2] 
[S1] 2025/11/27 16:10:23.215039         [23:T2] 
[S1] 2025/11/27 16:10:23.215060         [24:T2] 
[S1] 2025/11/27 16:10:23.215089         [25:T2] 
[S1] 2025/11/27 16:10:23.215106         [26:T2] 
[S1] 2025/11/27 16:10:23.215127         [27:T2] 
[S1] 2025/11/27 16:10:23.215144         [28:T2] 
[S1] 2025/11/27 16:10:23.215169         [29:T2] 
[S1] 2025/11/27 16:10:23.215186         [30:T2] 
[S1] 2025/11/27 16:10:23.215202         [31:T4] 
[S1] 2025/11/27 16:10:23.215223 
[S1] 2025/11/27 16:10:23.215238      📌 nextIndex:  [32 31 32]
[S1] 2025/11/27 16:10:23.215280      📎 matchIndex: [31 31 31]
[S1] 2025/11/27 16:10:23.215306 ---------------------------------------------------
[S1] 2025/11/27 16:10:23.215326 
[At the end of handleAppendEntriesReply] 🗂 S1 | Term=4 | Role=Leader | CommitIndex=31 | LastApplied=31
[S1] 2025/11/27 16:10:23.215357      📜 Log: 
[S1] 2025/11/27 16:10:23.215382         [0:T0] 
[S1] 2025/11/27 16:10:23.215444         [1:T1] 
[S1] 2025/11/27 16:10:23.216482         [2:T1] 
[S1] 2025/11/27 16:10:23.216555         [3:T1] 
[S1] 2025/11/27 16:10:23.216587         [4:T1] 
[S1] 2025/11/27 16:10:23.216626         [5:T1] 
[S1] 2025/11/27 16:10:23.216648         [6:T1] 
[S1] 2025/11/27 16:10:23.216669         [7:T1] 
[S1] 2025/11/27 16:10:23.216689         [8:T1] 
[S1] 2025/11/27 16:10:23.216708         [9:T1] 
[S1] 2025/11/27 16:10:23.216735         [10:T1] 
[S1] 2025/11/27 16:10:23.216756         [11:T1] 
[S1] 2025/11/27 16:10:23.216777         [12:T1] 
[S1] 2025/11/27 16:10:23.216815         [13:T2] 
[S1] 2025/11/27 16:10:23.216838         [14:T2] 
[S1] 2025/11/27 16:10:23.216857         [15:T2] 
[S1] 2025/11/27 16:10:23.216876         [16:T2] 
[S1] 2025/11/27 16:10:23.216896         [17:T2] 
[S1] 2025/11/27 16:10:23.216920         [18:T2] 
[S1] 2025/11/27 16:10:23.216940         [19:T2] 
[S1] 2025/11/27 16:10:23.216962         [20:T2] 
[S1] 2025/11/27 16:10:23.216981         [21:T2] 
[S1] 2025/11/27 16:10:23.217001         [22:T2] 
[S1] 2025/11/27 16:10:23.217026         [23:T2] 
[S1] 2025/11/27 16:10:23.217049         [24:T2] 
[S1] 2025/11/27 16:10:23.217097         [25:T2] 
[S1] 2025/11/27 16:10:23.217122         [26:T2] 
[S1] 2025/11/27 16:10:23.217143         [27:T2] 
[S1] 2025/11/27 16:10:23.217166         [28:T2] 
[S1] 2025/11/27 16:10:23.217186         [29:T2] 
[S1] 2025/11/27 16:10:23.217209         [30:T2] 
[S1] 2025/11/27 16:10:23.217231         [31:T4] 
[S1] 2025/11/27 16:10:23.217251 
[S1] 2025/11/27 16:10:23.217270      📌 nextIndex:  [32 31 32]
[S1] 2025/11/27 16:10:23.217315      📎 matchIndex: [31 31 31]
[S1] 2025/11/27 16:10:23.217348 ---------------------------------------------------
[S1] 2025/11/27 16:10:23.217399 
[At the start of handleAppendEntriesReply] 🗂 S1 | Term=4 | Role=Leader | CommitIndex=31 | LastApplied=31
[S1] 2025/11/27 16:10:23.217450      📜 Log: 
[S1] 2025/11/27 16:10:23.217477         [0:T0] 
[S1] 2025/11/27 16:10:23.217504         [1:T1] 
[S1] 2025/11/27 16:10:23.217527         [2:T1] 
[S1] 2025/11/27 16:10:23.217550         [3:T1] 
[S1] 2025/11/27 16:10:23.217572         [4:T1] 
[S1] 2025/11/27 16:10:23.217593         [5:T1] 
[S1] 2025/11/27 16:10:23.217613         [6:T1] 
[S1] 2025/11/27 16:10:23.217636         [7:T1] 
[S1] 2025/11/27 16:10:23.217658         [8:T1] 
[S1] 2025/11/27 16:10:23.217678         [9:T1] 
[S1] 2025/11/27 16:10:23.217699         [10:T1] 
[S1] 2025/11/27 16:10:23.217722         [11:T1] 
[S1] 2025/11/27 16:10:23.217743         [12:T1] 
[S1] 2025/11/27 16:10:23.217764         [13:T2] 
[S1] 2025/11/27 16:10:23.217787         [14:T2] 
[S1] 2025/11/27 16:10:23.217807         [15:T2] 
[S1] 2025/11/27 16:10:23.217829         [16:T2] 
[S1] 2025/11/27 16:10:23.217849         [17:T2] 
[S1] 2025/11/27 16:10:23.217869         [18:T2] 
[S1] 2025/11/27 16:10:23.217889         [19:T2] 
[S1] 2025/11/27 16:10:23.217911         [20:T2] 
[S1] 2025/11/27 16:10:23.217931         [21:T2] 
[S1] 2025/11/27 16:10:23.217953         [22:T2] 
[S1] 2025/11/27 16:10:23.217973         [23:T2] 
[S1] 2025/11/27 16:10:23.217995         [24:T2] 
[S1] 2025/11/27 16:10:23.218013         [25:T2] 
[S1] 2025/11/27 16:10:23.218032         [26:T2] 
[S1] 2025/11/27 16:10:23.218050         [27:T2] 
[S1] 2025/11/27 16:10:23.218078         [28:T2] 
[S1] 2025/11/27 16:10:23.218100         [29:T2] 
[S1] 2025/11/27 16:10:23.218119         [30:T2] 
[S1] 2025/11/27 16:10:23.218138         [31:T4] 
[S1] 2025/11/27 16:10:23.218157 
[S1] 2025/11/27 16:10:23.218174      📌 nextIndex:  [32 31 32]
[S1] 2025/11/27 16:10:23.218206      📎 matchIndex: [31 31 31]
[S1] 2025/11/27 16:10:23.218232 ---------------------------------------------------
[S1] 2025/11/27 16:10:23.218256 
[At the end of handleAppendEntriesReply] 🗂 S1 | Term=4 | Role=Leader | CommitIndex=31 | LastApplied=31
[S1] 2025/11/27 16:10:23.218287      📜 Log: 
[S1] 2025/11/27 16:10:23.218304         [0:T0] 
[S1] 2025/11/27 16:10:23.218326         [1:T1] 
[S1] 2025/11/27 16:10:23.218344         [2:T1] 
[S1] 2025/11/27 16:10:23.218363         [3:T1] 
[S1] 2025/11/27 16:10:23.218380         [4:T1] 
[S1] 2025/11/27 16:10:23.218398         [5:T1] 
[S1] 2025/11/27 16:10:23.218415         [6:T1] 
[S1] 2025/11/27 16:10:23.218431         [7:T1] 
[S1] 2025/11/27 16:10:23.218449         [8:T1] 
[S1] 2025/11/27 16:10:23.218466         [9:T1] 
[S1] 2025/11/27 16:10:23.218482         [10:T1] 
[S1] 2025/11/27 16:10:23.218500         [11:T1] 
[S1] 2025/11/27 16:10:23.218518         [12:T1] 
[S1] 2025/11/27 16:10:23.218535         [13:T2] 
[S1] 2025/11/27 16:10:23.218552         [14:T2] 
[S1] 2025/11/27 16:10:23.218574         [15:T2] 
[S1] 2025/11/27 16:10:23.218590         [16:T2] 
[S1] 2025/11/27 16:10:23.218607         [17:T2] 
[S1] 2025/11/27 16:10:23.218625         [18:T2] 
[S1] 2025/11/27 16:10:23.218642         [19:T2] 
[S1] 2025/11/27 16:10:23.218661         [20:T2] 
[S1] 2025/11/27 16:10:23.218677         [21:T2] 
[S1] 2025/11/27 16:10:23.218694         [22:T2] 
[S1] 2025/11/27 16:10:23.218711         [23:T2] 
[S1] 2025/11/27 16:10:23.218727         [24:T2] 
[S1] 2025/11/27 16:10:23.218745         [25:T2] 
[S1] 2025/11/27 16:10:23.218762         [26:T2] 
[S1] 2025/11/27 16:10:23.218778         [27:T2] 
[S1] 2025/11/27 16:10:23.218797         [28:T2] 
[S1] 2025/11/27 16:10:23.218818         [29:T2] 
[S1] 2025/11/27 16:10:23.218845         [30:T2] 
[S1] 2025/11/27 16:10:23.218869         [31:T4] 
[S1] 2025/11/27 16:10:23.218888 
[S1] 2025/11/27 16:10:23.218903      📌 nextIndex:  [32 31 32]
[S1] 2025/11/27 16:10:23.218934      📎 matchIndex: [31 31 31]
[S1] 2025/11/27 16:10:23.218958 ---------------------------------------------------
[S1] 2025/11/27 16:10:23.319468 
[At the start of broadcast] 🗂 S1 | Term=4 | Role=Leader | CommitIndex=31 | LastApplied=31
[S1] 2025/11/27 16:10:23.319662      📜 Log: 
[S1] 2025/11/27 16:10:23.319704         [0:T0] 
[S1] 2025/11/27 16:10:23.319741         [1:T1] 
[S1] 2025/11/27 16:10:23.319773         [2:T1] 
[S1] 2025/11/27 16:10:23.319802         [3:T1] 
[S1] 2025/11/27 16:10:23.319833         [4:T1] 
[S1] 2025/11/27 16:10:23.319862         [5:T1] 
[S1] 2025/11/27 16:10:23.319897         [6:T1] 
[S1] 2025/11/27 16:10:23.319926         [7:T1] 
[S1] 2025/11/27 16:10:23.319955         [8:T1] 
[S1] 2025/11/27 16:10:23.319983         [9:T1] 
[S1] 2025/11/27 16:10:23.320009         [10:T1] 
[S1] 2025/11/27 16:10:23.320042         [11:T1] 
[S1] 2025/11/27 16:10:23.320086         [12:T1] 
[S1] 2025/11/27 16:10:23.320120         [13:T2] 
[S1] 2025/11/27 16:10:23.320148         [14:T2] 
[S1] 2025/11/27 16:10:23.320177         [15:T2] 
[S1] 2025/11/27 16:10:23.320205         [16:T2] 
[S1] 2025/11/27 16:10:23.320231         [17:T2] 
[S1] 2025/11/27 16:10:23.320259         [18:T2] 
[S1] 2025/11/27 16:10:23.320285         [19:T2] 
[S1] 2025/11/27 16:10:23.320312         [20:T2] 
[S1] 2025/11/27 16:10:23.320340         [21:T2] 
[S1] 2025/11/27 16:10:23.320367         [22:T2] 
[S1] 2025/11/27 16:10:23.320392         [23:T2] 
[S1] 2025/11/27 16:10:23.320421         [24:T2] 
[S1] 2025/11/27 16:10:23.320445         [25:T2] 
[S1] 2025/11/27 16:10:23.320474         [26:T2] 
[S1] 2025/11/27 16:10:23.320502         [27:T2] 
[S1] 2025/11/27 16:10:23.320528         [28:T2] 
[S1] 2025/11/27 16:10:23.320554         [29:T2] 
[S1] 2025/11/27 16:10:23.320583         [30:T2] 
[S1] 2025/11/27 16:10:23.320609         [31:T4] 
[S1] 2025/11/27 16:10:23.320636 
[S1] 2025/11/27 16:10:23.320660      📌 nextIndex:  [32 31 32]
[S1] 2025/11/27 16:10:23.320711      📎 matchIndex: [31 31 31]
[S1] 2025/11/27 16:10:23.320748 ---------------------------------------------------
[S1] 2025/11/27 16:10:23.320806 
[At the end of broadcast] 🗂 S1 | Term=4 | Role=Leader | CommitIndex=31 | LastApplied=31
[S1] 2025/11/27 16:10:23.320851      📜 Log: 
[S1] 2025/11/27 16:10:23.320873         [0:T0] 
[S1] 2025/11/27 16:10:23.320903         [1:T1] 
[S1] 2025/11/27 16:10:23.320929         [2:T1] 
[S1] 2025/11/27 16:10:23.320957         [3:T1] 
[S1] 2025/11/27 16:10:23.320983         [4:T1] 
[S1] 2025/11/27 16:10:23.321008         [5:T1] 
[S1] 2025/11/27 16:10:23.321033         [6:T1] 
[S1] 2025/11/27 16:10:23.321058         [7:T1] 
[S1] 2025/11/27 16:10:23.321094         [8:T1] 
[S1] 2025/11/27 16:10:23.321117         [9:T1] 
[S1] 2025/11/27 16:10:23.321145         [10:T1] 
[S1] 2025/11/27 16:10:23.321173         [11:T1] 
[S1] 2025/11/27 16:10:23.321197         [12:T1] 
[S1] 2025/11/27 16:10:23.321223         [13:T2] 
[S1] 2025/11/27 16:10:23.321247         [14:T2] 
[S1] 2025/11/27 16:10:23.321271         [15:T2] 
[S1] 2025/11/27 16:10:23.321296         [16:T2] 
[S1] 2025/11/27 16:10:23.321324         [17:T2] 
[S1] 2025/11/27 16:10:23.321366         [18:T2] 
[S1] 2025/11/27 16:10:23.321390         [19:T2] 
[S1] 2025/11/27 16:10:23.321414         [20:T2] 
[S1] 2025/11/27 16:10:23.321437         [21:T2] 
[S1] 2025/11/27 16:10:23.321462         [22:T2] 
[S1] 2025/11/27 16:10:23.321483         [23:T2] 
[S1] 2025/11/27 16:10:23.321506         [24:T2] 
[S1] 2025/11/27 16:10:23.321530         [25:T2] 
[S1] 2025/11/27 16:10:23.321554         [26:T2] 
[S1] 2025/11/27 16:10:23.321577         [27:T2] 
[S1] 2025/11/27 16:10:23.321600         [28:T2] 
[S1] 2025/11/27 16:10:23.321625         [29:T2] 
[S1] 2025/11/27 16:10:23.321649         [30:T2] 
[S1] 2025/11/27 16:10:23.321673         [31:T4] 
[S1] 2025/11/27 16:10:23.321699 
[S1] 2025/11/27 16:10:23.321720      📌 nextIndex:  [32 31 32]
[S1] 2025/11/27 16:10:23.321755      📎 matchIndex: [31 31 31]
[S1] 2025/11/27 16:10:23.321795 ---------------------------------------------------
[S1] 2025/11/27 16:10:23.323041 
[At the start of handleAppendEntriesReply] 🗂 S1 | Term=4 | Role=Leader | CommitIndex=31 | LastApplied=31
[S1] 2025/11/27 16:10:23.323078      📜 Log: 
[S1] 2025/11/27 16:10:23.323093         [0:T0] 
[S1] 2025/11/27 16:10:23.323108         [1:T1] 
[S1] 2025/11/27 16:10:23.323121         [2:T1] 
[S1] 2025/11/27 16:10:23.323133         [3:T1] 
[S1] 2025/11/27 16:10:23.323147         [4:T1] 
[S1] 2025/11/27 16:10:23.323159         [5:T1] 
[S1] 2025/11/27 16:10:23.323170         [6:T1] 
[S1] 2025/11/27 16:10:23.323183         [7:T1] 
[S1] 2025/11/27 16:10:23.323193         [8:T1] 
[S1] 2025/11/27 16:10:23.323204         [9:T1] 
[S1] 2025/11/27 16:10:23.323216         [10:T1] 
[S1] 2025/11/27 16:10:23.323228         [11:T1] 
[S1] 2025/11/27 16:10:23.323240         [12:T1] 
[S1] 2025/11/27 16:10:23.323251         [13:T2] 
[S1] 2025/11/27 16:10:23.323263         [14:T2] 
[S1] 2025/11/27 16:10:23.323275         [15:T2] 
[S1] 2025/11/27 16:10:23.323286         [16:T2] 
[S1] 2025/11/27 16:10:23.323297         [17:T2] 
[S1] 2025/11/27 16:10:23.323308         [18:T2] 
[S1] 2025/11/27 16:10:23.323320         [19:T2] 
[S1] 2025/11/27 16:10:23.323331         [20:T2] 
[S1] 2025/11/27 16:10:23.323343         [21:T2] 
[S1] 2025/11/27 16:10:23.323355         [22:T2] 
[S1] 2025/11/27 16:10:23.323366         [23:T2] 
[S1] 2025/11/27 16:10:23.323378         [24:T2] 
[S1] 2025/11/27 16:10:23.323388         [25:T2] 
[S1] 2025/11/27 16:10:23.323400         [26:T2] 
[S1] 2025/11/27 16:10:23.323411         [27:T2] 
[S1] 2025/11/27 16:10:23.323423         [28:T2] 
[S1] 2025/11/27 16:10:23.323433         [29:T2] 
[S1] 2025/11/27 16:10:23.323445         [30:T2] 
[S1] 2025/11/27 16:10:23.323455         [31:T4] 
[S1] 2025/11/27 16:10:23.323466 
[S1] 2025/11/27 16:10:23.323476      📌 nextIndex:  [32 31 32]
[S1] 2025/11/27 16:10:23.323498      📎 matchIndex: [31 31 31]
[S1] 2025/11/27 16:10:23.323514 ---------------------------------------------------
[S1] 2025/11/27 16:10:23.323528 
[At the end of handleAppendEntriesReply] 🗂 S1 | Term=4 | Role=Leader | CommitIndex=31 | LastApplied=31
[S1] 2025/11/27 16:10:23.323546      📜 Log: 
[S1] 2025/11/27 16:10:23.323555         [0:T0] 
[S1] 2025/11/27 16:10:23.323567         [1:T1] 
[S1] 2025/11/27 16:10:23.323580         [2:T1] 
[S1] 2025/11/27 16:10:23.323592         [3:T1] 
[S1] 2025/11/27 16:10:23.323603         [4:T1] 
[S1] 2025/11/27 16:10:23.323614         [5:T1] 
[S1] 2025/11/27 16:10:23.323626         [6:T1] 
[S1] 2025/11/27 16:10:23.323639         [7:T1] 
[S1] 2025/11/27 16:10:23.323650         [8:T1] 
[S1] 2025/11/27 16:10:23.323661         [9:T1] 
[S1] 2025/11/27 16:10:23.323673         [10:T1] 
[S1] 2025/11/27 16:10:23.323684         [11:T1] 
[S1] 2025/11/27 16:10:23.323695         [12:T1] 
[S1] 2025/11/27 16:10:23.323708         [13:T2] 
[S1] 2025/11/27 16:10:23.323719         [14:T2] 
[S1] 2025/11/27 16:10:23.323730         [15:T2] 
[S1] 2025/11/27 16:10:23.323741         [16:T2] 
[S1] 2025/11/27 16:10:23.323752         [17:T2] 
[S1] 2025/11/27 16:10:23.323764         [18:T2] 
[S1] 2025/11/27 16:10:23.323776         [19:T2] 
[S1] 2025/11/27 16:10:23.323792         [20:T2] 
[S1] 2025/11/27 16:10:23.323804         [21:T2] 
[S1] 2025/11/27 16:10:23.323813         [22:T2] 
[S1] 2025/11/27 16:10:23.323823         [23:T2] 
[S1] 2025/11/27 16:10:23.323833         [24:T2] 
[S1] 2025/11/27 16:10:23.323842         [25:T2] 
[S1] 2025/11/27 16:10:23.323851         [26:T2] 
[S1] 2025/11/27 16:10:23.323861         [27:T2] 
[S1] 2025/11/27 16:10:23.323870         [28:T2] 
[S1] 2025/11/27 16:10:23.323881         [29:T2] 
[S1] 2025/11/27 16:10:23.323890         [30:T2] 
[S1] 2025/11/27 16:10:23.323899         [31:T4] 
[S1] 2025/11/27 16:10:23.323908 
[S1] 2025/11/27 16:10:23.323917      📌 nextIndex:  [32 31 32]
[S1] 2025/11/27 16:10:23.323931      📎 matchIndex: [31 31 31]
[S1] 2025/11/27 16:10:23.323945 ---------------------------------------------------
[S1] 2025/11/27 16:10:23.323960 
[At the start of handleAppendEntriesReply] 🗂 S1 | Term=4 | Role=Leader | CommitIndex=31 | LastApplied=31
[S1] 2025/11/27 16:10:23.323979      📜 Log: 
[S1] 2025/11/27 16:10:23.323990         [0:T0] 
[S1] 2025/11/27 16:10:23.324001         [1:T1] 
[S1] 2025/11/27 16:10:23.324013         [2:T1] 
[S1] 2025/11/27 16:10:23.324024         [3:T1] 
[S1] 2025/11/27 16:10:23.324034         [4:T1] 
[S1] 2025/11/27 16:10:23.324045         [5:T1] 
[S1] 2025/11/27 16:10:23.324055         [6:T1] 
[S1] 2025/11/27 16:10:23.324064         [7:T1] 
[S1] 2025/11/27 16:10:23.324079         [8:T1] 
[S1] 2025/11/27 16:10:23.324088         [9:T1] 
[S1] 2025/11/27 16:10:23.324099         [10:T1] 
[S1] 2025/11/27 16:10:23.324108         [11:T1] 
[S1] 2025/11/27 16:10:23.324118         [12:T1] 
[S1] 2025/11/27 16:10:23.324128         [13:T2] 
[S1] 2025/11/27 16:10:23.324138         [14:T2] 
[S1] 2025/11/27 16:10:23.324148         [15:T2] 
[S1] 2025/11/27 16:10:23.324160         [16:T2] 
[S1] 2025/11/27 16:10:23.324169         [17:T2] 
[S1] 2025/11/27 16:10:23.324178         [18:T2] 
[S1] 2025/11/27 16:10:23.324188         [19:T2] 
[S1] 2025/11/27 16:10:23.324197         [20:T2] 
[S1] 2025/11/27 16:10:23.324207         [21:T2] 
[S1] 2025/11/27 16:10:23.324216         [22:T2] 
[S1] 2025/11/27 16:10:23.324225         [23:T2] 
[S1] 2025/11/27 16:10:23.324233         [24:T2] 
[S1] 2025/11/27 16:10:23.324242         [25:T2] 
[S1] 2025/11/27 16:10:23.324251         [26:T2] 
[S1] 2025/11/27 16:10:23.324261         [27:T2] 
[S1] 2025/11/27 16:10:23.324270         [28:T2] 
[S1] 2025/11/27 16:10:23.324279         [29:T2] 
[S1] 2025/11/27 16:10:23.324288         [30:T2] 
[S1] 2025/11/27 16:10:23.324297         [31:T4] 
[S1] 2025/11/27 16:10:23.324306 
[S1] 2025/11/27 16:10:23.324314      📌 nextIndex:  [32 31 32]
[S1] 2025/11/27 16:10:23.324328      📎 matchIndex: [31 31 31]
[S1] 2025/11/27 16:10:23.324340 ---------------------------------------------------
[S1] 2025/11/27 16:10:23.324350 
[At the end of handleAppendEntriesReply] 🗂 S1 | Term=4 | Role=Leader | CommitIndex=31 | LastApplied=31
[S1] 2025/11/27 16:10:23.324365      📜 Log: 
[S1] 2025/11/27 16:10:23.324372         [0:T0] 
[S1] 2025/11/27 16:10:23.324382         [1:T1] 
[S1] 2025/11/27 16:10:23.324392         [2:T1] 
[S1] 2025/11/27 16:10:23.324400         [3:T1] 
[S1] 2025/11/27 16:10:23.324410         [4:T1] 
[S1] 2025/11/27 16:10:23.324420         [5:T1] 
[S1] 2025/11/27 16:10:23.324428         [6:T1] 
[S1] 2025/11/27 16:10:23.324438         [7:T1] 
[S1] 2025/11/27 16:10:23.324447         [8:T1] 
[S1] 2025/11/27 16:10:23.324457         [9:T1] 
[S1] 2025/11/27 16:10:23.324466         [10:T1] 
[S1] 2025/11/27 16:10:23.324475         [11:T1] 
[S1] 2025/11/27 16:10:23.324484         [12:T1] 
[S1] 2025/11/27 16:10:23.324494         [13:T2] 
[S1] 2025/11/27 16:10:23.324502         [14:T2] 
[S1] 2025/11/27 16:10:23.324511         [15:T2] 
[S1] 2025/11/27 16:10:23.324520         [16:T2] 
[S1] 2025/11/27 16:10:23.324529         [17:T2] 
[S1] 2025/11/27 16:10:23.324539         [18:T2] 
[S1] 2025/11/27 16:10:23.324547         [19:T2] 
[S1] 2025/11/27 16:10:23.324556         [20:T2] 
[S1] 2025/11/27 16:10:23.324565         [21:T2] 
[S1] 2025/11/27 16:10:23.324575         [22:T2] 
[S1] 2025/11/27 16:10:23.324586         [23:T2] 
[S1] 2025/11/27 16:10:23.324596         [24:T2] 
[S1] 2025/11/27 16:10:23.324605         [25:T2] 
[S1] 2025/11/27 16:10:23.324614         [26:T2] 
[S1] 2025/11/27 16:10:23.324623         [27:T2] 
[S1] 2025/11/27 16:10:23.324631         [28:T2] 
[S1] 2025/11/27 16:10:23.324641         [29:T2] 
[S1] 2025/11/27 16:10:23.324650         [30:T2] 
[S1] 2025/11/27 16:10:23.324659         [31:T4] 
[S1] 2025/11/27 16:10:23.324668 
[S1] 2025/11/27 16:10:23.324677      📌 nextIndex:  [32 31 32]
[S1] 2025/11/27 16:10:23.324689      📎 matchIndex: [31 31 31]
[S1] 2025/11/27 16:10:23.324702 ---------------------------------------------------
[S1] 2025/11/27 16:10:23.429164 
[At the start of broadcast] 🗂 S1 | Term=4 | Role=Leader | CommitIndex=31 | LastApplied=31
[S1] 2025/11/27 16:10:23.429224      📜 Log: 
[S1] 2025/11/27 16:10:23.429241         [0:T0] 
[S1] 2025/11/27 16:10:23.429254         [1:T1] 
[S1] 2025/11/27 16:10:23.429265         [2:T1] 
[S1] 2025/11/27 16:10:23.429275         [3:T1] 
[S1] 2025/11/27 16:10:23.429289         [4:T1] 
[S1] 2025/11/27 16:10:23.429299         [5:T1] 
[S1] 2025/11/27 16:10:23.429311         [6:T1] 
[S1] 2025/11/27 16:10:23.429320         [7:T1] 
[S1] 2025/11/27 16:10:23.429331         [8:T1] 
[S1] 2025/11/27 16:10:23.429341         [9:T1] 
[S1] 2025/11/27 16:10:23.429352         [10:T1] 
[S1] 2025/11/27 16:10:23.429363         [11:T1] 
[S1] 2025/11/27 16:10:23.429373         [12:T1] 
[S1] 2025/11/27 16:10:23.429384         [13:T2] 
[S1] 2025/11/27 16:10:23.429394         [14:T2] 
[S1] 2025/11/27 16:10:23.429404         [15:T2] 
[S1] 2025/11/27 16:10:23.429414         [16:T2] 
[S1] 2025/11/27 16:10:23.429423         [17:T2] 
[S1] 2025/11/27 16:10:23.429432         [18:T2] 
[S1] 2025/11/27 16:10:23.429443         [19:T2] 
[S1] 2025/11/27 16:10:23.429453         [20:T2] 
[S1] 2025/11/27 16:10:23.429463         [21:T2] 
[S1] 2025/11/27 16:10:23.429472         [22:T2] 
[S1] 2025/11/27 16:10:23.429484         [23:T2] 
[S1] 2025/11/27 16:10:23.429494         [24:T2] 
[S1] 2025/11/27 16:10:23.429504         [25:T2] 
[S1] 2025/11/27 16:10:23.429515         [26:T2] 
[S1] 2025/11/27 16:10:23.429524         [27:T2] 
[S1] 2025/11/27 16:10:23.429535         [28:T2] 
[S1] 2025/11/27 16:10:23.429544         [29:T2] 
[S1] 2025/11/27 16:10:23.429555         [30:T2] 
[S1] 2025/11/27 16:10:23.429564         [31:T4] 
[S1] 2025/11/27 16:10:23.429574 
[S1] 2025/11/27 16:10:23.429583      📌 nextIndex:  [32 31 32]
[S1] 2025/11/27 16:10:23.429603      📎 matchIndex: [31 31 31]
[S1] 2025/11/27 16:10:23.429617 ---------------------------------------------------
[S1] 2025/11/27 16:10:23.429644 
[At the end of broadcast] 🗂 S1 | Term=4 | Role=Leader | CommitIndex=31 | LastApplied=31
[S1] 2025/11/27 16:10:23.429660      📜 Log: 
[S1] 2025/11/27 16:10:23.429669         [0:T0] 
[S1] 2025/11/27 16:10:23.429680         [1:T1] 
[S1] 2025/11/27 16:10:23.429689         [2:T1] 
[S1] 2025/11/27 16:10:23.429701         [3:T1] 
[S1] 2025/11/27 16:10:23.429711         [4:T1] 
[S1] 2025/11/27 16:10:23.429720         [5:T1] 
[S1] 2025/11/27 16:10:23.429730         [6:T1] 
[S1] 2025/11/27 16:10:23.429739         [7:T1] 
[S1] 2025/11/27 16:10:23.429750         [8:T1] 
[S1] 2025/11/27 16:10:23.429760         [9:T1] 
[S1] 2025/11/27 16:10:23.429770         [10:T1] 
[S1] 2025/11/27 16:10:23.429781         [11:T1] 
[S1] 2025/11/27 16:10:23.429791         [12:T1] 
[S1] 2025/11/27 16:10:23.429801         [13:T2] 
[S1] 2025/11/27 16:10:23.429811         [14:T2] 
[S1] 2025/11/27 16:10:23.429822         [15:T2] 
[S1] 2025/11/27 16:10:23.429831         [16:T2] 
[S1] 2025/11/27 16:10:23.429841         [17:T2] 
[S1] 2025/11/27 16:10:23.429851         [18:T2] 
[S1] 2025/11/27 16:10:23.429860         [19:T2] 
[S1] 2025/11/27 16:10:23.429871         [20:T2] 
[S1] 2025/11/27 16:10:23.429881         [21:T2] 
[S1] 2025/11/27 16:10:23.429891         [22:T2] 
[S1] 2025/11/27 16:10:23.429900         [23:T2] 
[S1] 2025/11/27 16:10:23.429911         [24:T2] 
[S1] 2025/11/27 16:10:23.429931         [25:T2] 
[S1] 2025/11/27 16:10:23.429942         [26:T2] 
[S1] 2025/11/27 16:10:23.429951         [27:T2] 
[S1] 2025/11/27 16:10:23.429960         [28:T2] 
[S1] 2025/11/27 16:10:23.429970         [29:T2] 
[S1] 2025/11/27 16:10:23.429978         [30:T2] 
[S1] 2025/11/27 16:10:23.429990         [31:T4] 
[S1] 2025/11/27 16:10:23.430000 
[S1] 2025/11/27 16:10:23.430008      📌 nextIndex:  [32 31 32]
[S1] 2025/11/27 16:10:23.430022      📎 matchIndex: [31 31 31]
[S1] 2025/11/27 16:10:23.430034 ---------------------------------------------------
[S1] 2025/11/27 16:10:23.431098 
[At the start of handleAppendEntriesReply] 🗂 S1 | Term=4 | Role=Leader | CommitIndex=31 | LastApplied=31
[S1] 2025/11/27 16:10:23.431120      📜 Log: 
[S1] 2025/11/27 16:10:23.431130         [0:T0] 
[S1] 2025/11/27 16:10:23.431140         [1:T1] 
[S1] 2025/11/27 16:10:23.431149         [2:T1] 
[S1] 2025/11/27 16:10:23.431158         [3:T1] 
[S1] 2025/11/27 16:10:23.431168         [4:T1] 
[S1] 2025/11/27 16:10:23.431177         [5:T1] 
[S1] 2025/11/27 16:10:23.431185         [6:T1] 
[S1] 2025/11/27 16:10:23.431194         [7:T1] 
[S1] 2025/11/27 16:10:23.431201         [8:T1] 
[S1] 2025/11/27 16:10:23.431209         [9:T1] 
[S1] 2025/11/27 16:10:23.431217         [10:T1] 
[S1] 2025/11/27 16:10:23.431226         [11:T1] 
[S1] 2025/11/27 16:10:23.431235         [12:T1] 
[S1] 2025/11/27 16:10:23.431243         [13:T2] 
[S1] 2025/11/27 16:10:23.431251         [14:T2] 
[S1] 2025/11/27 16:10:23.431260         [15:T2] 
[S1] 2025/11/27 16:10:23.431268         [16:T2] 
[S1] 2025/11/27 16:10:23.431276         [17:T2] 
[S1] 2025/11/27 16:10:23.431283         [18:T2] 
[S1] 2025/11/27 16:10:23.431292         [19:T2] 
[S1] 2025/11/27 16:10:23.431300         [20:T2] 
[S1] 2025/11/27 16:10:23.431309         [21:T2] 
[S1] 2025/11/27 16:10:23.431317         [22:T2] 
[S1] 2025/11/27 16:10:23.431325         [23:T2] 
[S1] 2025/11/27 16:10:23.431335         [24:T2] 
[S1] 2025/11/27 16:10:23.431342         [25:T2] 
[S1] 2025/11/27 16:10:23.431349         [26:T2] 
[S1] 2025/11/27 16:10:23.431356         [27:T2] 
[S1] 2025/11/27 16:10:23.431363         [28:T2] 
[S1] 2025/11/27 16:10:23.431371         [29:T2] 
[S1] 2025/11/27 16:10:23.431379         [30:T2] 
[S1] 2025/11/27 16:10:23.431387         [31:T4] 
[S1] 2025/11/27 16:10:23.431395 
[S1] 2025/11/27 16:10:23.431401      📌 nextIndex:  [32 31 32]
[S1] 2025/11/27 16:10:23.431416      📎 matchIndex: [31 31 31]
[S1] 2025/11/27 16:10:23.431427 ---------------------------------------------------
[S1] 2025/11/27 16:10:23.431436 
[At the end of handleAppendEntriesReply] 🗂 S1 | Term=4 | Role=Leader | CommitIndex=31 | LastApplied=31
[S1] 2025/11/27 16:10:23.431449      📜 Log: 
[S1] 2025/11/27 16:10:23.431457         [0:T0] 
[S1] 2025/11/27 16:10:23.431465         [1:T1] 
[S1] 2025/11/27 16:10:23.431473         [2:T1] 
[S1] 2025/11/27 16:10:23.431481         [3:T1] 
[S1] 2025/11/27 16:10:23.431488         [4:T1] 
[S1] 2025/11/27 16:10:23.431496         [5:T1] 
[S1] 2025/11/27 16:10:23.431503         [6:T1] 
[S1] 2025/11/27 16:10:23.431511         [7:T1] 
[S1] 2025/11/27 16:10:23.431519         [8:T1] 
[S1] 2025/11/27 16:10:23.431527         [9:T1] 
[S1] 2025/11/27 16:10:23.431534         [10:T1] 
[S1] 2025/11/27 16:10:23.431542         [11:T1] 
[S1] 2025/11/27 16:10:23.431550         [12:T1] 
[S1] 2025/11/27 16:10:23.431558         [13:T2] 
[S1] 2025/11/27 16:10:23.431565         [14:T2] 
[S1] 2025/11/27 16:10:23.431573         [15:T2] 
[S1] 2025/11/27 16:10:23.431581         [16:T2] 
[S1] 2025/11/27 16:10:23.431588         [17:T2] 
[S1] 2025/11/27 16:10:23.431597         [18:T2] 
[S1] 2025/11/27 16:10:23.431604         [19:T2] 
[S1] 2025/11/27 16:10:23.431612         [20:T2] 
[S1] 2025/11/27 16:10:23.431619         [21:T2] 
[S1] 2025/11/27 16:10:23.431627         [22:T2] 
[S1] 2025/11/27 16:10:23.431635         [23:T2] 
[S1] 2025/11/27 16:10:23.431642         [24:T2] 
[S1] 2025/11/27 16:10:23.431650         [25:T2] 
[S1] 2025/11/27 16:10:23.431657         [26:T2] 
[S1] 2025/11/27 16:10:23.431664         [27:T2] 
[S1] 2025/11/27 16:10:23.431676         [28:T2] 
[S1] 2025/11/27 16:10:23.431684         [29:T2] 
[S1] 2025/11/27 16:10:23.431692         [30:T2] 
[S1] 2025/11/27 16:10:23.431699         [31:T4] 
[S1] 2025/11/27 16:10:23.431707 
[S1] 2025/11/27 16:10:23.431713      📌 nextIndex:  [32 31 32]
[S1] 2025/11/27 16:10:23.431725      📎 matchIndex: [31 31 31]
[S1] 2025/11/27 16:10:23.431735 ---------------------------------------------------
[S1] 2025/11/27 16:10:23.431747 
[At the start of handleAppendEntriesReply] 🗂 S1 | Term=4 | Role=Leader | CommitIndex=31 | LastApplied=31
[S1] 2025/11/27 16:10:23.431763      📜 Log: 
[S1] 2025/11/27 16:10:23.431772         [0:T0] 
[S1] 2025/11/27 16:10:23.431782         [1:T1] 
[S1] 2025/11/27 16:10:23.431790         [2:T1] 
[S1] 2025/11/27 16:10:23.431800         [3:T1] 
[S1] 2025/11/27 16:10:23.431809         [4:T1] 
[S1] 2025/11/27 16:10:23.431817         [5:T1] 
[S1] 2025/11/27 16:10:23.431824         [6:T1] 
[S1] 2025/11/27 16:10:23.431832         [7:T1] 
[S1] 2025/11/27 16:10:23.431839         [8:T1] 
[S1] 2025/11/27 16:10:23.431848         [9:T1] 
[S1] 2025/11/27 16:10:23.431855         [10:T1] 
[S1] 2025/11/27 16:10:23.431863         [11:T1] 
[S1] 2025/11/27 16:10:23.431870         [12:T1] 
[S1] 2025/11/27 16:10:23.431878         [13:T2] 
[S1] 2025/11/27 16:10:23.431886         [14:T2] 
[S1] 2025/11/27 16:10:23.431894         [15:T2] 
[S1] 2025/11/27 16:10:23.431901         [16:T2] 
[S1] 2025/11/27 16:10:23.431908         [17:T2] 
[S1] 2025/11/27 16:10:23.431916         [18:T2] 
[S1] 2025/11/27 16:10:23.431926         [19:T2] 
[S1] 2025/11/27 16:10:23.431933         [20:T2] 
[S1] 2025/11/27 16:10:23.431943         [21:T2] 
[S1] 2025/11/27 16:10:23.431949         [22:T2] 
[S1] 2025/11/27 16:10:23.431956         [23:T2] 
[S1] 2025/11/27 16:10:23.431963         [24:T2] 
[S1] 2025/11/27 16:10:23.431969         [25:T2] 
[S1] 2025/11/27 16:10:23.431976         [26:T2] 
[S1] 2025/11/27 16:10:23.431983         [27:T2] 
[S1] 2025/11/27 16:10:23.431990         [28:T2] 
[S1] 2025/11/27 16:10:23.431996         [29:T2] 
[S1] 2025/11/27 16:10:23.432004         [30:T2] 
[S1] 2025/11/27 16:10:23.432010         [31:T4] 
[S1] 2025/11/27 16:10:23.432017 
[S1] 2025/11/27 16:10:23.432023      📌 nextIndex:  [32 31 32]
[S1] 2025/11/27 16:10:23.432034      📎 matchIndex: [31 31 31]
[S1] 2025/11/27 16:10:23.432043 ---------------------------------------------------
[S1] 2025/11/27 16:10:23.432051 
[At the end of handleAppendEntriesReply] 🗂 S1 | Term=4 | Role=Leader | CommitIndex=31 | LastApplied=31
[S1] 2025/11/27 16:10:23.432061      📜 Log: 
[S1] 2025/11/27 16:10:23.432074         [0:T0] 
[S1] 2025/11/27 16:10:23.432086         [1:T1] 
[S1] 2025/11/27 16:10:23.432093         [2:T1] 
[S1] 2025/11/27 16:10:23.432100         [3:T1] 
[S1] 2025/11/27 16:10:23.432107         [4:T1] 
[S1] 2025/11/27 16:10:23.432115         [5:T1] 
[S1] 2025/11/27 16:10:23.432123         [6:T1] 
[S1] 2025/11/27 16:10:23.432131         [7:T1] 
[S1] 2025/11/27 16:10:23.432137         [8:T1] 
[S1] 2025/11/27 16:10:23.432144         [9:T1] 
[S1] 2025/11/27 16:10:23.432151         [10:T1] 
[S1] 2025/11/27 16:10:23.432158         [11:T1] 
[S1] 2025/11/27 16:10:23.432165         [12:T1] 
[S1] 2025/11/27 16:10:23.432172         [13:T2] 
[S1] 2025/11/27 16:10:23.432179         [14:T2] 
[S1] 2025/11/27 16:10:23.432186         [15:T2] 
[S1] 2025/11/27 16:10:23.432192         [16:T2] 
[S1] 2025/11/27 16:10:23.432200         [17:T2] 
[S1] 2025/11/27 16:10:23.432207         [18:T2] 
[S1] 2025/11/27 16:10:23.432213         [19:T2] 
[S1] 2025/11/27 16:10:23.432220         [20:T2] 
[S1] 2025/11/27 16:10:23.432227         [21:T2] 
[S1] 2025/11/27 16:10:23.432233         [22:T2] 
[S1] 2025/11/27 16:10:23.432241         [23:T2] 
[S1] 2025/11/27 16:10:23.432247         [24:T2] 
[S1] 2025/11/27 16:10:23.432253         [25:T2] 
[S1] 2025/11/27 16:10:23.432260         [26:T2] 
[S1] 2025/11/27 16:10:23.432267         [27:T2] 
[S1] 2025/11/27 16:10:23.432273         [28:T2] 
[S1] 2025/11/27 16:10:23.432281         [29:T2] 
[S1] 2025/11/27 16:10:23.432290         [30:T2] 
[S1] 2025/11/27 16:10:23.432296         [31:T4] 
[S1] 2025/11/27 16:10:23.432305 
[S1] 2025/11/27 16:10:23.432311      📌 nextIndex:  [32 31 32]
[S1] 2025/11/27 16:10:23.432322      📎 matchIndex: [31 31 31]
[S1] 2025/11/27 16:10:23.432330 ---------------------------------------------------
[S1] 2025/11/27 16:10:23.535561 
[At the start of broadcast] 🗂 S1 | Term=4 | Role=Leader | CommitIndex=31 | LastApplied=31
[S1] 2025/11/27 16:10:23.535647      📜 Log: 
[S1] 2025/11/27 16:10:23.535669         [0:T0] 
[S1] 2025/11/27 16:10:23.535689         [1:T1] 
[S1] 2025/11/27 16:10:23.535707         [2:T1] 
[S1] 2025/11/27 16:10:23.535724         [3:T1] 
[S1] 2025/11/27 16:10:23.535742         [4:T1] 
[S1] 2025/11/27 16:10:23.535761         [5:T1] 
[S1] 2025/11/27 16:10:23.535779         [6:T1] 
[S1] 2025/11/27 16:10:23.535797         [7:T1] 
[S1] 2025/11/27 16:10:23.535817         [8:T1] 
[S1] 2025/11/27 16:10:23.535835         [9:T1] 
[S1] 2025/11/27 16:10:23.535852         [10:T1] 
[S1] 2025/11/27 16:10:23.535870         [11:T1] 
[S1] 2025/11/27 16:10:23.535890         [12:T1] 
[S1] 2025/11/27 16:10:23.535909         [13:T2] 
[S1] 2025/11/27 16:10:23.535927         [14:T2] 
[S1] 2025/11/27 16:10:23.535944         [15:T2] 
[S1] 2025/11/27 16:10:23.535961         [16:T2] 
[S1] 2025/11/27 16:10:23.535978         [17:T2] 
[S1] 2025/11/27 16:10:23.535996         [18:T2] 
[S1] 2025/11/27 16:10:23.536013         [19:T2] 
[S1] 2025/11/27 16:10:23.536029         [20:T2] 
[S1] 2025/11/27 16:10:23.536046         [21:T2] 
[S1] 2025/11/27 16:10:23.536062         [22:T2] 
[S1] 2025/11/27 16:10:23.536105         [23:T2] 
[S1] 2025/11/27 16:10:23.536125         [24:T2] 
[S1] 2025/11/27 16:10:23.536142         [25:T2] 
[S1] 2025/11/27 16:10:23.536158         [26:T2] 
[S1] 2025/11/27 16:10:23.536175         [27:T2] 
[S1] 2025/11/27 16:10:23.536191         [28:T2] 
[S1] 2025/11/27 16:10:23.536208         [29:T2] 
[S1] 2025/11/27 16:10:23.536224         [30:T2] 
[S1] 2025/11/27 16:10:23.536242         [31:T4] 
[S1] 2025/11/27 16:10:23.536259 
[S1] 2025/11/27 16:10:23.536274      📌 nextIndex:  [32 31 32]
[S1] 2025/11/27 16:10:23.536306      📎 matchIndex: [31 31 31]
[S1] 2025/11/27 16:10:23.536329 ---------------------------------------------------
[S1] 2025/11/27 16:10:23.536370 
[At the end of broadcast] 🗂 S1 | Term=4 | Role=Leader | CommitIndex=31 | LastApplied=31
[S1] 2025/11/27 16:10:23.536396      📜 Log: 
[S1] 2025/11/27 16:10:23.536411         [0:T0] 
[S1] 2025/11/27 16:10:23.536428         [1:T1] 
[S1] 2025/11/27 16:10:23.536445         [2:T1] 
[S1] 2025/11/27 16:10:23.536461         [3:T1] 
[S1] 2025/11/27 16:10:23.536478         [4:T1] 
[S1] 2025/11/27 16:10:23.536494         [5:T1] 
[S1] 2025/11/27 16:10:23.536510         [6:T1] 
[S1] 2025/11/27 16:10:23.536527         [7:T1] 
[S1] 2025/11/27 16:10:23.536542         [8:T1] 
[S1] 2025/11/27 16:10:23.536562         [9:T1] 
[S1] 2025/11/27 16:10:23.536578         [10:T1] 
[S1] 2025/11/27 16:10:23.536596         [11:T1] 
[S1] 2025/11/27 16:10:23.536612         [12:T1] 
[S1] 2025/11/27 16:10:23.536628         [13:T2] 
[S1] 2025/11/27 16:10:23.536645         [14:T2] 
[S1] 2025/11/27 16:10:23.536661         [15:T2] 
[S1] 2025/11/27 16:10:23.536676         [16:T2] 
[S1] 2025/11/27 16:10:23.536692         [17:T2] 
[S1] 2025/11/27 16:10:23.536706         [18:T2] 
[S1] 2025/11/27 16:10:23.536721         [19:T2] 
[S1] 2025/11/27 16:10:23.536736         [20:T2] 
[S1] 2025/11/27 16:10:23.536751         [21:T2] 
[S1] 2025/11/27 16:10:23.536765         [22:T2] 
[S1] 2025/11/27 16:10:23.536782         [23:T2] 
[S1] 2025/11/27 16:10:23.536797         [24:T2] 
[S1] 2025/11/27 16:10:23.536812         [25:T2] 
[S1] 2025/11/27 16:10:23.536827         [26:T2] 
[S1] 2025/11/27 16:10:23.536845         [27:T2] 
[S1] 2025/11/27 16:10:23.536861         [28:T2] 
[S1] 2025/11/27 16:10:23.536875         [29:T2] 
[S1] 2025/11/27 16:10:23.536892         [30:T2] 
[S1] 2025/11/27 16:10:23.536906         [31:T4] 
[S1] 2025/11/27 16:10:23.536921 
[S1] 2025/11/27 16:10:23.536948      📌 nextIndex:  [32 31 32]
[S1] 2025/11/27 16:10:23.536971      📎 matchIndex: [31 31 31]
[S1] 2025/11/27 16:10:23.536992 ---------------------------------------------------
[S1] 2025/11/27 16:10:23.538524 
[At the start of handleAppendEntriesReply] 🗂 S1 | Term=4 | Role=Leader | CommitIndex=31 | LastApplied=31
[S1] 2025/11/27 16:10:23.538553      📜 Log: 
[S1] 2025/11/27 16:10:23.538569         [0:T0] 
[S1] 2025/11/27 16:10:23.538585         [1:T1] 
[S1] 2025/11/27 16:10:23.538598         [2:T1] 
[S1] 2025/11/27 16:10:23.538611         [3:T1] 
[S1] 2025/11/27 16:10:23.538626         [4:T1] 
[S1] 2025/11/27 16:10:23.538638         [5:T1] 
[S1] 2025/11/27 16:10:23.538650         [6:T1] 
[S1] 2025/11/27 16:10:23.538662         [7:T1] 
[S1] 2025/11/27 16:10:23.538676         [8:T1] 
[S1] 2025/11/27 16:10:23.538686         [9:T1] 
[S1] 2025/11/27 16:10:23.538698         [10:T1] 
[S1] 2025/11/27 16:10:23.538710         [11:T1] 
[S1] 2025/11/27 16:10:23.538722         [12:T1] 
[S1] 2025/11/27 16:10:23.538733         [13:T2] 
[S1] 2025/11/27 16:10:23.538746         [14:T2] 
[S1] 2025/11/27 16:10:23.538757         [15:T2] 
[S1] 2025/11/27 16:10:23.538769         [16:T2] 
[S1] 2025/11/27 16:10:23.538781         [17:T2] 
[S1] 2025/11/27 16:10:23.538792         [18:T2] 
[S1] 2025/11/27 16:10:23.538803         [19:T2] 
[S1] 2025/11/27 16:10:23.538815         [20:T2] 
[S1] 2025/11/27 16:10:23.538826         [21:T2] 
[S1] 2025/11/27 16:10:23.538838         [22:T2] 
[S1] 2025/11/27 16:10:23.538849         [23:T2] 
[S1] 2025/11/27 16:10:23.538859         [24:T2] 
[S1] 2025/11/27 16:10:23.538871         [25:T2] 
[S1] 2025/11/27 16:10:23.538882         [26:T2] 
[S1] 2025/11/27 16:10:23.538893         [27:T2] 
[S1] 2025/11/27 16:10:23.538904         [28:T2] 
[S1] 2025/11/27 16:10:23.538915         [29:T2] 
[S1] 2025/11/27 16:10:23.538927         [30:T2] 
[S1] 2025/11/27 16:10:23.538937         [31:T4] 
[S1] 2025/11/27 16:10:23.538949 
[S1] 2025/11/27 16:10:23.538959      📌 nextIndex:  [32 31 32]
[S1] 2025/11/27 16:10:23.538980      📎 matchIndex: [31 31 31]
[S1] 2025/11/27 16:10:23.538995 ---------------------------------------------------
[S1] 2025/11/27 16:10:23.539009 
[At the end of handleAppendEntriesReply] 🗂 S1 | Term=4 | Role=Leader | CommitIndex=31 | LastApplied=31
[S1] 2025/11/27 16:10:23.539029      📜 Log: 
[S1] 2025/11/27 16:10:23.539039         [0:T0] 
[S1] 2025/11/27 16:10:23.539051         [1:T1] 
[S1] 2025/11/27 16:10:23.539062         [2:T1] 
[S1] 2025/11/27 16:10:23.539081         [3:T1] 
[S1] 2025/11/27 16:10:23.539092         [4:T1] 
[S1] 2025/11/27 16:10:23.539103         [5:T1] 
[S1] 2025/11/27 16:10:23.539114         [6:T1] 
[S1] 2025/11/27 16:10:23.539124         [7:T1] 
[S1] 2025/11/27 16:10:23.539134         [8:T1] 
[S1] 2025/11/27 16:10:23.539145         [9:T1] 
[S1] 2025/11/27 16:10:23.539157         [10:T1] 
[S1] 2025/11/27 16:10:23.539167         [11:T1] 
[S1] 2025/11/27 16:10:23.539179         [12:T1] 
[S1] 2025/11/27 16:10:23.539190         [13:T2] 
[S1] 2025/11/27 16:10:23.539200         [14:T2] 
[S1] 2025/11/27 16:10:23.539211         [15:T2] 
[S1] 2025/11/27 16:10:23.539222         [16:T2] 
[S1] 2025/11/27 16:10:23.539231         [17:T2] 
[S1] 2025/11/27 16:10:23.539243         [18:T2] 
[S1] 2025/11/27 16:10:23.539253         [19:T2] 
[S1] 2025/11/27 16:10:23.539264         [20:T2] 
[S1] 2025/11/27 16:10:23.539275         [21:T2] 
[S1] 2025/11/27 16:10:23.539286         [22:T2] 
[S1] 2025/11/27 16:10:23.539297         [23:T2] 
[S1] 2025/11/27 16:10:23.539308         [24:T2] 
[S1] 2025/11/27 16:10:23.539318         [25:T2] 
[S1] 2025/11/27 16:10:23.539329         [26:T2] 
[S1] 2025/11/27 16:10:23.539340         [27:T2] 
[S1] 2025/11/27 16:10:23.539350         [28:T2] 
[S1] 2025/11/27 16:10:23.539361         [29:T2] 
[S1] 2025/11/27 16:10:23.539372         [30:T2] 
[S1] 2025/11/27 16:10:23.539381         [31:T4] 
[S1] 2025/11/27 16:10:23.539391 
[S1] 2025/11/27 16:10:23.539402      📌 nextIndex:  [32 31 32]
[S1] 2025/11/27 16:10:23.539419      📎 matchIndex: [31 31 31]
[S1] 2025/11/27 16:10:23.539439 ---------------------------------------------------
[S1] 2025/11/27 16:10:23.539454 
[At the start of handleAppendEntriesReply] 🗂 S1 | Term=4 | Role=Leader | CommitIndex=31 | LastApplied=31
[S1] 2025/11/27 16:10:23.539475      📜 Log: 
[S1] 2025/11/27 16:10:23.539486         [0:T0] 
[S1] 2025/11/27 16:10:23.539497         [1:T1] 
[S1] 2025/11/27 16:10:23.539508         [2:T1] 
[S1] 2025/11/27 16:10:23.539518         [3:T1] 
[S1] 2025/11/27 16:10:23.539528         [4:T1] 
[S1] 2025/11/27 16:10:23.539537         [5:T1] 
[S1] 2025/11/27 16:10:23.539547         [6:T1] 
[S1] 2025/11/27 16:10:23.539559         [7:T1] 
[S1] 2025/11/27 16:10:23.539568         [8:T1] 
[S1] 2025/11/27 16:10:23.539579         [9:T1] 
[S1] 2025/11/27 16:10:23.539589         [10:T1] 
[S1] 2025/11/27 16:10:23.539599         [11:T1] 
[S1] 2025/11/27 16:10:23.539609         [12:T1] 
[S1] 2025/11/27 16:10:23.539620         [13:T2] 
[S1] 2025/11/27 16:10:23.539630         [14:T2] 
[S1] 2025/11/27 16:10:23.539641         [15:T2] 
[S1] 2025/11/27 16:10:23.539657         [16:T2] 
[S1] 2025/11/27 16:10:23.539672         [17:T2] 
[S1] 2025/11/27 16:10:23.539685         [18:T2] 
[S1] 2025/11/27 16:10:23.539695         [19:T2] 
[S1] 2025/11/27 16:10:23.539706         [20:T2] 
[S1] 2025/11/27 16:10:23.539721         [21:T2] 
[S1] 2025/11/27 16:10:23.539732         [22:T2] 
[S1] 2025/11/27 16:10:23.539742         [23:T2] 
[S1] 2025/11/27 16:10:23.539752         [24:T2] 
[S1] 2025/11/27 16:10:23.539762         [25:T2] 
[S1] 2025/11/27 16:10:23.539772         [26:T2] 
[S1] 2025/11/27 16:10:23.539782         [27:T2] 
[S1] 2025/11/27 16:10:23.539792         [28:T2] 
[S1] 2025/11/27 16:10:23.539802         [29:T2] 
[S1] 2025/11/27 16:10:23.539812         [30:T2] 
[S1] 2025/11/27 16:10:23.539821         [31:T4] 
[S1] 2025/11/27 16:10:23.539832 
[S1] 2025/11/27 16:10:23.539841      📌 nextIndex:  [32 31 32]
[S1] 2025/11/27 16:10:23.539856      📎 matchIndex: [31 31 31]
[S1] 2025/11/27 16:10:23.539870 ---------------------------------------------------
[S1] 2025/11/27 16:10:23.539882 
[At the end of handleAppendEntriesReply] 🗂 S1 | Term=4 | Role=Leader | CommitIndex=31 | LastApplied=31
[S1] 2025/11/27 16:10:23.539899      📜 Log: 
[S1] 2025/11/27 16:10:23.539908         [0:T0] 
[S1] 2025/11/27 16:10:23.539919         [1:T1] 
[S1] 2025/11/27 16:10:23.539929         [2:T1] 
[S1] 2025/11/27 16:10:23.539939         [3:T1] 
[S1] 2025/11/27 16:10:23.539950         [4:T1] 
[S1] 2025/11/27 16:10:23.539960         [5:T1] 
[S1] 2025/11/27 16:10:23.539970         [6:T1] 
[S1] 2025/11/27 16:10:23.539981         [7:T1] 
[S1] 2025/11/27 16:10:23.539990         [8:T1] 
[S1] 2025/11/27 16:10:23.540000         [9:T1] 
[S1] 2025/11/27 16:10:23.540011         [10:T1] 
[S1] 2025/11/27 16:10:23.540020         [11:T1] 
[S1] 2025/11/27 16:10:23.540030         [12:T1] 
[S1] 2025/11/27 16:10:23.540040         [13:T2] 
[S1] 2025/11/27 16:10:23.540049         [14:T2] 
[S1] 2025/11/27 16:10:23.540059         [15:T2] 
[S1] 2025/11/27 16:10:23.540076         [16:T2] 
[S1] 2025/11/27 16:10:23.540084         [17:T2] 
[S1] 2025/11/27 16:10:23.540093         [18:T2] 
[S1] 2025/11/27 16:10:23.540103         [19:T2] 
[S1] 2025/11/27 16:10:23.540111         [20:T2] 
[S1] 2025/11/27 16:10:23.540121         [21:T2] 
[S1] 2025/11/27 16:10:23.540129         [22:T2] 
[S1] 2025/11/27 16:10:23.540140         [23:T2] 
[S1] 2025/11/27 16:10:23.540148         [24:T2] 
[S1] 2025/11/27 16:10:23.540158         [25:T2] 
[S1] 2025/11/27 16:10:23.540166         [26:T2] 
[S1] 2025/11/27 16:10:23.540175         [27:T2] 
[S1] 2025/11/27 16:10:23.540185         [28:T2] 
[S1] 2025/11/27 16:10:23.540193         [29:T2] 
[S1] 2025/11/27 16:10:23.540202         [30:T2] 
[S1] 2025/11/27 16:10:23.540211         [31:T4] 
[S1] 2025/11/27 16:10:23.540221 
[S1] 2025/11/27 16:10:23.540228      📌 nextIndex:  [32 31 32]
[S1] 2025/11/27 16:10:23.540242      📎 matchIndex: [31 31 31]
[S1] 2025/11/27 16:10:23.540255 ---------------------------------------------------
[S1] 2025/11/27 16:10:23.644436 
[At the start of broadcast] 🗂 S1 | Term=4 | Role=Leader | CommitIndex=31 | LastApplied=31
[S1] 2025/11/27 16:10:23.644585      📜 Log: 
[S1] 2025/11/27 16:10:23.644631         [0:T0] 
[S1] 2025/11/27 16:10:23.644671         [1:T1] 
[S1] 2025/11/27 16:10:23.644712         [2:T1] 
[S1] 2025/11/27 16:10:23.644746         [3:T1] 
[S1] 2025/11/27 16:10:23.644775         [4:T1] 
[S1] 2025/11/27 16:10:23.644805         [5:T1] 
[S1] 2025/11/27 16:10:23.644840         [6:T1] 
[S1] 2025/11/27 16:10:23.644870         [7:T1] 
[S1] 2025/11/27 16:10:23.644901         [8:T1] 
[S1] 2025/11/27 16:10:23.644931         [9:T1] 
[S1] 2025/11/27 16:10:23.644960         [10:T1] 
[S1] 2025/11/27 16:10:23.644990         [11:T1] 
[S1] 2025/11/27 16:10:23.645020         [12:T1] 
[S1] 2025/11/27 16:10:23.645050         [13:T2] 
[S1] 2025/11/27 16:10:23.645106         [14:T2] 
[S1] 2025/11/27 16:10:23.645135         [15:T2] 
[S1] 2025/11/27 16:10:23.645171         [16:T2] 
[S1] 2025/11/27 16:10:23.645199         [17:T2] 
[S1] 2025/11/27 16:10:23.645229         [18:T2] 
[S1] 2025/11/27 16:10:23.645258         [19:T2] 
[S1] 2025/11/27 16:10:23.645287         [20:T2] 
[S1] 2025/11/27 16:10:23.645317         [21:T2] 
[S1] 2025/11/27 16:10:23.645346         [22:T2] 
[S1] 2025/11/27 16:10:23.645374         [23:T2] 
[S1] 2025/11/27 16:10:23.645403         [24:T2] 
[S1] 2025/11/27 16:10:23.645430         [25:T2] 
[S1] 2025/11/27 16:10:23.645457         [26:T2] 
[S1] 2025/11/27 16:10:23.645485         [27:T2] 
[S1] 2025/11/27 16:10:23.645511         [28:T2] 
[S1] 2025/11/27 16:10:23.645538         [29:T2] 
[S1] 2025/11/27 16:10:23.645565         [30:T2] 
[S1] 2025/11/27 16:10:23.645595         [31:T4] 
[S1] 2025/11/27 16:10:23.645624         [32:T4] 
[S1] 2025/11/27 16:10:23.645652 
[S1] 2025/11/27 16:10:23.645680      📌 nextIndex:  [32 31 32]
[S1] 2025/11/27 16:10:23.645736      📎 matchIndex: [31 32 31]
[S1] 2025/11/27 16:10:23.645771 ---------------------------------------------------
[S1] 2025/11/27 16:10:23.645834 
[At the end of broadcast] 🗂 S1 | Term=4 | Role=Leader | CommitIndex=31 | LastApplied=31
[S1] 2025/11/27 16:10:23.645875      📜 Log: 
[S1] 2025/11/27 16:10:23.645897         [0:T0] 
[S1] 2025/11/27 16:10:23.645923         [1:T1] 
[S1] 2025/11/27 16:10:23.645952         [2:T1] 
[S1] 2025/11/27 16:10:23.645976         [3:T1] 
[S1] 2025/11/27 16:10:23.646000         [4:T1] 
[S1] 2025/11/27 16:10:23.646028         [5:T1] 
[S1] 2025/11/27 16:10:23.646052         [6:T1] 
[S1] 2025/11/27 16:10:23.646094         [7:T1] 
[S1] 2025/11/27 16:10:23.646118         [8:T1] 
[S1] 2025/11/27 16:10:23.646140         [9:T1] 
[S1] 2025/11/27 16:10:23.646166         [10:T1] 
[S1] 2025/11/27 16:10:23.646191         [11:T1] 
[S1] 2025/11/27 16:10:23.646215         [12:T1] 
[S1] 2025/11/27 16:10:23.646241         [13:T2] 
[S1] 2025/11/27 16:10:23.646266         [14:T2] 
[S1] 2025/11/27 16:10:23.646291         [15:T2] 
[S1] 2025/11/27 16:10:23.646318         [16:T2] 
[S1] 2025/11/27 16:10:23.646344         [17:T2] 
[S1] 2025/11/27 16:10:23.646369         [18:T2] 
[S1] 2025/11/27 16:10:23.646393         [19:T2] 
[S1] 2025/11/27 16:10:23.646421         [20:T2] 
[S1] 2025/11/27 16:10:23.646444         [21:T2] 
[S1] 2025/11/27 16:10:23.646468         [22:T2] 
[S1] 2025/11/27 16:10:23.646494         [23:T2] 
[S1] 2025/11/27 16:10:23.646520         [24:T2] 
[S1] 2025/11/27 16:10:23.646546         [25:T2] 
[S1] 2025/11/27 16:10:23.646569         [26:T2] 
[S1] 2025/11/27 16:10:23.646593         [27:T2] 
[S1] 2025/11/27 16:10:23.646617         [28:T2] 
[S1] 2025/11/27 16:10:23.646639         [29:T2] 
[S1] 2025/11/27 16:10:23.646663         [30:T2] 
[S1] 2025/11/27 16:10:23.646690         [31:T4] 
[S1] 2025/11/27 16:10:23.646715         [32:T4] 
[S1] 2025/11/27 16:10:23.646737 
[S1] 2025/11/27 16:10:23.646759      📌 nextIndex:  [32 31 32]
[S1] 2025/11/27 16:10:23.646796      📎 matchIndex: [31 32 31]
[S1] 2025/11/27 16:10:23.646834 ---------------------------------------------------
[S1] 2025/11/27 16:10:23.650028 
[At the start of handleAppendEntriesReply] 🗂 S1 | Term=4 | Role=Leader | CommitIndex=31 | LastApplied=31
[S1] 2025/11/27 16:10:23.650086      📜 Log: 
[S1] 2025/11/27 16:10:23.650109         [0:T0] 
[S1] 2025/11/27 16:10:23.650129         [1:T1] 
[S1] 2025/11/27 16:10:23.650147         [2:T1] 
[S1] 2025/11/27 16:10:23.650168         [3:T1] 
[S1] 2025/11/27 16:10:23.650185         [4:T1] 
[S1] 2025/11/27 16:10:23.650204         [5:T1] 
[S1] 2025/11/27 16:10:23.650223         [6:T1] 
[S1] 2025/11/27 16:10:23.650241         [7:T1] 
[S1] 2025/11/27 16:10:23.650258         [8:T1] 
[S1] 2025/11/27 16:10:23.650274         [9:T1] 
[S1] 2025/11/27 16:10:23.650292         [10:T1] 
[S1] 2025/11/27 16:10:23.650308         [11:T1] 
[S1] 2025/11/27 16:10:23.650324         [12:T1] 
[S1] 2025/11/27 16:10:23.650340         [13:T2] 
[S1] 2025/11/27 16:10:23.650357         [14:T2] 
[S1] 2025/11/27 16:10:23.650373         [15:T2] 
[S1] 2025/11/27 16:10:23.650389         [16:T2] 
[S1] 2025/11/27 16:10:23.650406         [17:T2] 
[S1] 2025/11/27 16:10:23.650421         [18:T2] 
[S1] 2025/11/27 16:10:23.650437         [19:T2] 
[S1] 2025/11/27 16:10:23.650453         [20:T2] 
[S1] 2025/11/27 16:10:23.650468         [21:T2] 
[S1] 2025/11/27 16:10:23.650483         [22:T2] 
[S1] 2025/11/27 16:10:23.650501         [23:T2] 
[S1] 2025/11/27 16:10:23.650518         [24:T2] 
[S1] 2025/11/27 16:10:23.650535         [25:T2] 
[S1] 2025/11/27 16:10:23.650550         [26:T2] 
[S1] 2025/11/27 16:10:23.650568         [27:T2] 
[S1] 2025/11/27 16:10:23.650585         [28:T2] 
[S1] 2025/11/27 16:10:23.650601         [29:T2] 
[S1] 2025/11/27 16:10:23.650617         [30:T2] 
[S1] 2025/11/27 16:10:23.650634         [31:T4] 
[S1] 2025/11/27 16:10:23.650649         [32:T4] 
[S1] 2025/11/27 16:10:23.650666 
[S1] 2025/11/27 16:10:23.650682      📌 nextIndex:  [32 31 32]
[S1] 2025/11/27 16:10:23.650712      📎 matchIndex: [31 32 31]
[S1] 2025/11/27 16:10:23.650735 ---------------------------------------------------
[S1] 2025/11/27 16:10:23.650760 
[At the end of handleAppendEntriesReply] 🗂 S1 | Term=4 | Role=Leader | CommitIndex=32 | LastApplied=31
[S1] 2025/11/27 16:10:23.650786      📜 Log: 
[S1] 2025/11/27 16:10:23.650801         [0:T0] 
[S1] 2025/11/27 16:10:23.650819         [1:T1] 
[S1] 2025/11/27 16:10:23.650835         [2:T1] 
[S1] 2025/11/27 16:10:23.650852         [3:T1] 
[S1] 2025/11/27 16:10:23.650870         [4:T1] 
[S1] 2025/11/27 16:10:23.650885         [5:T1] 
[S1] 2025/11/27 16:10:23.650905         [6:T1] 
[S1] 2025/11/27 16:10:23.650919         [7:T1] 
[S1] 2025/11/27 16:10:23.650933         [8:T1] 
[S1] 2025/11/27 16:10:23.650949         [9:T1] 
[S1] 2025/11/27 16:10:23.650964         [10:T1] 
[S1] 2025/11/27 16:10:23.650980         [11:T1] 
[S1] 2025/11/27 16:10:23.650997         [12:T1] 
[S1] 2025/11/27 16:10:23.651011         [13:T2] 
[S1] 2025/11/27 16:10:23.651025         [14:T2] 
[S1] 2025/11/27 16:10:23.651040         [15:T2] 
[S1] 2025/11/27 16:10:23.651054         [16:T2] 
[S1] 2025/11/27 16:10:23.651076         [17:T2] 
[S1] 2025/11/27 16:10:23.651101         [18:T2] 
[S1] 2025/11/27 16:10:23.651118         [19:T2] 
[S1] 2025/11/27 16:10:23.651134         [20:T2] 
[S1] 2025/11/27 16:10:23.651149         [21:T2] 
[S1] 2025/11/27 16:10:23.651163         [22:T2] 
[S1] 2025/11/27 16:10:23.651178         [23:T2] 
[S1] 2025/11/27 16:10:23.651193         [24:T2] 
[S1] 2025/11/27 16:10:23.651207         [25:T2] 
[S1] 2025/11/27 16:10:23.651223         [26:T2] 
[S1] 2025/11/27 16:10:23.651237         [27:T2] 
[S1] 2025/11/27 16:10:23.651250         [28:T2] 
[S1] 2025/11/27 16:10:23.651266         [29:T2] 
[S1] 2025/11/27 16:10:23.651280         [30:T2] 
[S1] 2025/11/27 16:10:23.651295         [31:T4] 
[S1] 2025/11/27 16:10:23.651309         [32:T4] 
[S1] 2025/11/27 16:10:23.651325 
[S1] 2025/11/27 16:10:23.651337      📌 nextIndex:  [33 31 32]
[S1] 2025/11/27 16:10:23.651360      📎 matchIndex: [32 32 31]
[S1] 2025/11/27 16:10:23.651382 ---------------------------------------------------
[S1] 2025/11/27 16:10:23.754219 
[At the start of broadcast] 🗂 S1 | Term=4 | Role=Leader | CommitIndex=32 | LastApplied=32
[S1] 2025/11/27 16:10:23.754393      📜 Log: 
[S1] 2025/11/27 16:10:23.754444         [0:T0] 
[S1] 2025/11/27 16:10:23.754490         [1:T1] 
[S1] 2025/11/27 16:10:23.754540         [2:T1] 
[S1] 2025/11/27 16:10:23.754592         [3:T1] 
[S1] 2025/11/27 16:10:23.755040         [4:T1] 
[S1] 2025/11/27 16:10:23.755086         [5:T1] 
[S1] 2025/11/27 16:10:23.755117         [6:T1] 
[S1] 2025/11/27 16:10:23.755152         [7:T1] 
[S1] 2025/11/27 16:10:23.755180         [8:T1] 
[S1] 2025/11/27 16:10:23.755404         [9:T1] 
[S1] 2025/11/27 16:10:23.755441         [10:T1] 
[S1] 2025/11/27 16:10:23.755469         [11:T1] 
[S1] 2025/11/27 16:10:23.755504         [12:T1] 
[S1] 2025/11/27 16:10:23.755530         [13:T2] 
[S1] 2025/11/27 16:10:23.755554         [14:T2] 
[S1] 2025/11/27 16:10:23.755577         [15:T2] 
[S1] 2025/11/27 16:10:23.755602         [16:T2] 
[S1] 2025/11/27 16:10:23.755624         [17:T2] 
[S1] 2025/11/27 16:10:23.755657         [18:T2] 
[S1] 2025/11/27 16:10:23.755681         [19:T2] 
[S1] 2025/11/27 16:10:23.755704         [20:T2] 
[S1] 2025/11/27 16:10:23.755726         [21:T2] 
[S1] 2025/11/27 16:10:23.755750         [22:T2] 
[S1] 2025/11/27 16:10:23.755775         [23:T2] 
[S1] 2025/11/27 16:10:23.755798         [24:T2] 
[S1] 2025/11/27 16:10:23.755821         [25:T2] 
[S1] 2025/11/27 16:10:23.755842         [26:T2] 
[S1] 2025/11/27 16:10:23.755864         [27:T2] 
[S1] 2025/11/27 16:10:23.755886         [28:T2] 
[S1] 2025/11/27 16:10:23.755906         [29:T2] 
[S1] 2025/11/27 16:10:23.755931         [30:T2] 
[S1] 2025/11/27 16:10:23.755952         [31:T4] 
[S1] 2025/11/27 16:10:23.755974         [32:T4] 
[S1] 2025/11/27 16:10:23.756003 
[S1] 2025/11/27 16:10:23.756021      📌 nextIndex:  [33 31 32]
[S1] 2025/11/27 16:10:23.756060      📎 matchIndex: [32 32 31]
[S1] 2025/11/27 16:10:23.756121 ---------------------------------------------------
[S1] 2025/11/27 16:10:23.756182 
[At the end of broadcast] 🗂 S1 | Term=4 | Role=Leader | CommitIndex=32 | LastApplied=32
[S1] 2025/11/27 16:10:23.756217      📜 Log: 
[S1] 2025/11/27 16:10:23.756236         [0:T0] 
[S1] 2025/11/27 16:10:23.756256         [1:T1] 
[S1] 2025/11/27 16:10:23.756276         [2:T1] 
[S1] 2025/11/27 16:10:23.756296         [3:T1] 
[S1] 2025/11/27 16:10:23.756315         [4:T1] 
[S1] 2025/11/27 16:10:23.756334         [5:T1] 
[S1] 2025/11/27 16:10:23.756374         [6:T1] 
[S1] 2025/11/27 16:10:23.756394         [7:T1] 
[S1] 2025/11/27 16:10:23.756414         [8:T1] 
[S1] 2025/11/27 16:10:23.756434         [9:T1] 
[S1] 2025/11/27 16:10:23.756453         [10:T1] 
[S1] 2025/11/27 16:10:23.756474         [11:T1] 
[S1] 2025/11/27 16:10:23.756493         [12:T1] 
[S1] 2025/11/27 16:10:23.756514         [13:T2] 
[S1] 2025/11/27 16:10:23.756532         [14:T2] 
[S1] 2025/11/27 16:10:23.756551         [15:T2] 
[S1] 2025/11/27 16:10:23.756569         [16:T2] 
[S1] 2025/11/27 16:10:23.756589         [17:T2] 
[S1] 2025/11/27 16:10:23.756607         [18:T2] 
[S1] 2025/11/27 16:10:23.756626         [19:T2] 
[S1] 2025/11/27 16:10:23.756646         [20:T2] 
[S1] 2025/11/27 16:10:23.756668         [21:T2] 
[S1] 2025/11/27 16:10:23.756687         [22:T2] 
[S1] 2025/11/27 16:10:23.756709         [23:T2] 
[S1] 2025/11/27 16:10:23.756730         [24:T2] 
[S1] 2025/11/27 16:10:23.756749         [25:T2] 
[S1] 2025/11/27 16:10:23.756770         [26:T2] 
[S1] 2025/11/27 16:10:23.756787         [27:T2] 
[S1] 2025/11/27 16:10:23.756806         [28:T2] 
[S1] 2025/11/27 16:10:23.756825         [29:T2] 
[S1] 2025/11/27 16:10:23.756843         [30:T2] 
[S1] 2025/11/27 16:10:23.756864         [31:T4] 
[S1] 2025/11/27 16:10:23.756882         [32:T4] 
[S1] 2025/11/27 16:10:23.756902 
[S1] 2025/11/27 16:10:23.756921      📌 nextIndex:  [33 31 32]
[S1] 2025/11/27 16:10:23.756951      📎 matchIndex: [32 32 31]
[S1] 2025/11/27 16:10:23.756976 ---------------------------------------------------
[S1] 2025/11/27 16:10:23.759137 
[At the start of handleAppendEntriesReply] 🗂 S1 | Term=4 | Role=Leader | CommitIndex=32 | LastApplied=32
[S1] 2025/11/27 16:10:23.759179      📜 Log: 
[S1] 2025/11/27 16:10:23.759198         [0:T0] 
[S1] 2025/11/27 16:10:23.759216         [1:T1] 
[S1] 2025/11/27 16:10:23.759234         [2:T1] 
[S1] 2025/11/27 16:10:23.759249         [3:T1] 
[S1] 2025/11/27 16:10:23.759266         [4:T1] 
[S1] 2025/11/27 16:10:23.759281         [5:T1] 
[S1] 2025/11/27 16:10:23.759298         [6:T1] 
[S1] 2025/11/27 16:10:23.759314         [7:T1] 
[S1] 2025/11/27 16:10:23.759328         [8:T1] 
[S1] 2025/11/27 16:10:23.759344         [9:T1] 
[S1] 2025/11/27 16:10:23.759359         [10:T1] 
[S1] 2025/11/27 16:10:23.759374         [11:T1] 
[S1] 2025/11/27 16:10:23.759390         [12:T1] 
[S1] 2025/11/27 16:10:23.759405         [13:T2] 
[S1] 2025/11/27 16:10:23.759419         [14:T2] 
[S1] 2025/11/27 16:10:23.759434         [15:T2] 
[S1] 2025/11/27 16:10:23.759449         [16:T2] 
[S1] 2025/11/27 16:10:23.759464         [17:T2] 
[S1] 2025/11/27 16:10:23.759479         [18:T2] 
[S1] 2025/11/27 16:10:23.759494         [19:T2] 
[S1] 2025/11/27 16:10:23.759511         [20:T2] 
[S1] 2025/11/27 16:10:23.759526         [21:T2] 
[S1] 2025/11/27 16:10:23.759541         [22:T2] 
[S1] 2025/11/27 16:10:23.759556         [23:T2] 
[S1] 2025/11/27 16:10:23.759571         [24:T2] 
[S1] 2025/11/27 16:10:23.759585         [25:T2] 
[S1] 2025/11/27 16:10:23.759601         [26:T2] 
[S1] 2025/11/27 16:10:23.759615         [27:T2] 
[S1] 2025/11/27 16:10:23.759629         [28:T2] 
[S1] 2025/11/27 16:10:23.759644         [29:T2] 
[S1] 2025/11/27 16:10:23.759658         [30:T2] 
[S1] 2025/11/27 16:10:23.759674         [31:T4] 
[S1] 2025/11/27 16:10:23.759688         [32:T4] 
[S1] 2025/11/27 16:10:23.759702 
[S1] 2025/11/27 16:10:23.759714      📌 nextIndex:  [33 31 32]
[S1] 2025/11/27 16:10:23.759743      📎 matchIndex: [32 32 31]
[S1] 2025/11/27 16:10:23.759764 ---------------------------------------------------
[S1] 2025/11/27 16:10:23.759783 
[At the end of handleAppendEntriesReply] 🗂 S1 | Term=4 | Role=Leader | CommitIndex=32 | LastApplied=32
[S1] 2025/11/27 16:10:23.759805      📜 Log: 
[S1] 2025/11/27 16:10:23.759822         [0:T0] 
[S1] 2025/11/27 16:10:23.759840         [1:T1] 
[S1] 2025/11/27 16:10:23.759856         [2:T1] 
[S1] 2025/11/27 16:10:23.759871         [3:T1] 
[S1] 2025/11/27 16:10:23.759886         [4:T1] 
[S1] 2025/11/27 16:10:23.759904         [5:T1] 
[S1] 2025/11/27 16:10:23.759918         [6:T1] 
[S1] 2025/11/27 16:10:23.759931         [7:T1] 
[S1] 2025/11/27 16:10:23.759946         [8:T1] 
[S1] 2025/11/27 16:10:23.759959         [9:T1] 
[S1] 2025/11/27 16:10:23.759973         [10:T1] 
[S1] 2025/11/27 16:10:23.759987         [11:T1] 
[S1] 2025/11/27 16:10:23.760001         [12:T1] 
[S1] 2025/11/27 16:10:23.760015         [13:T2] 
[S1] 2025/11/27 16:10:23.760030         [14:T2] 
[S1] 2025/11/27 16:10:23.760043         [15:T2] 
[S1] 2025/11/27 16:10:23.760058         [16:T2] 
[S1] 2025/11/27 16:10:23.760079         [17:T2] 
[S1] 2025/11/27 16:10:23.760096         [18:T2] 
[S1] 2025/11/27 16:10:23.760109         [19:T2] 
[S1] 2025/11/27 16:10:23.760123         [20:T2] 
[S1] 2025/11/27 16:10:23.760137         [21:T2] 
[S1] 2025/11/27 16:10:23.760152         [22:T2] 
[S1] 2025/11/27 16:10:23.760165         [23:T2] 
[S1] 2025/11/27 16:10:23.760179         [24:T2] 
[S1] 2025/11/27 16:10:23.760193         [25:T2] 
[S1] 2025/11/27 16:10:23.760207         [26:T2] 
[S1] 2025/11/27 16:10:23.760221         [27:T2] 
[S1] 2025/11/27 16:10:23.760234         [28:T2] 
[S1] 2025/11/27 16:10:23.760248         [29:T2] 
[S1] 2025/11/27 16:10:23.760261         [30:T2] 
[S1] 2025/11/27 16:10:23.760276         [31:T4] 
[S1] 2025/11/27 16:10:23.760288         [32:T4] 
[S1] 2025/11/27 16:10:23.760303 
[S1] 2025/11/27 16:10:23.760315      📌 nextIndex:  [33 31 32]
[S1] 2025/11/27 16:10:23.760336      📎 matchIndex: [32 32 31]
[S1] 2025/11/27 16:10:23.760356 ---------------------------------------------------
[S1] 2025/11/27 16:10:23.863971 
[At the start of broadcast] 🗂 S1 | Term=4 | Role=Leader | CommitIndex=32 | LastApplied=32
[S1] 2025/11/27 16:10:23.864042      📜 Log: 
[S1] 2025/11/27 16:10:23.864054         [0:T0] 
[S1] 2025/11/27 16:10:23.864066         [1:T1] 
[S1] 2025/11/27 16:10:23.864086         [2:T1] 
[S1] 2025/11/27 16:10:23.864096         [3:T1] 
[S1] 2025/11/27 16:10:23.864105         [4:T1] 
[S1] 2025/11/27 16:10:23.864114         [5:T1] 
[S1] 2025/11/27 16:10:23.864127         [6:T1] 
[S1] 2025/11/27 16:10:23.864136         [7:T1] 
[S1] 2025/11/27 16:10:23.864145         [8:T1] 
[S1] 2025/11/27 16:10:23.864154         [9:T1] 
[S1] 2025/11/27 16:10:23.864163         [10:T1] 
[S1] 2025/11/27 16:10:23.864172         [11:T1] 
[S1] 2025/11/27 16:10:23.864182         [12:T1] 
[S1] 2025/11/27 16:10:23.864191         [13:T2] 
[S1] 2025/11/27 16:10:23.864202         [14:T2] 
[S1] 2025/11/27 16:10:23.864211         [15:T2] 
[S1] 2025/11/27 16:10:23.864221         [16:T2] 
[S1] 2025/11/27 16:10:23.864230         [17:T2] 
[S1] 2025/11/27 16:10:23.864238         [18:T2] 
[S1] 2025/11/27 16:10:23.864248         [19:T2] 
[S1] 2025/11/27 16:10:23.864256         [20:T2] 
[S1] 2025/11/27 16:10:23.864266         [21:T2] 
[S1] 2025/11/27 16:10:23.864274         [22:T2] 
[S1] 2025/11/27 16:10:23.864282         [23:T2] 
[S1] 2025/11/27 16:10:23.864290         [24:T2] 
[S1] 2025/11/27 16:10:23.864298         [25:T2] 
[S1] 2025/11/27 16:10:23.864306         [26:T2] 
[S1] 2025/11/27 16:10:23.864314         [27:T2] 
[S1] 2025/11/27 16:10:23.864322         [28:T2] 
[S1] 2025/11/27 16:10:23.864331         [29:T2] 
[S1] 2025/11/27 16:10:23.864338         [30:T2] 
[S1] 2025/11/27 16:10:23.864346         [31:T4] 
[S1] 2025/11/27 16:10:23.864358         [32:T4] 
[S1] 2025/11/27 16:10:23.864367         [33:T4] 
[S1] 2025/11/27 16:10:23.864375         [34:T4] 
[S1] 2025/11/27 16:10:23.864383         [35:T4] 
[S1] 2025/11/27 16:10:23.864390         [36:T4] 
[S1] 2025/11/27 16:10:23.864399         [37:T4] 
[S1] 2025/11/27 16:10:23.864406         [38:T4] 
[S1] 2025/11/27 16:10:23.864414         [39:T4] 
[S1] 2025/11/27 16:10:23.864422         [40:T4] 
[S1] 2025/11/27 16:10:23.864429         [41:T4] 
[S1] 2025/11/27 16:10:23.864437         [42:T4] 
[S1] 2025/11/27 16:10:23.864444         [43:T4] 
[S1] 2025/11/27 16:10:23.864452 
[S1] 2025/11/27 16:10:23.864460      📌 nextIndex:  [33 31 32]
[S1] 2025/11/27 16:10:23.864477      📎 matchIndex: [32 43 31]
[S1] 2025/11/27 16:10:23.864488 ---------------------------------------------------
[S1] 2025/11/27 16:10:23.864513 
[At the end of broadcast] 🗂 S1 | Term=4 | Role=Leader | CommitIndex=32 | LastApplied=32
[S1] 2025/11/27 16:10:23.864528      📜 Log: 
[S1] 2025/11/27 16:10:23.864535         [0:T0] 
[S1] 2025/11/27 16:10:23.864543         [1:T1] 
[S1] 2025/11/27 16:10:23.864552         [2:T1] 
[S1] 2025/11/27 16:10:23.864559         [3:T1] 
[S1] 2025/11/27 16:10:23.864568         [4:T1] 
[S1] 2025/11/27 16:10:23.864576         [5:T1] 
[S1] 2025/11/27 16:10:23.864584         [6:T1] 
[S1] 2025/11/27 16:10:23.864592         [7:T1] 
[S1] 2025/11/27 16:10:23.864600         [8:T1] 
[S1] 2025/11/27 16:10:23.864608         [9:T1] 
[S1] 2025/11/27 16:10:23.864617         [10:T1] 
[S1] 2025/11/27 16:10:23.864626         [11:T1] 
[S1] 2025/11/27 16:10:23.864634         [12:T1] 
[S1] 2025/11/27 16:10:23.864642         [13:T2] 
[S1] 2025/11/27 16:10:23.864650         [14:T2] 
[S1] 2025/11/27 16:10:23.864660         [15:T2] 
[S1] 2025/11/27 16:10:23.864668         [16:T2] 
[S1] 2025/11/27 16:10:23.864675         [17:T2] 
[S1] 2025/11/27 16:10:23.864683         [18:T2] 
[S1] 2025/11/27 16:10:23.864691         [19:T2] 
[S1] 2025/11/27 16:10:23.864700         [20:T2] 
[S1] 2025/11/27 16:10:23.864708         [21:T2] 
[S1] 2025/11/27 16:10:23.864717         [22:T2] 
[S1] 2025/11/27 16:10:23.864724         [23:T2] 
[S1] 2025/11/27 16:10:23.864732         [24:T2] 
[S1] 2025/11/27 16:10:23.864740         [25:T2] 
[S1] 2025/11/27 16:10:23.864748         [26:T2] 
[S1] 2025/11/27 16:10:23.864756         [27:T2] 
[S1] 2025/11/27 16:10:23.864763         [28:T2] 
[S1] 2025/11/27 16:10:23.864771         [29:T2] 
[S1] 2025/11/27 16:10:23.864784         [30:T2] 
[S1] 2025/11/27 16:10:23.864793         [31:T4] 
[S1] 2025/11/27 16:10:23.864801         [32:T4] 
[S1] 2025/11/27 16:10:23.864810         [33:T4] 
[S1] 2025/11/27 16:10:23.864818         [34:T4] 
[S1] 2025/11/27 16:10:23.864826         [35:T4] 
[S1] 2025/11/27 16:10:23.864835         [36:T4] 
[S1] 2025/11/27 16:10:23.864842         [37:T4] 
[S1] 2025/11/27 16:10:23.864850         [38:T4] 
[S1] 2025/11/27 16:10:23.864857         [39:T4] 
[S1] 2025/11/27 16:10:23.864865         [40:T4] 
[S1] 2025/11/27 16:10:23.864872         [41:T4] 
[S1] 2025/11/27 16:10:23.864881         [42:T4] 
[S1] 2025/11/27 16:10:23.864888         [43:T4] 
[S1] 2025/11/27 16:10:23.864897 
[S1] 2025/11/27 16:10:23.864903      📌 nextIndex:  [33 31 32]
[S1] 2025/11/27 16:10:23.864917      📎 matchIndex: [32 43 31]
[S1] 2025/11/27 16:10:23.864929 ---------------------------------------------------
[S1] 2025/11/27 16:10:23.865706 
[At the start of handleAppendEntriesReply] 🗂 S1 | Term=4 | Role=Leader | CommitIndex=32 | LastApplied=32
[S1] 2025/11/27 16:10:23.865719      📜 Log: 
[S1] 2025/11/27 16:10:23.865725         [0:T0] 
[S1] 2025/11/27 16:10:23.865731         [1:T1] 
[S1] 2025/11/27 16:10:23.865737         [2:T1] 
[S1] 2025/11/27 16:10:23.865742         [3:T1] 
[S1] 2025/11/27 16:10:23.865747         [4:T1] 
[S1] 2025/11/27 16:10:23.865752         [5:T1] 
[S1] 2025/11/27 16:10:23.865757         [6:T1] 
[S1] 2025/11/27 16:10:23.865762         [7:T1] 
[S1] 2025/11/27 16:10:23.865766         [8:T1] 
[S1] 2025/11/27 16:10:23.865771         [9:T1] 
[S1] 2025/11/27 16:10:23.865776         [10:T1] 
[S1] 2025/11/27 16:10:23.865780         [11:T1] 
[S1] 2025/11/27 16:10:23.865786         [12:T1] 
[S1] 2025/11/27 16:10:23.865791         [13:T2] 
[S1] 2025/11/27 16:10:23.865796         [14:T2] 
[S1] 2025/11/27 16:10:23.865801         [15:T2] 
[S1] 2025/11/27 16:10:23.865806         [16:T2] 
[S1] 2025/11/27 16:10:23.865811         [17:T2] 
[S1] 2025/11/27 16:10:23.865815         [18:T2] 
[S1] 2025/11/27 16:10:23.865820         [19:T2] 
[S1] 2025/11/27 16:10:23.865825         [20:T2] 
[S1] 2025/11/27 16:10:23.865830         [21:T2] 
[S1] 2025/11/27 16:10:23.865835         [22:T2] 
[S1] 2025/11/27 16:10:23.865839         [23:T2] 
[S1] 2025/11/27 16:10:23.865844         [24:T2] 
[S1] 2025/11/27 16:10:23.865848         [25:T2] 
[S1] 2025/11/27 16:10:23.865853         [26:T2] 
[S1] 2025/11/27 16:10:23.865857         [27:T2] 
[S1] 2025/11/27 16:10:23.865862         [28:T2] 
[S1] 2025/11/27 16:10:23.865867         [29:T2] 
[S1] 2025/11/27 16:10:23.865871         [30:T2] 
[S1] 2025/11/27 16:10:23.865876         [31:T4] 
[S1] 2025/11/27 16:10:23.865881         [32:T4] 
[S1] 2025/11/27 16:10:23.865886         [33:T4] 
[S1] 2025/11/27 16:10:23.865891         [34:T4] 
[S1] 2025/11/27 16:10:23.865896         [35:T4] 
[S1] 2025/11/27 16:10:23.865900         [36:T4] 
[S1] 2025/11/27 16:10:23.865905         [37:T4] 
[S1] 2025/11/27 16:10:23.865910         [38:T4] 
[S1] 2025/11/27 16:10:23.865915         [39:T4] 
[S1] 2025/11/27 16:10:23.865919         [40:T4] 
[S1] 2025/11/27 16:10:23.865923         [41:T4] 
[S1] 2025/11/27 16:10:23.865928         [42:T4] 
[S1] 2025/11/27 16:10:23.865933         [43:T4] 
[S1] 2025/11/27 16:10:23.865937 
[S1] 2025/11/27 16:10:23.865942      📌 nextIndex:  [33 31 32]
[S1] 2025/11/27 16:10:23.865951      📎 matchIndex: [32 43 31]
[S1] 2025/11/27 16:10:23.865958 ---------------------------------------------------
[S1] 2025/11/27 16:10:23.865965 
[At the end of handleAppendEntriesReply] 🗂 S1 | Term=4 | Role=Leader | CommitIndex=43 | LastApplied=32
[S1] 2025/11/27 16:10:23.865973      📜 Log: 
[S1] 2025/11/27 16:10:23.865977         [0:T0] 
[S1] 2025/11/27 16:10:23.865982         [1:T1] 
[S1] 2025/11/27 16:10:23.865987         [2:T1] 
[S1] 2025/11/27 16:10:23.865992         [3:T1] 
[S1] 2025/11/27 16:10:23.865996         [4:T1] 
[S1] 2025/11/27 16:10:23.866001         [5:T1] 
[S1] 2025/11/27 16:10:23.866006         [6:T1] 
[S1] 2025/11/27 16:10:23.866011         [7:T1] 
[S1] 2025/11/27 16:10:23.866015         [8:T1] 
[S1] 2025/11/27 16:10:23.866023         [9:T1] 
[S1] 2025/11/27 16:10:23.866027         [10:T1] 
[S1] 2025/11/27 16:10:23.866032         [11:T1] 
[S1] 2025/11/27 16:10:23.866037         [12:T1] 
[S1] 2025/11/27 16:10:23.866042         [13:T2] 
[S1] 2025/11/27 16:10:23.866047         [14:T2] 
[S1] 2025/11/27 16:10:23.866052         [15:T2] 
[S1] 2025/11/27 16:10:23.866056         [16:T2] 
[S1] 2025/11/27 16:10:23.866062         [17:T2] 
[S1] 2025/11/27 16:10:23.866066         [18:T2] 
[S1] 2025/11/27 16:10:23.866075         [19:T2] 
[S1] 2025/11/27 16:10:23.866080         [20:T2] 
[S1] 2025/11/27 16:10:23.866085         [21:T2] 
[S1] 2025/11/27 16:10:23.866089         [22:T2] 
[S1] 2025/11/27 16:10:23.866094         [23:T2] 
[S1] 2025/11/27 16:10:23.866099         [24:T2] 
[S1] 2025/11/27 16:10:23.866104         [25:T2] 
[S1] 2025/11/27 16:10:23.866108         [26:T2] 
[S1] 2025/11/27 16:10:23.866112         [27:T2] 
[S1] 2025/11/27 16:10:23.866118         [28:T2] 
[S1] 2025/11/27 16:10:23.866122         [29:T2] 
[S1] 2025/11/27 16:10:23.866127         [30:T2] 
[S1] 2025/11/27 16:10:23.866131         [31:T4] 
[S1] 2025/11/27 16:10:23.866137         [32:T4] 
[S1] 2025/11/27 16:10:23.866141         [33:T4] 
[S1] 2025/11/27 16:10:23.866146         [34:T4] 
[S1] 2025/11/27 16:10:23.866150         [35:T4] 
[S1] 2025/11/27 16:10:23.866155         [36:T4] 
[S1] 2025/11/27 16:10:23.866159         [37:T4] 
[S1] 2025/11/27 16:10:23.866164         [38:T4] 
[S1] 2025/11/27 16:10:23.866168         [39:T4] 
[S1] 2025/11/27 16:10:23.866173         [40:T4] 
[S1] 2025/11/27 16:10:23.866178         [41:T4] 
[S1] 2025/11/27 16:10:23.866183         [42:T4] 
[S1] 2025/11/27 16:10:23.866187         [43:T4] 
[S1] 2025/11/27 16:10:23.866192 
[S1] 2025/11/27 16:10:23.866196      📌 nextIndex:  [44 31 32]
[S1] 2025/11/27 16:10:23.866203      📎 matchIndex: [43 43 31]
[S1] 2025/11/27 16:10:23.866211 ---------------------------------------------------
[S1] 2025/11/27 16:10:23.971037 
[At the start of broadcast] 🗂 S1 | Term=4 | Role=Leader | CommitIndex=43 | LastApplied=43
[S1] 2025/11/27 16:10:23.971115      📜 Log: 
[S1] 2025/11/27 16:10:23.971127         [0:T0] 
[S1] 2025/11/27 16:10:23.971136         [1:T1] 
[S1] 2025/11/27 16:10:23.971143         [2:T1] 
[S1] 2025/11/27 16:10:23.971150         [3:T1] 
[S1] 2025/11/27 16:10:23.971155         [4:T1] 
[S1] 2025/11/27 16:10:23.971160         [5:T1] 
[S1] 2025/11/27 16:10:23.971165         [6:T1] 
[S1] 2025/11/27 16:10:23.971169         [7:T1] 
[S1] 2025/11/27 16:10:23.971173         [8:T1] 
[S1] 2025/11/27 16:10:23.971178         [9:T1] 
[S1] 2025/11/27 16:10:23.971184         [10:T1] 
[S1] 2025/11/27 16:10:23.971189         [11:T1] 
[S1] 2025/11/27 16:10:23.971196         [12:T1] 
[S1] 2025/11/27 16:10:23.971201         [13:T2] 
[S1] 2025/11/27 16:10:23.971205         [14:T2] 
[S1] 2025/11/27 16:10:23.971211         [15:T2] 
[S1] 2025/11/27 16:10:23.971216         [16:T2] 
[S1] 2025/11/27 16:10:23.971220         [17:T2] 
[S1] 2025/11/27 16:10:23.971224         [18:T2] 
[S1] 2025/11/27 16:10:23.971229         [19:T2] 
[S1] 2025/11/27 16:10:23.971234         [20:T2] 
[S1] 2025/11/27 16:10:23.971239         [21:T2] 
[S1] 2025/11/27 16:10:23.971243         [22:T2] 
[S1] 2025/11/27 16:10:23.971247         [23:T2] 
[S1] 2025/11/27 16:10:23.971252         [24:T2] 
[S1] 2025/11/27 16:10:23.971257         [25:T2] 
[S1] 2025/11/27 16:10:23.971263         [26:T2] 
[S1] 2025/11/27 16:10:23.971267         [27:T2] 
[S1] 2025/11/27 16:10:23.971272         [28:T2] 
[S1] 2025/11/27 16:10:23.971276         [29:T2] 
[S1] 2025/11/27 16:10:23.971282         [30:T2] 
[S1] 2025/11/27 16:10:23.971287         [31:T4] 
[S1] 2025/11/27 16:10:23.971292         [32:T4] 
[S1] 2025/11/27 16:10:23.971296         [33:T4] 
[S1] 2025/11/27 16:10:23.971303         [34:T4] 
[S1] 2025/11/27 16:10:23.971308         [35:T4] 
[S1] 2025/11/27 16:10:23.971313         [36:T4] 
[S1] 2025/11/27 16:10:23.971317         [37:T4] 
[S1] 2025/11/27 16:10:23.971322         [38:T4] 
[S1] 2025/11/27 16:10:23.971326         [39:T4] 
[S1] 2025/11/27 16:10:23.971337         [40:T4] 
[S1] 2025/11/27 16:10:23.971342         [41:T4] 
[S1] 2025/11/27 16:10:23.971346         [42:T4] 
[S1] 2025/11/27 16:10:23.971351         [43:T4] 
[S1] 2025/11/27 16:10:23.971355 
[S1] 2025/11/27 16:10:23.971360      📌 nextIndex:  [44 31 32]
[S1] 2025/11/27 16:10:23.971378      📎 matchIndex: [43 43 31]
[S1] 2025/11/27 16:10:23.971384 ---------------------------------------------------
[S1] 2025/11/27 16:10:23.971421 
[At the end of broadcast] 🗂 S1 | Term=4 | Role=Leader | CommitIndex=43 | LastApplied=43
[S1] 2025/11/27 16:10:23.971428      📜 Log: 
[S1] 2025/11/27 16:10:23.971434         [0:T0] 
[S1] 2025/11/27 16:10:23.971438         [1:T1] 
[S1] 2025/11/27 16:10:23.971443         [2:T1] 
[S1] 2025/11/27 16:10:23.971448         [3:T1] 
[S1] 2025/11/27 16:10:23.971452         [4:T1] 
[S1] 2025/11/27 16:10:23.971457         [5:T1] 
[S1] 2025/11/27 16:10:23.971461         [6:T1] 
[S1] 2025/11/27 16:10:23.971465         [7:T1] 
[S1] 2025/11/27 16:10:23.971469         [8:T1] 
[S1] 2025/11/27 16:10:23.971474         [9:T1] 
[S1] 2025/11/27 16:10:23.971479         [10:T1] 
[S1] 2025/11/27 16:10:23.971485         [11:T1] 
[S1] 2025/11/27 16:10:23.971489         [12:T1] 
[S1] 2025/11/27 16:10:23.971494         [13:T2] 
[S1] 2025/11/27 16:10:23.971499         [14:T2] 
[S1] 2025/11/27 16:10:23.971504         [15:T2] 
[S1] 2025/11/27 16:10:23.971509         [16:T2] 
[S1] 2025/11/27 16:10:23.971513         [17:T2] 
[S1] 2025/11/27 16:10:23.971519         [18:T2] 
[S1] 2025/11/27 16:10:23.971524         [19:T2] 
[S1] 2025/11/27 16:10:23.971528         [20:T2] 
[S1] 2025/11/27 16:10:23.971533         [21:T2] 
[S1] 2025/11/27 16:10:23.971537         [22:T2] 
[S1] 2025/11/27 16:10:23.971543         [23:T2] 
[S1] 2025/11/27 16:10:23.971547         [24:T2] 
[S1] 2025/11/27 16:10:23.971552         [25:T2] 
[S1] 2025/11/27 16:10:23.971556         [26:T2] 
[S1] 2025/11/27 16:10:23.971561         [27:T2] 
[S1] 2025/11/27 16:10:23.971567         [28:T2] 
[S1] 2025/11/27 16:10:23.971571         [29:T2] 
[S1] 2025/11/27 16:10:23.971576         [30:T2] 
[S1] 2025/11/27 16:10:23.971581         [31:T4] 
[S1] 2025/11/27 16:10:23.971586         [32:T4] 
[S1] 2025/11/27 16:10:23.971591         [33:T4] 
[S1] 2025/11/27 16:10:23.971595         [34:T4] 
[S1] 2025/11/27 16:10:23.971600         [35:T4] 
[S1] 2025/11/27 16:10:23.971605         [36:T4] 
[S1] 2025/11/27 16:10:23.971609         [37:T4] 
[S1] 2025/11/27 16:10:23.971614         [38:T4] 
[S1] 2025/11/27 16:10:23.971619         [39:T4] 
[S1] 2025/11/27 16:10:23.971634         [40:T4] 
[S1] 2025/11/27 16:10:23.971640         [41:T4] 
[S1] 2025/11/27 16:10:23.971646         [42:T4] 
[S1] 2025/11/27 16:10:23.971658         [43:T4] 
[S1] 2025/11/27 16:10:23.971664 
[S1] 2025/11/27 16:10:23.971669      📌 nextIndex:  [44 31 32]
[S1] 2025/11/27 16:10:23.971676      📎 matchIndex: [43 43 31]
[S1] 2025/11/27 16:10:23.971683 ---------------------------------------------------
[S1] 2025/11/27 16:10:23.972792 
[At the start of handleAppendEntriesReply] 🗂 S1 | Term=4 | Role=Leader | CommitIndex=43 | LastApplied=43
[S1] 2025/11/27 16:10:23.972818      📜 Log: 
[S1] 2025/11/27 16:10:23.972825         [0:T0] 
[S1] 2025/11/27 16:10:23.972832         [1:T1] 
[S1] 2025/11/27 16:10:23.972839         [2:T1] 
[S1] 2025/11/27 16:10:23.972844         [3:T1] 
[S1] 2025/11/27 16:10:23.972851         [4:T1] 
[S1] 2025/11/27 16:10:23.972856         [5:T1] 
[S1] 2025/11/27 16:10:23.972861         [6:T1] 
[S1] 2025/11/27 16:10:23.972866         [7:T1] 
[S1] 2025/11/27 16:10:23.972871         [8:T1] 
[S1] 2025/11/27 16:10:23.972876         [9:T1] 
[S1] 2025/11/27 16:10:23.972881         [10:T1] 
[S1] 2025/11/27 16:10:23.972887         [11:T1] 
[S1] 2025/11/27 16:10:23.972892         [12:T1] 
[S1] 2025/11/27 16:10:23.972896         [13:T2] 
[S1] 2025/11/27 16:10:23.972902         [14:T2] 
[S1] 2025/11/27 16:10:23.972907         [15:T2] 
[S1] 2025/11/27 16:10:23.972912         [16:T2] 
[S1] 2025/11/27 16:10:23.972917         [17:T2] 
[S1] 2025/11/27 16:10:23.972926         [18:T2] 
[S1] 2025/11/27 16:10:23.972931         [19:T2] 
[S1] 2025/11/27 16:10:23.972937         [20:T2] 
[S1] 2025/11/27 16:10:23.972942         [21:T2] 
[S1] 2025/11/27 16:10:23.972947         [22:T2] 
[S1] 2025/11/27 16:10:23.972952         [23:T2] 
[S1] 2025/11/27 16:10:23.972956         [24:T2] 
[S1] 2025/11/27 16:10:23.972961         [25:T2] 
[S1] 2025/11/27 16:10:23.972966         [26:T2] 
[S1] 2025/11/27 16:10:23.972971         [27:T2] 
[S1] 2025/11/27 16:10:23.972976         [28:T2] 
[S1] 2025/11/27 16:10:23.972981         [29:T2] 
[S1] 2025/11/27 16:10:23.972986         [30:T2] 
[S1] 2025/11/27 16:10:23.972990         [31:T4] 
[S1] 2025/11/27 16:10:23.972995         [32:T4] 
[S1] 2025/11/27 16:10:23.973000         [33:T4] 
[S1] 2025/11/27 16:10:23.973005         [34:T4] 
[S1] 2025/11/27 16:10:23.973010         [35:T4] 
[S1] 2025/11/27 16:10:23.973014         [36:T4] 
[S1] 2025/11/27 16:10:23.973019         [37:T4] 
[S1] 2025/11/27 16:10:23.973023         [38:T4] 
[S1] 2025/11/27 16:10:23.973028         [39:T4] 
[S1] 2025/11/27 16:10:23.973033         [40:T4] 
[S1] 2025/11/27 16:10:23.973038         [41:T4] 
[S1] 2025/11/27 16:10:23.973042         [42:T4] 
[S1] 2025/11/27 16:10:23.973047         [43:T4] 
[S1] 2025/11/27 16:10:23.973052 
[S1] 2025/11/27 16:10:23.973056      📌 nextIndex:  [44 31 32]
[S1] 2025/11/27 16:10:23.973064      📎 matchIndex: [43 43 31]
[S1] 2025/11/27 16:10:23.973077 ---------------------------------------------------
[S1] 2025/11/27 16:10:23.973083 
[At the end of handleAppendEntriesReply] 🗂 S1 | Term=4 | Role=Leader | CommitIndex=43 | LastApplied=43
[S1] 2025/11/27 16:10:23.973091      📜 Log: 
[S1] 2025/11/27 16:10:23.973096         [0:T0] 
[S1] 2025/11/27 16:10:23.973101         [1:T1] 
[S1] 2025/11/27 16:10:23.973106         [2:T1] 
[S1] 2025/11/27 16:10:23.973111         [3:T1] 
[S1] 2025/11/27 16:10:23.973116         [4:T1] 
[S1] 2025/11/27 16:10:23.973121         [5:T1] 
[S1] 2025/11/27 16:10:23.973126         [6:T1] 
[S1] 2025/11/27 16:10:23.973130         [7:T1] 
[S1] 2025/11/27 16:10:23.973135         [8:T1] 
[S1] 2025/11/27 16:10:23.973139         [9:T1] 
[S1] 2025/11/27 16:10:23.973144         [10:T1] 
[S1] 2025/11/27 16:10:23.973149         [11:T1] 
[S1] 2025/11/27 16:10:23.973154         [12:T1] 
[S1] 2025/11/27 16:10:23.973159         [13:T2] 
[S1] 2025/11/27 16:10:23.973164         [14:T2] 
[S1] 2025/11/27 16:10:23.973168         [15:T2] 
[S1] 2025/11/27 16:10:23.973174         [16:T2] 
[S1] 2025/11/27 16:10:23.973179         [17:T2] 
[S1] 2025/11/27 16:10:23.973183         [18:T2] 
[S1] 2025/11/27 16:10:23.973188         [19:T2] 
[S1] 2025/11/27 16:10:23.973192         [20:T2] 
[S1] 2025/11/27 16:10:23.973197         [21:T2] 
[S1] 2025/11/27 16:10:23.973201         [22:T2] 
[S1] 2025/11/27 16:10:23.973206         [23:T2] 
[S1] 2025/11/27 16:10:23.973210         [24:T2] 
[S1] 2025/11/27 16:10:23.973214         [25:T2] 
[S1] 2025/11/27 16:10:23.973218         [26:T2] 
[S1] 2025/11/27 16:10:23.973223         [27:T2] 
[S1] 2025/11/27 16:10:23.973227         [28:T2] 
[S1] 2025/11/27 16:10:23.973232         [29:T2] 
[S1] 2025/11/27 16:10:23.973236         [30:T2] 
[S1] 2025/11/27 16:10:23.973240         [31:T4] 
[S1] 2025/11/27 16:10:23.973244         [32:T4] 
[S1] 2025/11/27 16:10:23.973249         [33:T4] 
[S1] 2025/11/27 16:10:23.973254         [34:T4] 
[S1] 2025/11/27 16:10:23.973258         [35:T4] 
[S1] 2025/11/27 16:10:23.973262         [36:T4] 
[S1] 2025/11/27 16:10:23.973266         [37:T4] 
[S1] 2025/11/27 16:10:23.973271         [38:T4] 
[S1] 2025/11/27 16:10:23.973276         [39:T4] 
[S1] 2025/11/27 16:10:23.973280         [40:T4] 
[S1] 2025/11/27 16:10:23.973284         [41:T4] 
[S1] 2025/11/27 16:10:23.973289         [42:T4] 
[S1] 2025/11/27 16:10:23.973293         [43:T4] 
[S1] 2025/11/27 16:10:23.973297 
[S1] 2025/11/27 16:10:23.973301      📌 nextIndex:  [44 31 32]
[S1] 2025/11/27 16:10:23.973308      📎 matchIndex: [43 43 31]
[S1] 2025/11/27 16:10:23.973314 ---------------------------------------------------
[S1] 2025/11/27 16:10:26.165889 
[At the start of startElection] 🗂 S1 | Term=9 | Role=Follower | CommitIndex=43 | LastApplied=43
[S1] 2025/11/27 16:10:26.166139      📜 Log: 
[S1] 2025/11/27 16:10:26.166200         [0:T0] 
[S1] 2025/11/27 16:10:26.166248         [1:T1] 
[S1] 2025/11/27 16:10:26.166290         [2:T1] 
[S1] 2025/11/27 16:10:26.166327         [3:T1] 
[S1] 2025/11/27 16:10:26.166372         [4:T1] 
[S1] 2025/11/27 16:10:26.166409         [5:T1] 
[S1] 2025/11/27 16:10:26.166445         [6:T1] 
[S1] 2025/11/27 16:10:26.166486         [7:T1] 
[S1] 2025/11/27 16:10:26.166519         [8:T1] 
[S1] 2025/11/27 16:10:26.166551         [9:T1] 
[S1] 2025/11/27 16:10:26.166588         [10:T1] 
[S1] 2025/11/27 16:10:26.166624         [11:T1] 
[S1] 2025/11/27 16:10:26.166663         [12:T1] 
[S1] 2025/11/27 16:10:26.166697         [13:T2] 
[S1] 2025/11/27 16:10:26.166733         [14:T2] 
[S1] 2025/11/27 16:10:26.166768         [15:T2] 
[S1] 2025/11/27 16:10:26.166807         [16:T2] 
[S1] 2025/11/27 16:10:26.166842         [17:T2] 
[S1] 2025/11/27 16:10:26.166871         [18:T2] 
[S1] 2025/11/27 16:10:26.166903         [19:T2] 
[S1] 2025/11/27 16:10:26.166936         [20:T2] 
[S1] 2025/11/27 16:10:26.166964         [21:T2] 
[S1] 2025/11/27 16:10:26.166995         [22:T2] 
[S1] 2025/11/27 16:10:26.167025         [23:T2] 
[S1] 2025/11/27 16:10:26.167056         [24:T2] 
[S1] 2025/11/27 16:10:26.167105         [25:T2] 
[S1] 2025/11/27 16:10:26.167134         [26:T2] 
[S1] 2025/11/27 16:10:26.167163         [27:T2] 
[S1] 2025/11/27 16:10:26.167193         [28:T2] 
[S1] 2025/11/27 16:10:26.167221         [29:T2] 
[S1] 2025/11/27 16:10:26.167251         [30:T2] 
[S1] 2025/11/27 16:10:26.167279         [31:T4] 
[S1] 2025/11/27 16:10:26.167309         [32:T4] 
[S1] 2025/11/27 16:10:26.167335         [33:T4] 
[S1] 2025/11/27 16:10:26.167366         [34:T4] 
[S1] 2025/11/27 16:10:26.167395         [35:T4] 
[S1] 2025/11/27 16:10:26.167423         [36:T4] 
[S1] 2025/11/27 16:10:26.167450         [37:T4] 
[S1] 2025/11/27 16:10:26.167480         [38:T4] 
[S1] 2025/11/27 16:10:26.167509         [39:T4] 
[S1] 2025/11/27 16:10:26.167538         [40:T4] 
[S1] 2025/11/27 16:10:26.167566         [41:T4] 
[S1] 2025/11/27 16:10:26.167597         [42:T4] 
[S1] 2025/11/27 16:10:26.167624         [43:T4] 
[S1] 2025/11/27 16:10:26.167656         [44:T4] 
[S1] 2025/11/27 16:10:26.167683 
[S1] 2025/11/27 16:10:26.167708 ---------------------------------------------------
[S1] 2025/11/27 16:10:26.168988 
[At the end of startElection] 🗂 S1 | Term=10 | Role=Candidate | CommitIndex=43 | LastApplied=43
[S1] 2025/11/27 16:10:26.169035      📜 Log: 
[S1] 2025/11/27 16:10:26.169056         [0:T0] 
[S1] 2025/11/27 16:10:26.169117         [1:T1] 
[S1] 2025/11/27 16:10:26.169141         [2:T1] 
[S1] 2025/11/27 16:10:26.169165         [3:T1] 
[S1] 2025/11/27 16:10:26.169190         [4:T1] 
[S1] 2025/11/27 16:10:26.169210         [5:T1] 
[S1] 2025/11/27 16:10:26.169237         [6:T1] 
[S1] 2025/11/27 16:10:26.169259         [7:T1] 
[S1] 2025/11/27 16:10:26.169282         [8:T1] 
[S1] 2025/11/27 16:10:26.169309         [9:T1] 
[S1] 2025/11/27 16:10:26.169330         [10:T1] 
[S1] 2025/11/27 16:10:26.169353         [11:T1] 
[S1] 2025/11/27 16:10:26.169378         [12:T1] 
[S1] 2025/11/27 16:10:26.169402         [13:T2] 
[S1] 2025/11/27 16:10:26.169424         [14:T2] 
[S1] 2025/11/27 16:10:26.169449         [15:T2] 
[S1] 2025/11/27 16:10:26.169472         [16:T2] 
[S1] 2025/11/27 16:10:26.169495         [17:T2] 
[S1] 2025/11/27 16:10:26.169518         [18:T2] 
[S1] 2025/11/27 16:10:26.169544         [19:T2] 
[S1] 2025/11/27 16:10:26.169565         [20:T2] 
[S1] 2025/11/27 16:10:26.169588         [21:T2] 
[S1] 2025/11/27 16:10:26.169610         [22:T2] 
[S1] 2025/11/27 16:10:26.169634         [23:T2] 
[S1] 2025/11/27 16:10:26.169656         [24:T2] 
[S1] 2025/11/27 16:10:26.169678         [25:T2] 
[S1] 2025/11/27 16:10:26.169703         [26:T2] 
[S1] 2025/11/27 16:10:26.169726         [27:T2] 
[S1] 2025/11/27 16:10:26.169748         [28:T2] 
[S1] 2025/11/27 16:10:26.169773         [29:T2] 
[S1] 2025/11/27 16:10:26.169815         [30:T2] 
[S1] 2025/11/27 16:10:26.169834         [31:T4] 
[S1] 2025/11/27 16:10:26.169854         [32:T4] 
[S1] 2025/11/27 16:10:26.169874         [33:T4] 
[S1] 2025/11/27 16:10:26.169895         [34:T4] 
[S1] 2025/11/27 16:10:26.169915         [35:T4] 
[S1] 2025/11/27 16:10:26.169937         [36:T4] 
[S1] 2025/11/27 16:10:26.169959         [37:T4] 
[S1] 2025/11/27 16:10:26.169979         [38:T4] 
[S1] 2025/11/27 16:10:26.170000         [39:T4] 
[S1] 2025/11/27 16:10:26.170027         [40:T4] 
[S1] 2025/11/27 16:10:26.170049         [41:T4] 
[S1] 2025/11/27 16:10:26.170078         [42:T4] 
[S1] 2025/11/27 16:10:26.170101         [43:T4] 
[S1] 2025/11/27 16:10:26.170123         [44:T4] 
[S1] 2025/11/27 16:10:26.170141 
[S1] 2025/11/27 16:10:26.170159 ---------------------------------------------------
[S1] 2025/11/27 16:10:26.172247 
[At the start of broadcast] 🗂 S1 | Term=10 | Role=Leader | CommitIndex=43 | LastApplied=43
[S1] 2025/11/27 16:10:26.172315      📜 Log: 
[S1] 2025/11/27 16:10:26.172326         [0:T0] 
[S1] 2025/11/27 16:10:26.172338         [1:T1] 
[S1] 2025/11/27 16:10:26.172348         [2:T1] 
[S1] 2025/11/27 16:10:26.172358         [3:T1] 
[S1] 2025/11/27 16:10:26.172368         [4:T1] 
[S1] 2025/11/27 16:10:26.172377         [5:T1] 
[S1] 2025/11/27 16:10:26.172385         [6:T1] 
[S1] 2025/11/27 16:10:26.172394         [7:T1] 
[S1] 2025/11/27 16:10:26.172402         [8:T1] 
[S1] 2025/11/27 16:10:26.172410         [9:T1] 
[S1] 2025/11/27 16:10:26.172420         [10:T1] 
[S1] 2025/11/27 16:10:26.172428         [11:T1] 
[S1] 2025/11/27 16:10:26.172437         [12:T1] 
[S1] 2025/11/27 16:10:26.172445         [13:T2] 
[S1] 2025/11/27 16:10:26.172453         [14:T2] 
[S1] 2025/11/27 16:10:26.172461         [15:T2] 
[S1] 2025/11/27 16:10:26.172469         [16:T2] 
[S1] 2025/11/27 16:10:26.172477         [17:T2] 
[S1] 2025/11/27 16:10:26.172484         [18:T2] 
[S1] 2025/11/27 16:10:26.172493         [19:T2] 
[S1] 2025/11/27 16:10:26.172500         [20:T2] 
[S1] 2025/11/27 16:10:26.172508         [21:T2] 
[S1] 2025/11/27 16:10:26.172516         [22:T2] 
[S1] 2025/11/27 16:10:26.172525         [23:T2] 
[S1] 2025/11/27 16:10:26.172532         [24:T2] 
[S1] 2025/11/27 16:10:26.172541         [25:T2] 
[S1] 2025/11/27 16:10:26.172549         [26:T2] 
[S1] 2025/11/27 16:10:26.172557         [27:T2] 
[S1] 2025/11/27 16:10:26.172564         [28:T2] 
[S1] 2025/11/27 16:10:26.172573         [29:T2] 
[S1] 2025/11/27 16:10:26.172581         [30:T2] 
[S1] 2025/11/27 16:10:26.172589         [31:T4] 
[S1] 2025/11/27 16:10:26.172596         [32:T4] 
[S1] 2025/11/27 16:10:26.172603         [33:T4] 
[S1] 2025/11/27 16:10:26.172611         [34:T4] 
[S1] 2025/11/27 16:10:26.172619         [35:T4] 
[S1] 2025/11/27 16:10:26.172627         [36:T4] 
[S1] 2025/11/27 16:10:26.172636         [37:T4] 
[S1] 2025/11/27 16:10:26.172643         [38:T4] 
[S1] 2025/11/27 16:10:26.172651         [39:T4] 
[S1] 2025/11/27 16:10:26.172659         [40:T4] 
[S1] 2025/11/27 16:10:26.172667         [41:T4] 
[S1] 2025/11/27 16:10:26.172676         [42:T4] 
[S1] 2025/11/27 16:10:26.172684         [43:T4] 
[S1] 2025/11/27 16:10:26.172692         [44:T4] 
[S1] 2025/11/27 16:10:26.172699 
[S1] 2025/11/27 16:10:26.172706      📌 nextIndex:  [45 45 45]
[S1] 2025/11/27 16:10:26.172728      📎 matchIndex: [0 0 0]
[S1] 2025/11/27 16:10:26.172741 ---------------------------------------------------
[S1] 2025/11/27 16:10:26.172756 
[At the end of broadcast] 🗂 S1 | Term=10 | Role=Leader | CommitIndex=43 | LastApplied=43
[S1] 2025/11/27 16:10:26.172768      📜 Log: 
[S1] 2025/11/27 16:10:26.172775         [0:T0] 
[S1] 2025/11/27 16:10:26.172784         [1:T1] 
[S1] 2025/11/27 16:10:26.172791         [2:T1] 
[S1] 2025/11/27 16:10:26.172799         [3:T1] 
[S1] 2025/11/27 16:10:26.172808         [4:T1] 
[S1] 2025/11/27 16:10:26.172816         [5:T1] 
[S1] 2025/11/27 16:10:26.172823         [6:T1] 
[S1] 2025/11/27 16:10:26.172832         [7:T1] 
[S1] 2025/11/27 16:10:26.172840         [8:T1] 
[S1] 2025/11/27 16:10:26.172854         [9:T1] 
[S1] 2025/11/27 16:10:26.172862         [10:T1] 
[S1] 2025/11/27 16:10:26.172869         [11:T1] 
[S1] 2025/11/27 16:10:26.172879         [12:T1] 
[S1] 2025/11/27 16:10:26.172886         [13:T2] 
[S1] 2025/11/27 16:10:26.172894         [14:T2] 
[S1] 2025/11/27 16:10:26.172901         [15:T2] 
[S1] 2025/11/27 16:10:26.172910         [16:T2] 
[S1] 2025/11/27 16:10:26.172918         [17:T2] 
[S1] 2025/11/27 16:10:26.172926         [18:T2] 
[S1] 2025/11/27 16:10:26.172934         [19:T2] 
[S1] 2025/11/27 16:10:26.172942         [20:T2] 
[S1] 2025/11/27 16:10:26.172950         [21:T2] 
[S1] 2025/11/27 16:10:26.172957         [22:T2] 
[S1] 2025/11/27 16:10:26.172965         [23:T2] 
[S1] 2025/11/27 16:10:26.172974         [24:T2] 
[S1] 2025/11/27 16:10:26.172981         [25:T2] 
[S1] 2025/11/27 16:10:26.172989         [26:T2] 
[S1] 2025/11/27 16:10:26.172997         [27:T2] 
[S1] 2025/11/27 16:10:26.173004         [28:T2] 
[S1] 2025/11/27 16:10:26.173012         [29:T2] 
[S1] 2025/11/27 16:10:26.173019         [30:T2] 
[S1] 2025/11/27 16:10:26.173027         [31:T4] 
[S1] 2025/11/27 16:10:26.173034         [32:T4] 
[S1] 2025/11/27 16:10:26.173042         [33:T4] 
[S1] 2025/11/27 16:10:26.173050         [34:T4] 
[S1] 2025/11/27 16:10:26.173058         [35:T4] 
[S1] 2025/11/27 16:10:26.173071         [36:T4] 
[S1] 2025/11/27 16:10:26.173082         [37:T4] 
[S1] 2025/11/27 16:10:26.173090         [38:T4] 
[S1] 2025/11/27 16:10:26.173099         [39:T4] 
[S1] 2025/11/27 16:10:26.173107         [40:T4] 
[S1] 2025/11/27 16:10:26.173114         [41:T4] 
[S1] 2025/11/27 16:10:26.173123         [42:T4] 
[S1] 2025/11/27 16:10:26.173131         [43:T4] 
[S1] 2025/11/27 16:10:26.173139         [44:T4] 
[S1] 2025/11/27 16:10:26.173146 
[S1] 2025/11/27 16:10:26.173154      📌 nextIndex:  [45 45 45]
[S1] 2025/11/27 16:10:26.173167      📎 matchIndex: [0 0 0]
[S1] 2025/11/27 16:10:26.173180 ---------------------------------------------------
[S1] 2025/11/27 16:10:26.173372 
[At the start of handleAppendEntriesReply] 🗂 S1 | Term=10 | Role=Leader | CommitIndex=43 | LastApplied=43
[S1] 2025/11/27 16:10:26.173382      📜 Log: 
[S1] 2025/11/27 16:10:26.173387         [0:T0] 
[S1] 2025/11/27 16:10:26.173393         [1:T1] 
[S1] 2025/11/27 16:10:26.173398         [2:T1] 
[S1] 2025/11/27 16:10:26.173403         [3:T1] 
[S1] 2025/11/27 16:10:26.173407         [4:T1] 
[S1] 2025/11/27 16:10:26.173411         [5:T1] 
[S1] 2025/11/27 16:10:26.173416         [6:T1] 
[S1] 2025/11/27 16:10:26.173421         [7:T1] 
[S1] 2025/11/27 16:10:26.173425         [8:T1] 
[S1] 2025/11/27 16:10:26.173429         [9:T1] 
[S1] 2025/11/27 16:10:26.173433         [10:T1] 
[S1] 2025/11/27 16:10:26.173438         [11:T1] 
[S1] 2025/11/27 16:10:26.173442         [12:T1] 
[S1] 2025/11/27 16:10:26.173446         [13:T2] 
[S1] 2025/11/27 16:10:26.173451         [14:T2] 
[S1] 2025/11/27 16:10:26.173455         [15:T2] 
[S1] 2025/11/27 16:10:26.173460         [16:T2] 
[S1] 2025/11/27 16:10:26.173465         [17:T2] 
[S1] 2025/11/27 16:10:26.173469         [18:T2] 
[S1] 2025/11/27 16:10:26.173473         [19:T2] 
[S1] 2025/11/27 16:10:26.173478         [20:T2] 
[S1] 2025/11/27 16:10:26.173483         [21:T2] 
[S1] 2025/11/27 16:10:26.173487         [22:T2] 
[S1] 2025/11/27 16:10:26.173491         [23:T2] 
[S1] 2025/11/27 16:10:26.173496         [24:T2] 
[S1] 2025/11/27 16:10:26.173500         [25:T2] 
[S1] 2025/11/27 16:10:26.173505         [26:T2] 
[S1] 2025/11/27 16:10:26.173509         [27:T2] 
[S1] 2025/11/27 16:10:26.173513         [28:T2] 
[S1] 2025/11/27 16:10:26.173518         [29:T2] 
[S1] 2025/11/27 16:10:26.173522         [30:T2] 
[S1] 2025/11/27 16:10:26.173526         [31:T4] 
[S1] 2025/11/27 16:10:26.173531         [32:T4] 
[S1] 2025/11/27 16:10:26.173535         [33:T4] 
[S1] 2025/11/27 16:10:26.173539         [34:T4] 
[S1] 2025/11/27 16:10:26.173543         [35:T4] 
[S1] 2025/11/27 16:10:26.173547         [36:T4] 
[S1] 2025/11/27 16:10:26.173552         [37:T4] 
[S1] 2025/11/27 16:10:26.173556         [38:T4] 
[S1] 2025/11/27 16:10:26.173563         [39:T4] 
[S1] 2025/11/27 16:10:26.173568         [40:T4] 
[S1] 2025/11/27 16:10:26.173572         [41:T4] 
[S1] 2025/11/27 16:10:26.173577         [42:T4] 
[S1] 2025/11/27 16:10:26.173581         [43:T4] 
[S1] 2025/11/27 16:10:26.173586         [44:T4] 
[S1] 2025/11/27 16:10:26.173590 
[S1] 2025/11/27 16:10:26.173594      📌 nextIndex:  [45 45 45]
[S1] 2025/11/27 16:10:26.173604      📎 matchIndex: [0 0 0]
[S1] 2025/11/27 16:10:26.173610 ---------------------------------------------------
[S1] 2025/11/27 16:10:26.173615 
[At the end of handleAppendEntriesReply] 🗂 S1 | Term=10 | Role=Leader | CommitIndex=43 | LastApplied=43
[S1] 2025/11/27 16:10:26.173622      📜 Log: 
[S1] 2025/11/27 16:10:26.173626         [0:T0] 
[S1] 2025/11/27 16:10:26.173631         [1:T1] 
[S1] 2025/11/27 16:10:26.173635         [2:T1] 
[S1] 2025/11/27 16:10:26.173640         [3:T1] 
[S1] 2025/11/27 16:10:26.173645         [4:T1] 
[S1] 2025/11/27 16:10:26.173649         [5:T1] 
[S1] 2025/11/27 16:10:26.173654         [6:T1] 
[S1] 2025/11/27 16:10:26.173658         [7:T1] 
[S1] 2025/11/27 16:10:26.173662         [8:T1] 
[S1] 2025/11/27 16:10:26.173667         [9:T1] 
[S1] 2025/11/27 16:10:26.173671         [10:T1] 
[S1] 2025/11/27 16:10:26.173676         [11:T1] 
[S1] 2025/11/27 16:10:26.173680         [12:T1] 
[S1] 2025/11/27 16:10:26.173684         [13:T2] 
[S1] 2025/11/27 16:10:26.173689         [14:T2] 
[S1] 2025/11/27 16:10:26.173693         [15:T2] 
[S1] 2025/11/27 16:10:26.173697         [16:T2] 
[S1] 2025/11/27 16:10:26.173702         [17:T2] 
[S1] 2025/11/27 16:10:26.173706         [18:T2] 
[S1] 2025/11/27 16:10:26.173711         [19:T2] 
[S1] 2025/11/27 16:10:26.173715         [20:T2] 
[S1] 2025/11/27 16:10:26.173720         [21:T2] 
[S1] 2025/11/27 16:10:26.173724         [22:T2] 
[S1] 2025/11/27 16:10:26.173728         [23:T2] 
[S1] 2025/11/27 16:10:26.173732         [24:T2] 
[S1] 2025/11/27 16:10:26.173737         [25:T2] 
[S1] 2025/11/27 16:10:26.173741         [26:T2] 
[S1] 2025/11/27 16:10:26.173746         [27:T2] 
[S1] 2025/11/27 16:10:26.173750         [28:T2] 
[S1] 2025/11/27 16:10:26.173754         [29:T2] 
[S1] 2025/11/27 16:10:26.173758         [30:T2] 
[S1] 2025/11/27 16:10:26.173762         [31:T4] 
[S1] 2025/11/27 16:10:26.173766         [32:T4] 
[S1] 2025/11/27 16:10:26.173771         [33:T4] 
[S1] 2025/11/27 16:10:26.173776         [34:T4] 
[S1] 2025/11/27 16:10:26.173780         [35:T4] 
[S1] 2025/11/27 16:10:26.173784         [36:T4] 
[S1] 2025/11/27 16:10:26.173788         [37:T4] 
[S1] 2025/11/27 16:10:26.173792         [38:T4] 
[S1] 2025/11/27 16:10:26.173797         [39:T4] 
[S1] 2025/11/27 16:10:26.173801         [40:T4] 
[S1] 2025/11/27 16:10:26.173805         [41:T4] 
[S1] 2025/11/27 16:10:26.173810         [42:T4] 
[S1] 2025/11/27 16:10:26.173814         [43:T4] 
[S1] 2025/11/27 16:10:26.173818         [44:T4] 
[S1] 2025/11/27 16:10:26.173822 
[S1] 2025/11/27 16:10:26.173826      📌 nextIndex:  [45 45 32]
[S1] 2025/11/27 16:10:26.173833      📎 matchIndex: [0 0 0]
[S1] 2025/11/27 16:10:26.173839 ---------------------------------------------------
[S1] 2025/11/27 16:10:26.173846 
[At the start of handleAppendEntriesReply] 🗂 S1 | Term=10 | Role=Leader | CommitIndex=43 | LastApplied=43
[S1] 2025/11/27 16:10:26.173854      📜 Log: 
[S1] 2025/11/27 16:10:26.173859         [0:T0] 
[S1] 2025/11/27 16:10:26.173865         [1:T1] 
[S1] 2025/11/27 16:10:26.173870         [2:T1] 
[S1] 2025/11/27 16:10:26.173874         [3:T1] 
[S1] 2025/11/27 16:10:26.173879         [4:T1] 
[S1] 2025/11/27 16:10:26.173883         [5:T1] 
[S1] 2025/11/27 16:10:26.173888         [6:T1] 
[S1] 2025/11/27 16:10:26.173892         [7:T1] 
[S1] 2025/11/27 16:10:26.173896         [8:T1] 
[S1] 2025/11/27 16:10:26.173901         [9:T1] 
[S1] 2025/11/27 16:10:26.173905         [10:T1] 
[S1] 2025/11/27 16:10:26.173909         [11:T1] 
[S1] 2025/11/27 16:10:26.173914         [12:T1] 
[S1] 2025/11/27 16:10:26.173918         [13:T2] 
[S1] 2025/11/27 16:10:26.173922         [14:T2] 
[S1] 2025/11/27 16:10:26.173928         [15:T2] 
[S1] 2025/11/27 16:10:26.173932         [16:T2] 
[S1] 2025/11/27 16:10:26.173936         [17:T2] 
[S1] 2025/11/27 16:10:26.173941         [18:T2] 
[S1] 2025/11/27 16:10:26.173945         [19:T2] 
[S1] 2025/11/27 16:10:26.173949         [20:T2] 
[S1] 2025/11/27 16:10:26.173954         [21:T2] 
[S1] 2025/11/27 16:10:26.173959         [22:T2] 
[S1] 2025/11/27 16:10:26.173963         [23:T2] 
[S1] 2025/11/27 16:10:26.173967         [24:T2] 
[S1] 2025/11/27 16:10:26.173971         [25:T2] 
[S1] 2025/11/27 16:10:26.173975         [26:T2] 
[S1] 2025/11/27 16:10:26.173980         [27:T2] 
[S1] 2025/11/27 16:10:26.173984         [28:T2] 
[S1] 2025/11/27 16:10:26.173988         [29:T2] 
[S1] 2025/11/27 16:10:26.173993         [30:T2] 
[S1] 2025/11/27 16:10:26.173997         [31:T4] 
[S1] 2025/11/27 16:10:26.174001         [32:T4] 
[S1] 2025/11/27 16:10:26.174005         [33:T4] 
[S1] 2025/11/27 16:10:26.174009         [34:T4] 
[S1] 2025/11/27 16:10:26.174014         [35:T4] 
[S1] 2025/11/27 16:10:26.174018         [36:T4] 
[S1] 2025/11/27 16:10:26.174022         [37:T4] 
[S1] 2025/11/27 16:10:26.174026         [38:T4] 
[S1] 2025/11/27 16:10:26.174031         [39:T4] 
[S1] 2025/11/27 16:10:26.174035         [40:T4] 
[S1] 2025/11/27 16:10:26.174039         [41:T4] 
[S1] 2025/11/27 16:10:26.174043         [42:T4] 
[S1] 2025/11/27 16:10:26.174047         [43:T4] 
[S1] 2025/11/27 16:10:26.174051         [44:T4] 
[S1] 2025/11/27 16:10:26.174056 
[S1] 2025/11/27 16:10:26.174060      📌 nextIndex:  [45 45 32]
[S1] 2025/11/27 16:10:26.174066      📎 matchIndex: [0 0 0]
[S1] 2025/11/27 16:10:26.174076 ---------------------------------------------------
[S1] 2025/11/27 16:10:26.174080 
[At the end of handleAppendEntriesReply] 🗂 S1 | Term=10 | Role=Leader | CommitIndex=43 | LastApplied=43
[S1] 2025/11/27 16:10:26.174087      📜 Log: 
[S1] 2025/11/27 16:10:26.174091         [0:T0] 
[S1] 2025/11/27 16:10:26.174095         [1:T1] 
[S1] 2025/11/27 16:10:26.174100         [2:T1] 
[S1] 2025/11/27 16:10:26.174104         [3:T1] 
[S1] 2025/11/27 16:10:26.174108         [4:T1] 
[S1] 2025/11/27 16:10:26.174112         [5:T1] 
[S1] 2025/11/27 16:10:26.174116         [6:T1] 
[S1] 2025/11/27 16:10:26.174121         [7:T1] 
[S1] 2025/11/27 16:10:26.174126         [8:T1] 
[S1] 2025/11/27 16:10:26.174130         [9:T1] 
[S1] 2025/11/27 16:10:26.174135         [10:T1] 
[S1] 2025/11/27 16:10:26.174139         [11:T1] 
[S1] 2025/11/27 16:10:26.174143         [12:T1] 
[S1] 2025/11/27 16:10:26.174147         [13:T2] 
[S1] 2025/11/27 16:10:26.174151         [14:T2] 
[S1] 2025/11/27 16:10:26.174156         [15:T2] 
[S1] 2025/11/27 16:10:26.174160         [16:T2] 
[S1] 2025/11/27 16:10:26.174164         [17:T2] 
[S1] 2025/11/27 16:10:26.174169         [18:T2] 
[S1] 2025/11/27 16:10:26.174173         [19:T2] 
[S1] 2025/11/27 16:10:26.174177         [20:T2] 
[S1] 2025/11/27 16:10:26.174181         [21:T2] 
[S1] 2025/11/27 16:10:26.174185         [22:T2] 
[S1] 2025/11/27 16:10:26.174190         [23:T2] 
[S1] 2025/11/27 16:10:26.174194         [24:T2] 
[S1] 2025/11/27 16:10:26.174198         [25:T2] 
[S1] 2025/11/27 16:10:26.174202         [26:T2] 
[S1] 2025/11/27 16:10:26.174206         [27:T2] 
[S1] 2025/11/27 16:10:26.174210         [28:T2] 
[S1] 2025/11/27 16:10:26.174215         [29:T2] 
[S1] 2025/11/27 16:10:26.174219         [30:T2] 
[S1] 2025/11/27 16:10:26.174223         [31:T4] 
[S1] 2025/11/27 16:10:26.174227         [32:T4] 
[S1] 2025/11/27 16:10:26.174232         [33:T4] 
[S1] 2025/11/27 16:10:26.174236         [34:T4] 
[S1] 2025/11/27 16:10:26.174241         [35:T4] 
[S1] 2025/11/27 16:10:26.174245         [36:T4] 
[S1] 2025/11/27 16:10:26.174249         [37:T4] 
[S1] 2025/11/27 16:10:26.174253         [38:T4] 
[S1] 2025/11/27 16:10:26.174257         [39:T4] 
[S1] 2025/11/27 16:10:26.174261         [40:T4] 
[S1] 2025/11/27 16:10:26.174265         [41:T4] 
[S1] 2025/11/27 16:10:26.174269         [42:T4] 
[S1] 2025/11/27 16:10:26.174273         [43:T4] 
[S1] 2025/11/27 16:10:26.174278         [44:T4] 
[S1] 2025/11/27 16:10:26.174284 
[S1] 2025/11/27 16:10:26.174287      📌 nextIndex:  [44 45 32]
[S1] 2025/11/27 16:10:26.174294      📎 matchIndex: [0 0 0]
[S1] 2025/11/27 16:10:26.174301 ---------------------------------------------------
[S1] 2025/11/27 16:10:26.276767 
[At the start of broadcast] 🗂 S1 | Term=10 | Role=Leader | CommitIndex=43 | LastApplied=43
[S1] 2025/11/27 16:10:26.276829      📜 Log: 
[S1] 2025/11/27 16:10:26.276837         [0:T0] 
[S1] 2025/11/27 16:10:26.276844         [1:T1] 
[S1] 2025/11/27 16:10:26.276851         [2:T1] 
[S1] 2025/11/27 16:10:26.276857         [3:T1] 
[S1] 2025/11/27 16:10:26.276862         [4:T1] 
[S1] 2025/11/27 16:10:26.276867         [5:T1] 
[S1] 2025/11/27 16:10:26.276872         [6:T1] 
[S1] 2025/11/27 16:10:26.276877         [7:T1] 
[S1] 2025/11/27 16:10:26.276881         [8:T1] 
[S1] 2025/11/27 16:10:26.276887         [9:T1] 
[S1] 2025/11/27 16:10:26.276891         [10:T1] 
[S1] 2025/11/27 16:10:26.276896         [11:T1] 
[S1] 2025/11/27 16:10:26.276901         [12:T1] 
[S1] 2025/11/27 16:10:26.276906         [13:T2] 
[S1] 2025/11/27 16:10:26.276912         [14:T2] 
[S1] 2025/11/27 16:10:26.276917         [15:T2] 
[S1] 2025/11/27 16:10:26.276922         [16:T2] 
[S1] 2025/11/27 16:10:26.276927         [17:T2] 
[S1] 2025/11/27 16:10:26.276931         [18:T2] 
[S1] 2025/11/27 16:10:26.276936         [19:T2] 
[S1] 2025/11/27 16:10:26.276943         [20:T2] 
[S1] 2025/11/27 16:10:26.276949         [21:T2] 
[S1] 2025/11/27 16:10:26.276953         [22:T2] 
[S1] 2025/11/27 16:10:26.276960         [23:T2] 
[S1] 2025/11/27 16:10:26.276964         [24:T2] 
[S1] 2025/11/27 16:10:26.276969         [25:T2] 
[S1] 2025/11/27 16:10:26.276973         [26:T2] 
[S1] 2025/11/27 16:10:26.276979         [27:T2] 
[S1] 2025/11/27 16:10:26.276984         [28:T2] 
[S1] 2025/11/27 16:10:26.276988         [29:T2] 
[S1] 2025/11/27 16:10:26.276992         [30:T2] 
[S1] 2025/11/27 16:10:26.276998         [31:T4] 
[S1] 2025/11/27 16:10:26.277002         [32:T4] 
[S1] 2025/11/27 16:10:26.277006         [33:T4] 
[S1] 2025/11/27 16:10:26.277011         [34:T4] 
[S1] 2025/11/27 16:10:26.277016         [35:T4] 
[S1] 2025/11/27 16:10:26.277020         [36:T4] 
[S1] 2025/11/27 16:10:26.277025         [37:T4] 
[S1] 2025/11/27 16:10:26.277029         [38:T4] 
[S1] 2025/11/27 16:10:26.277034         [39:T4] 
[S1] 2025/11/27 16:10:26.277039         [40:T4] 
[S1] 2025/11/27 16:10:26.277044         [41:T4] 
[S1] 2025/11/27 16:10:26.277048         [42:T4] 
[S1] 2025/11/27 16:10:26.277052         [43:T4] 
[S1] 2025/11/27 16:10:26.277057         [44:T4] 
[S1] 2025/11/27 16:10:26.277062         [45:T10] 
[S1] 2025/11/27 16:10:26.277066 
[S1] 2025/11/27 16:10:26.277079      📌 nextIndex:  [44 45 32]
[S1] 2025/11/27 16:10:26.277091      📎 matchIndex: [0 45 0]
[S1] 2025/11/27 16:10:26.277097 ---------------------------------------------------
[S1] 2025/11/27 16:10:26.277112 
[At the end of broadcast] 🗂 S1 | Term=10 | Role=Leader | CommitIndex=43 | LastApplied=43
[S1] 2025/11/27 16:10:26.277120      📜 Log: 
[S1] 2025/11/27 16:10:26.277124         [0:T0] 
[S1] 2025/11/27 16:10:26.277129         [1:T1] 
[S1] 2025/11/27 16:10:26.277156         [2:T1] 
[S1] 2025/11/27 16:10:26.277160         [3:T1] 
[S1] 2025/11/27 16:10:26.277165         [4:T1] 
[S1] 2025/11/27 16:10:26.277170         [5:T1] 
[S1] 2025/11/27 16:10:26.277174         [6:T1] 
[S1] 2025/11/27 16:10:26.277179         [7:T1] 
[S1] 2025/11/27 16:10:26.277184         [8:T1] 
[S1] 2025/11/27 16:10:26.277189         [9:T1] 
[S1] 2025/11/27 16:10:26.277194         [10:T1] 
[S1] 2025/11/27 16:10:26.277199         [11:T1] 
[S1] 2025/11/27 16:10:26.277203         [12:T1] 
[S1] 2025/11/27 16:10:26.277208         [13:T2] 
[S1] 2025/11/27 16:10:26.277212         [14:T2] 
[S1] 2025/11/27 16:10:26.277217         [15:T2] 
[S1] 2025/11/27 16:10:26.277222         [16:T2] 
[S1] 2025/11/27 16:10:26.277227         [17:T2] 
[S1] 2025/11/27 16:10:26.277231         [18:T2] 
[S1] 2025/11/27 16:10:26.277236         [19:T2] 
[S1] 2025/11/27 16:10:26.277240         [20:T2] 
[S1] 2025/11/27 16:10:26.277253         [21:T2] 
[S1] 2025/11/27 16:10:26.277257         [22:T2] 
[S1] 2025/11/27 16:10:26.277261         [23:T2] 
[S1] 2025/11/27 16:10:26.277266         [24:T2] 
[S1] 2025/11/27 16:10:26.277270         [25:T2] 
[S1] 2025/11/27 16:10:26.277275         [26:T2] 
[S1] 2025/11/27 16:10:26.277279         [27:T2] 
[S1] 2025/11/27 16:10:26.277283         [28:T2] 
[S1] 2025/11/27 16:10:26.277289         [29:T2] 
[S1] 2025/11/27 16:10:26.277293         [30:T2] 
[S1] 2025/11/27 16:10:26.277297         [31:T4] 
[S1] 2025/11/27 16:10:26.277302         [32:T4] 
[S1] 2025/11/27 16:10:26.277306         [33:T4] 
[S1] 2025/11/27 16:10:26.277310         [34:T4] 
[S1] 2025/11/27 16:10:26.277315         [35:T4] 
[S1] 2025/11/27 16:10:26.277319         [36:T4] 
[S1] 2025/11/27 16:10:26.277324         [37:T4] 
[S1] 2025/11/27 16:10:26.277329         [38:T4] 
[S1] 2025/11/27 16:10:26.277333         [39:T4] 
[S1] 2025/11/27 16:10:26.277338         [40:T4] 
[S1] 2025/11/27 16:10:26.277342         [41:T4] 
[S1] 2025/11/27 16:10:26.277347         [42:T4] 
[S1] 2025/11/27 16:10:26.277351         [43:T4] 
[S1] 2025/11/27 16:10:26.277356         [44:T4] 
[S1] 2025/11/27 16:10:26.277360         [45:T10] 
[S1] 2025/11/27 16:10:26.277365 
[S1] 2025/11/27 16:10:26.277369      📌 nextIndex:  [44 45 32]
[S1] 2025/11/27 16:10:26.277376      📎 matchIndex: [0 45 0]
[S1] 2025/11/27 16:10:26.277382 ---------------------------------------------------
[S1] 2025/11/27 16:10:26.278886 
[At the start of handleAppendEntriesReply] 🗂 S1 | Term=10 | Role=Leader | CommitIndex=43 | LastApplied=43
[S1] 2025/11/27 16:10:26.278898      📜 Log: 
[S1] 2025/11/27 16:10:26.278907         [0:T0] 
[S1] 2025/11/27 16:10:26.278913         [1:T1] 
[S1] 2025/11/27 16:10:26.278918         [2:T1] 
[S1] 2025/11/27 16:10:26.278922         [3:T1] 
[S1] 2025/11/27 16:10:26.278928         [4:T1] 
[S1] 2025/11/27 16:10:26.278932         [5:T1] 
[S1] 2025/11/27 16:10:26.278937         [6:T1] 
[S1] 2025/11/27 16:10:26.278942         [7:T1] 
[S1] 2025/11/27 16:10:26.278947         [8:T1] 
[S1] 2025/11/27 16:10:26.278952         [9:T1] 
[S1] 2025/11/27 16:10:26.278957         [10:T1] 
[S1] 2025/11/27 16:10:26.278962         [11:T1] 
[S1] 2025/11/27 16:10:26.278967         [12:T1] 
[S1] 2025/11/27 16:10:26.278971         [13:T2] 
[S1] 2025/11/27 16:10:26.278976         [14:T2] 
[S1] 2025/11/27 16:10:26.278981         [15:T2] 
[S1] 2025/11/27 16:10:26.278985         [16:T2] 
[S1] 2025/11/27 16:10:26.278992         [17:T2] 
[S1] 2025/11/27 16:10:26.279014         [18:T2] 
[S1] 2025/11/27 16:10:26.279019         [19:T2] 
[S1] 2025/11/27 16:10:26.279024         [20:T2] 
[S1] 2025/11/27 16:10:26.279029         [21:T2] 
[S1] 2025/11/27 16:10:26.279033         [22:T2] 
[S1] 2025/11/27 16:10:26.279038         [23:T2] 
[S1] 2025/11/27 16:10:26.279043         [24:T2] 
[S1] 2025/11/27 16:10:26.279047         [25:T2] 
[S1] 2025/11/27 16:10:26.279053         [26:T2] 
[S1] 2025/11/27 16:10:26.279058         [27:T2] 
[S1] 2025/11/27 16:10:26.279062         [28:T2] 
[S1] 2025/11/27 16:10:26.279066         [29:T2] 
[S1] 2025/11/27 16:10:26.279076         [30:T2] 
[S1] 2025/11/27 16:10:26.279080         [31:T4] 
[S1] 2025/11/27 16:10:26.279085         [32:T4] 
[S1] 2025/11/27 16:10:26.279089         [33:T4] 
[S1] 2025/11/27 16:10:26.279094         [34:T4] 
[S1] 2025/11/27 16:10:26.279099         [35:T4] 
[S1] 2025/11/27 16:10:26.279104         [36:T4] 
[S1] 2025/11/27 16:10:26.279108         [37:T4] 
[S1] 2025/11/27 16:10:26.279113         [38:T4] 
[S1] 2025/11/27 16:10:26.279118         [39:T4] 
[S1] 2025/11/27 16:10:26.279122         [40:T4] 
[S1] 2025/11/27 16:10:26.279128         [41:T4] 
[S1] 2025/11/27 16:10:26.279133         [42:T4] 
[S1] 2025/11/27 16:10:26.279137         [43:T4] 
[S1] 2025/11/27 16:10:26.279142         [44:T4] 
[S1] 2025/11/27 16:10:26.279146         [45:T10] 
[S1] 2025/11/27 16:10:26.279151 
[S1] 2025/11/27 16:10:26.279157      📌 nextIndex:  [44 45 32]
[S1] 2025/11/27 16:10:26.279165      📎 matchIndex: [0 45 0]
[S1] 2025/11/27 16:10:26.279172 ---------------------------------------------------
[S1] 2025/11/27 16:10:26.279181 
[At the end of handleAppendEntriesReply] 🗂 S1 | Term=10 | Role=Leader | CommitIndex=45 | LastApplied=43
[S1] 2025/11/27 16:10:26.279189      📜 Log: 
[S1] 2025/11/27 16:10:26.279193         [0:T0] 
[S1] 2025/11/27 16:10:26.279198         [1:T1] 
[S1] 2025/11/27 16:10:26.279203         [2:T1] 
[S1] 2025/11/27 16:10:26.279207         [3:T1] 
[S1] 2025/11/27 16:10:26.279212         [4:T1] 
[S1] 2025/11/27 16:10:26.279217         [5:T1] 
[S1] 2025/11/27 16:10:26.279221         [6:T1] 
[S1] 2025/11/27 16:10:26.279225         [7:T1] 
[S1] 2025/11/27 16:10:26.279230         [8:T1] 
[S1] 2025/11/27 16:10:26.279234         [9:T1] 
[S1] 2025/11/27 16:10:26.279239         [10:T1] 
[S1] 2025/11/27 16:10:26.279245         [11:T1] 
[S1] 2025/11/27 16:10:26.279258         [12:T1] 
[S1] 2025/11/27 16:10:26.279263         [13:T2] 
[S1] 2025/11/27 16:10:26.279268         [14:T2] 
[S1] 2025/11/27 16:10:26.279275         [15:T2] 
[S1] 2025/11/27 16:10:26.279279         [16:T2] 
[S1] 2025/11/27 16:10:26.279284         [17:T2] 
[S1] 2025/11/27 16:10:26.279288         [18:T2] 
[S1] 2025/11/27 16:10:26.279293         [19:T2] 
[S1] 2025/11/27 16:10:26.279297         [20:T2] 
[S1] 2025/11/27 16:10:26.279301         [21:T2] 
[S1] 2025/11/27 16:10:26.279306         [22:T2] 
[S1] 2025/11/27 16:10:26.279310         [23:T2] 
[S1] 2025/11/27 16:10:26.279315         [24:T2] 
[S1] 2025/11/27 16:10:26.279319         [25:T2] 
[S1] 2025/11/27 16:10:26.279324         [26:T2] 
[S1] 2025/11/27 16:10:26.279328         [27:T2] 
[S1] 2025/11/27 16:10:26.279333         [28:T2] 
[S1] 2025/11/27 16:10:26.279338         [29:T2] 
[S1] 2025/11/27 16:10:26.279342         [30:T2] 
[S1] 2025/11/27 16:10:26.279347         [31:T4] 
[S1] 2025/11/27 16:10:26.279351         [32:T4] 
[S1] 2025/11/27 16:10:26.279356         [33:T4] 
[S1] 2025/11/27 16:10:26.279360         [34:T4] 
[S1] 2025/11/27 16:10:26.279364         [35:T4] 
[S1] 2025/11/27 16:10:26.279368         [36:T4] 
[S1] 2025/11/27 16:10:26.279373         [37:T4] 
[S1] 2025/11/27 16:10:26.279378         [38:T4] 
[S1] 2025/11/27 16:10:26.279382         [39:T4] 
[S1] 2025/11/27 16:10:26.279386         [40:T4] 
[S1] 2025/11/27 16:10:26.279390         [41:T4] 
[S1] 2025/11/27 16:10:26.279395         [42:T4] 
[S1] 2025/11/27 16:10:26.279399         [43:T4] 
[S1] 2025/11/27 16:10:26.279403         [44:T4] 
[S1] 2025/11/27 16:10:26.279408         [45:T10] 
[S1] 2025/11/27 16:10:26.279413 
[S1] 2025/11/27 16:10:26.279416      📌 nextIndex:  [44 45 46]
[S1] 2025/11/27 16:10:26.279424      📎 matchIndex: [0 45 45]
[S1] 2025/11/27 16:10:26.279430 ---------------------------------------------------
[S1] 2025/11/27 16:10:26.279436 
[At the start of handleAppendEntriesReply] 🗂 S1 | Term=10 | Role=Leader | CommitIndex=45 | LastApplied=43
[S1] 2025/11/27 16:10:26.279445      📜 Log: 
[S1] 2025/11/27 16:10:26.279451         [0:T0] 
[S1] 2025/11/27 16:10:26.279456         [1:T1] 
[S1] 2025/11/27 16:10:26.279461         [2:T1] 
[S1] 2025/11/27 16:10:26.279465         [3:T1] 
[S1] 2025/11/27 16:10:26.279470         [4:T1] 
[S1] 2025/11/27 16:10:26.279475         [5:T1] 
[S1] 2025/11/27 16:10:26.279479         [6:T1] 
[S1] 2025/11/27 16:10:26.279484         [7:T1] 
[S1] 2025/11/27 16:10:26.279489         [8:T1] 
[S1] 2025/11/27 16:10:26.279493         [9:T1] 
[S1] 2025/11/27 16:10:26.279498         [10:T1] 
[S1] 2025/11/27 16:10:26.279502         [11:T1] 
[S1] 2025/11/27 16:10:26.279507         [12:T1] 
[S1] 2025/11/27 16:10:26.279511         [13:T2] 
[S1] 2025/11/27 16:10:26.279515         [14:T2] 
[S1] 2025/11/27 16:10:26.279520         [15:T2] 
[S1] 2025/11/27 16:10:26.279524         [16:T2] 
[S1] 2025/11/27 16:10:26.279529         [17:T2] 
[S1] 2025/11/27 16:10:26.279533         [18:T2] 
[S1] 2025/11/27 16:10:26.279537         [19:T2] 
[S1] 2025/11/27 16:10:26.279541         [20:T2] 
[S1] 2025/11/27 16:10:26.279546         [21:T2] 
[S1] 2025/11/27 16:10:26.279550         [22:T2] 
[S1] 2025/11/27 16:10:26.279554         [23:T2] 
[S1] 2025/11/27 16:10:26.279560         [24:T2] 
[S1] 2025/11/27 16:10:26.279565         [25:T2] 
[S1] 2025/11/27 16:10:26.279569         [26:T2] 
[S1] 2025/11/27 16:10:26.279573         [27:T2] 
[S1] 2025/11/27 16:10:26.279577         [28:T2] 
[S1] 2025/11/27 16:10:26.279581         [29:T2] 
[S1] 2025/11/27 16:10:26.279586         [30:T2] 
[S1] 2025/11/27 16:10:26.279590         [31:T4] 
[S1] 2025/11/27 16:10:26.279594         [32:T4] 
[S1] 2025/11/27 16:10:26.279598         [33:T4] 
[S1] 2025/11/27 16:10:26.279603         [34:T4] 
[S1] 2025/11/27 16:10:26.279608         [35:T4] 
[S1] 2025/11/27 16:10:26.279612         [36:T4] 
[S1] 2025/11/27 16:10:26.279616         [37:T4] 
[S1] 2025/11/27 16:10:26.279620         [38:T4] 
[S1] 2025/11/27 16:10:26.279625         [39:T4] 
[S1] 2025/11/27 16:10:26.279630         [40:T4] 
[S1] 2025/11/27 16:10:26.279634         [41:T4] 
[S1] 2025/11/27 16:10:26.279638         [42:T4] 
[S1] 2025/11/27 16:10:26.279642         [43:T4] 
[S1] 2025/11/27 16:10:26.279647         [44:T4] 
[S1] 2025/11/27 16:10:26.279651         [45:T10] 
[S1] 2025/11/27 16:10:26.279656 
[S1] 2025/11/27 16:10:26.279660      📌 nextIndex:  [44 45 46]
[S1] 2025/11/27 16:10:26.279666      📎 matchIndex: [0 45 45]
[S1] 2025/11/27 16:10:26.279673 ---------------------------------------------------
[S1] 2025/11/27 16:10:26.279678 
[At the end of handleAppendEntriesReply] 🗂 S1 | Term=10 | Role=Leader | CommitIndex=45 | LastApplied=43
[S1] 2025/11/27 16:10:26.279685      📜 Log: 
[S1] 2025/11/27 16:10:26.279689         [0:T0] 
[S1] 2025/11/27 16:10:26.279693         [1:T1] 
[S1] 2025/11/27 16:10:26.279698         [2:T1] 
[S1] 2025/11/27 16:10:26.279702         [3:T1] 
[S1] 2025/11/27 16:10:26.279707         [4:T1] 
[S1] 2025/11/27 16:10:26.279711         [5:T1] 
[S1] 2025/11/27 16:10:26.279716         [6:T1] 
[S1] 2025/11/27 16:10:26.279720         [7:T1] 
[S1] 2025/11/27 16:10:26.279725         [8:T1] 
[S1] 2025/11/27 16:10:26.279729         [9:T1] 
[S1] 2025/11/27 16:10:26.279734         [10:T1] 
[S1] 2025/11/27 16:10:26.279738         [11:T1] 
[S1] 2025/11/27 16:10:26.279743         [12:T1] 
[S1] 2025/11/27 16:10:26.279747         [13:T2] 
[S1] 2025/11/27 16:10:26.279751         [14:T2] 
[S1] 2025/11/27 16:10:26.279756         [15:T2] 
[S1] 2025/11/27 16:10:26.279760         [16:T2] 
[S1] 2025/11/27 16:10:26.279764         [17:T2] 
[S1] 2025/11/27 16:10:26.279768         [18:T2] 
[S1] 2025/11/27 16:10:26.279772         [19:T2] 
[S1] 2025/11/27 16:10:26.279777         [20:T2] 
[S1] 2025/11/27 16:10:26.279781         [21:T2] 
[S1] 2025/11/27 16:10:26.279785         [22:T2] 
[S1] 2025/11/27 16:10:26.279789         [23:T2] 
[S1] 2025/11/27 16:10:26.279794         [24:T2] 
[S1] 2025/11/27 16:10:26.279798         [25:T2] 
[S1] 2025/11/27 16:10:26.279802         [26:T2] 
[S1] 2025/11/27 16:10:26.279806         [27:T2] 
[S1] 2025/11/27 16:10:26.279811         [28:T2] 
[S1] 2025/11/27 16:10:26.279815         [29:T2] 
[S1] 2025/11/27 16:10:26.279819         [30:T2] 
[S1] 2025/11/27 16:10:26.279823         [31:T4] 
[S1] 2025/11/27 16:10:26.279827         [32:T4] 
[S1] 2025/11/27 16:10:26.279832         [33:T4] 
[S1] 2025/11/27 16:10:26.279836         [34:T4] 
[S1] 2025/11/27 16:10:26.279841         [35:T4] 
[S1] 2025/11/27 16:10:26.279845         [36:T4] 
[S1] 2025/11/27 16:10:26.279849         [37:T4] 
[S1] 2025/11/27 16:10:26.279854         [38:T4] 
[S1] 2025/11/27 16:10:26.279858         [39:T4] 
[S1] 2025/11/27 16:10:26.279862         [40:T4] 
[S1] 2025/11/27 16:10:26.279866         [41:T4] 
[S1] 2025/11/27 16:10:26.279871         [42:T4] 
[S1] 2025/11/27 16:10:26.279875         [43:T4] 
[S1] 2025/11/27 16:10:26.279879         [44:T4] 
[S1] 2025/11/27 16:10:26.279883         [45:T10] 
[S1] 2025/11/27 16:10:26.279888 
[S1] 2025/11/27 16:10:26.279895      📌 nextIndex:  [46 45 46]
[S1] 2025/11/27 16:10:26.279902      📎 matchIndex: [45 45 45]
[S1] 2025/11/27 16:10:26.279908 ---------------------------------------------------
[S1] 2025/11/27 16:10:26.383805 
[At the start of broadcast] 🗂 S1 | Term=10 | Role=Leader | CommitIndex=45 | LastApplied=45
[S1] 2025/11/27 16:10:26.383872      📜 Log: 
[S1] 2025/11/27 16:10:26.383885         [0:T0] 
[S1] 2025/11/27 16:10:26.383896         [1:T1] 
[S1] 2025/11/27 16:10:26.383905         [2:T1] 
[S1] 2025/11/27 16:10:26.383913         [3:T1] 
[S1] 2025/11/27 16:10:26.383923         [4:T1] 
[S1] 2025/11/27 16:10:26.383932         [5:T1] 
[S1] 2025/11/27 16:10:26.383942         [6:T1] 
[S1] 2025/11/27 16:10:26.383950         [7:T1] 
[S1] 2025/11/27 16:10:26.383959         [8:T1] 
[S1] 2025/11/27 16:10:26.383968         [9:T1] 
[S1] 2025/11/27 16:10:26.383976         [10:T1] 
[S1] 2025/11/27 16:10:26.383985         [11:T1] 
[S1] 2025/11/27 16:10:26.383994         [12:T1] 
[S1] 2025/11/27 16:10:26.384002         [13:T2] 
[S1] 2025/11/27 16:10:26.384011         [14:T2] 
[S1] 2025/11/27 16:10:26.384019         [15:T2] 
[S1] 2025/11/27 16:10:26.384027         [16:T2] 
[S1] 2025/11/27 16:10:26.384036         [17:T2] 
[S1] 2025/11/27 16:10:26.384043         [18:T2] 
[S1] 2025/11/27 16:10:26.384052         [19:T2] 
[S1] 2025/11/27 16:10:26.384059         [20:T2] 
[S1] 2025/11/27 16:10:26.384067         [21:T2] 
[S1] 2025/11/27 16:10:26.384085         [22:T2] 
[S1] 2025/11/27 16:10:26.384092         [23:T2] 
[S1] 2025/11/27 16:10:26.384101         [24:T2] 
[S1] 2025/11/27 16:10:26.384113         [25:T2] 
[S1] 2025/11/27 16:10:26.384120         [26:T2] 
[S1] 2025/11/27 16:10:26.384128         [27:T2] 
[S1] 2025/11/27 16:10:26.384136         [28:T2] 
[S1] 2025/11/27 16:10:26.384144         [29:T2] 
[S1] 2025/11/27 16:10:26.384152         [30:T2] 
[S1] 2025/11/27 16:10:26.384159         [31:T4] 
[S1] 2025/11/27 16:10:26.384168         [32:T4] 
[S1] 2025/11/27 16:10:26.384176         [33:T4] 
[S1] 2025/11/27 16:10:26.384184         [34:T4] 
[S1] 2025/11/27 16:10:26.384190         [35:T4] 
[S1] 2025/11/27 16:10:26.384198         [36:T4] 
[S1] 2025/11/27 16:10:26.384206         [37:T4] 
[S1] 2025/11/27 16:10:26.384213         [38:T4] 
[S1] 2025/11/27 16:10:26.384221         [39:T4] 
[S1] 2025/11/27 16:10:26.384229         [40:T4] 
[S1] 2025/11/27 16:10:26.384237         [41:T4] 
[S1] 2025/11/27 16:10:26.384244         [42:T4] 
[S1] 2025/11/27 16:10:26.384253         [43:T4] 
[S1] 2025/11/27 16:10:26.384260         [44:T4] 
[S1] 2025/11/27 16:10:26.384268         [45:T10] 
[S1] 2025/11/27 16:10:26.384276 
[S1] 2025/11/27 16:10:26.384284      📌 nextIndex:  [46 45 46]
[S1] 2025/11/27 16:10:26.384302      📎 matchIndex: [45 45 45]
[S1] 2025/11/27 16:10:26.384314 ---------------------------------------------------
[S1] 2025/11/27 16:10:26.384336 
[At the end of broadcast] 🗂 S1 | Term=10 | Role=Leader | CommitIndex=45 | LastApplied=45
[S1] 2025/11/27 16:10:26.384349      📜 Log: 
[S1] 2025/11/27 16:10:26.384356         [0:T0] 
[S1] 2025/11/27 16:10:26.384364         [1:T1] 
[S1] 2025/11/27 16:10:26.384372         [2:T1] 
[S1] 2025/11/27 16:10:26.384380         [3:T1] 
[S1] 2025/11/27 16:10:26.384389         [4:T1] 
[S1] 2025/11/27 16:10:26.384398         [5:T1] 
[S1] 2025/11/27 16:10:26.384405         [6:T1] 
[S1] 2025/11/27 16:10:26.384413         [7:T1] 
[S1] 2025/11/27 16:10:26.384421         [8:T1] 
[S1] 2025/11/27 16:10:26.384430         [9:T1] 
[S1] 2025/11/27 16:10:26.384437         [10:T1] 
[S1] 2025/11/27 16:10:26.384445         [11:T1] 
[S1] 2025/11/27 16:10:26.384453         [12:T1] 
[S1] 2025/11/27 16:10:26.384461         [13:T2] 
[S1] 2025/11/27 16:10:26.384468         [14:T2] 
[S1] 2025/11/27 16:10:26.384476         [15:T2] 
[S1] 2025/11/27 16:10:26.384483         [16:T2] 
[S1] 2025/11/27 16:10:26.384492         [17:T2] 
[S1] 2025/11/27 16:10:26.384500         [18:T2] 
[S1] 2025/11/27 16:10:26.384508         [19:T2] 
[S1] 2025/11/27 16:10:26.384515         [20:T2] 
[S1] 2025/11/27 16:10:26.384523         [21:T2] 
[S1] 2025/11/27 16:10:26.384530         [22:T2] 
[S1] 2025/11/27 16:10:26.384537         [23:T2] 
[S1] 2025/11/27 16:10:26.384545         [24:T2] 
[S1] 2025/11/27 16:10:26.384552         [25:T2] 
[S1] 2025/11/27 16:10:26.384560         [26:T2] 
[S1] 2025/11/27 16:10:26.384569         [27:T2] 
[S1] 2025/11/27 16:10:26.384584         [28:T2] 
[S1] 2025/11/27 16:10:26.384592         [29:T2] 
[S1] 2025/11/27 16:10:26.384600         [30:T2] 
[S1] 2025/11/27 16:10:26.384608         [31:T4] 
[S1] 2025/11/27 16:10:26.384615         [32:T4] 
[S1] 2025/11/27 16:10:26.384624         [33:T4] 
[S1] 2025/11/27 16:10:26.384631         [34:T4] 
[S1] 2025/11/27 16:10:26.384640         [35:T4] 
[S1] 2025/11/27 16:10:26.384647         [36:T4] 
[S1] 2025/11/27 16:10:26.384655         [37:T4] 
[S1] 2025/11/27 16:10:26.384662         [38:T4] 
[S1] 2025/11/27 16:10:26.384671         [39:T4] 
[S1] 2025/11/27 16:10:26.384678         [40:T4] 
[S1] 2025/11/27 16:10:26.384686         [41:T4] 
[S1] 2025/11/27 16:10:26.384693         [42:T4] 
[S1] 2025/11/27 16:10:26.384702         [43:T4] 
[S1] 2025/11/27 16:10:26.384709         [44:T4] 
[S1] 2025/11/27 16:10:26.384717         [45:T10] 
[S1] 2025/11/27 16:10:26.384725 
[S1] 2025/11/27 16:10:26.384733      📌 nextIndex:  [46 45 46]
[S1] 2025/11/27 16:10:26.384745      📎 matchIndex: [45 45 45]
[S1] 2025/11/27 16:10:26.384756 ---------------------------------------------------
[S1] 2025/11/27 16:10:26.386245 
[At the start of handleAppendEntriesReply] 🗂 S1 | Term=10 | Role=Leader | CommitIndex=45 | LastApplied=45
[S1] 2025/11/27 16:10:26.386266      📜 Log: 
[S1] 2025/11/27 16:10:26.386276         [0:T0] 
[S1] 2025/11/27 16:10:26.386288         [1:T1] 
[S1] 2025/11/27 16:10:26.386299         [2:T1] 
[S1] 2025/11/27 16:10:26.386309         [3:T1] 
[S1] 2025/11/27 16:10:26.386319         [4:T1] 
[S1] 2025/11/27 16:10:26.386330         [5:T1] 
[S1] 2025/11/27 16:10:26.386339         [6:T1] 
[S1] 2025/11/27 16:10:26.386348         [7:T1] 
[S1] 2025/11/27 16:10:26.386359         [8:T1] 
[S1] 2025/11/27 16:10:26.386369         [9:T1] 
[S1] 2025/11/27 16:10:26.386379         [10:T1] 
[S1] 2025/11/27 16:10:26.386390         [11:T1] 
[S1] 2025/11/27 16:10:26.386398         [12:T1] 
[S1] 2025/11/27 16:10:26.386407         [13:T2] 
[S1] 2025/11/27 16:10:26.386415         [14:T2] 
[S1] 2025/11/27 16:10:26.386422         [15:T2] 
[S1] 2025/11/27 16:10:26.386429         [16:T2] 
[S1] 2025/11/27 16:10:26.386434         [17:T2] 
[S1] 2025/11/27 16:10:26.386441         [18:T2] 
[S1] 2025/11/27 16:10:26.386446         [19:T2] 
[S1] 2025/11/27 16:10:26.386452         [20:T2] 
[S1] 2025/11/27 16:10:26.386458         [21:T2] 
[S1] 2025/11/27 16:10:26.386465         [22:T2] 
[S1] 2025/11/27 16:10:26.386470         [23:T2] 
[S1] 2025/11/27 16:10:26.386476         [24:T2] 
[S1] 2025/11/27 16:10:26.386482         [25:T2] 
[S1] 2025/11/27 16:10:26.386488         [26:T2] 
[S1] 2025/11/27 16:10:26.386494         [27:T2] 
[S1] 2025/11/27 16:10:26.386500         [28:T2] 
[S1] 2025/11/27 16:10:26.386506         [29:T2] 
[S1] 2025/11/27 16:10:26.386511         [30:T2] 
[S1] 2025/11/27 16:10:26.386517         [31:T4] 
[S1] 2025/11/27 16:10:26.386523         [32:T4] 
[S1] 2025/11/27 16:10:26.386530         [33:T4] 
[S1] 2025/11/27 16:10:26.386535         [34:T4] 
[S1] 2025/11/27 16:10:26.386541         [35:T4] 
[S1] 2025/11/27 16:10:26.386547         [36:T4] 
[S1] 2025/11/27 16:10:26.386552         [37:T4] 
[S1] 2025/11/27 16:10:26.386558         [38:T4] 
[S1] 2025/11/27 16:10:26.386564         [39:T4] 
[S1] 2025/11/27 16:10:26.386569         [40:T4] 
[S1] 2025/11/27 16:10:26.386576         [41:T4] 
[S1] 2025/11/27 16:10:26.386581         [42:T4] 
[S1] 2025/11/27 16:10:26.386587         [43:T4] 
[S1] 2025/11/27 16:10:26.386593         [44:T4] 
[S1] 2025/11/27 16:10:26.386599         [45:T10] 
[S1] 2025/11/27 16:10:26.386606 
[S1] 2025/11/27 16:10:26.386611      📌 nextIndex:  [46 45 46]
[S1] 2025/11/27 16:10:26.386622      📎 matchIndex: [45 45 45]
[S1] 2025/11/27 16:10:26.386632 ---------------------------------------------------
[S1] 2025/11/27 16:10:26.386639 
[At the end of handleAppendEntriesReply] 🗂 S1 | Term=10 | Role=Leader | CommitIndex=45 | LastApplied=45
[S1] 2025/11/27 16:10:26.386650      📜 Log: 
[S1] 2025/11/27 16:10:26.386656         [0:T0] 
[S1] 2025/11/27 16:10:26.386662         [1:T1] 
[S1] 2025/11/27 16:10:26.386672         [2:T1] 
[S1] 2025/11/27 16:10:26.386677         [3:T1] 
[S1] 2025/11/27 16:10:26.386683         [4:T1] 
[S1] 2025/11/27 16:10:26.386689         [5:T1] 
[S1] 2025/11/27 16:10:26.386695         [6:T1] 
[S1] 2025/11/27 16:10:26.386701         [7:T1] 
[S1] 2025/11/27 16:10:26.386707         [8:T1] 
[S1] 2025/11/27 16:10:26.386713         [9:T1] 
[S1] 2025/11/27 16:10:26.386719         [10:T1] 
[S1] 2025/11/27 16:10:26.386725         [11:T1] 
[S1] 2025/11/27 16:10:26.386732         [12:T1] 
[S1] 2025/11/27 16:10:26.386738         [13:T2] 
[S1] 2025/11/27 16:10:26.386744         [14:T2] 
[S1] 2025/11/27 16:10:26.386750         [15:T2] 
[S1] 2025/11/27 16:10:26.386755         [16:T2] 
[S1] 2025/11/27 16:10:26.386761         [17:T2] 
[S1] 2025/11/27 16:10:26.386767         [18:T2] 
[S1] 2025/11/27 16:10:26.386773         [19:T2] 
[S1] 2025/11/27 16:10:26.386778         [20:T2] 
[S1] 2025/11/27 16:10:26.386784         [21:T2] 
[S1] 2025/11/27 16:10:26.386790         [22:T2] 
[S1] 2025/11/27 16:10:26.386796         [23:T2] 
[S1] 2025/11/27 16:10:26.386802         [24:T2] 
[S1] 2025/11/27 16:10:26.386809         [25:T2] 
[S1] 2025/11/27 16:10:26.386815         [26:T2] 
[S1] 2025/11/27 16:10:26.386819         [27:T2] 
[S1] 2025/11/27 16:10:26.386825         [28:T2] 
[S1] 2025/11/27 16:10:26.386831         [29:T2] 
[S1] 2025/11/27 16:10:26.386835         [30:T2] 
[S1] 2025/11/27 16:10:26.386841         [31:T4] 
[S1] 2025/11/27 16:10:26.386846         [32:T4] 
[S1] 2025/11/27 16:10:26.386852         [33:T4] 
[S1] 2025/11/27 16:10:26.386857         [34:T4] 
[S1] 2025/11/27 16:10:26.386862         [35:T4] 
[S1] 2025/11/27 16:10:26.386868         [36:T4] 
[S1] 2025/11/27 16:10:26.386873         [37:T4] 
[S1] 2025/11/27 16:10:26.386878         [38:T4] 
[S1] 2025/11/27 16:10:26.386884         [39:T4] 
[S1] 2025/11/27 16:10:26.386889         [40:T4] 
[S1] 2025/11/27 16:10:26.386894         [41:T4] 
[S1] 2025/11/27 16:10:26.386899         [42:T4] 
[S1] 2025/11/27 16:10:26.386904         [43:T4] 
[S1] 2025/11/27 16:10:26.386909         [44:T4] 
[S1] 2025/11/27 16:10:26.386914         [45:T10] 
[S1] 2025/11/27 16:10:26.386920 
[S1] 2025/11/27 16:10:26.386925      📌 nextIndex:  [46 45 46]
[S1] 2025/11/27 16:10:26.386933      📎 matchIndex: [45 45 45]
[S1] 2025/11/27 16:10:26.386941 ---------------------------------------------------
[S1] 2025/11/27 16:10:26.386950 
[At the start of handleAppendEntriesReply] 🗂 S1 | Term=10 | Role=Leader | CommitIndex=45 | LastApplied=45
[S1] 2025/11/27 16:10:26.386964      📜 Log: 
[S1] 2025/11/27 16:10:26.386971         [0:T0] 
[S1] 2025/11/27 16:10:26.386977         [1:T1] 
[S1] 2025/11/27 16:10:26.386983         [2:T1] 
[S1] 2025/11/27 16:10:26.386989         [3:T1] 
[S1] 2025/11/27 16:10:26.386995         [4:T1] 
[S1] 2025/11/27 16:10:26.387000         [5:T1] 
[S1] 2025/11/27 16:10:26.387006         [6:T1] 
[S1] 2025/11/27 16:10:26.387011         [7:T1] 
[S1] 2025/11/27 16:10:26.387017         [8:T1] 
[S1] 2025/11/27 16:10:26.387022         [9:T1] 
[S1] 2025/11/27 16:10:26.387028         [10:T1] 
[S1] 2025/11/27 16:10:26.387034         [11:T1] 
[S1] 2025/11/27 16:10:26.387040         [12:T1] 
[S1] 2025/11/27 16:10:26.387045         [13:T2] 
[S1] 2025/11/27 16:10:26.387051         [14:T2] 
[S1] 2025/11/27 16:10:26.387057         [15:T2] 
[S1] 2025/11/27 16:10:26.387062         [16:T2] 
[S1] 2025/11/27 16:10:26.387071         [17:T2] 
[S1] 2025/11/27 16:10:26.387080         [18:T2] 
[S1] 2025/11/27 16:10:26.387087         [19:T2] 
[S1] 2025/11/27 16:10:26.387092         [20:T2] 
[S1] 2025/11/27 16:10:26.387098         [21:T2] 
[S1] 2025/11/27 16:10:26.387103         [22:T2] 
[S1] 2025/11/27 16:10:26.387109         [23:T2] 
[S1] 2025/11/27 16:10:26.387114         [24:T2] 
[S1] 2025/11/27 16:10:26.387120         [25:T2] 
[S1] 2025/11/27 16:10:26.387125         [26:T2] 
[S1] 2025/11/27 16:10:26.387130         [27:T2] 
[S1] 2025/11/27 16:10:26.387135         [28:T2] 
[S1] 2025/11/27 16:10:26.387140         [29:T2] 
[S1] 2025/11/27 16:10:26.387146         [30:T2] 
[S1] 2025/11/27 16:10:26.387153         [31:T4] 
[S1] 2025/11/27 16:10:26.387158         [32:T4] 
[S1] 2025/11/27 16:10:26.387164         [33:T4] 
[S1] 2025/11/27 16:10:26.387169         [34:T4] 
[S1] 2025/11/27 16:10:26.387177         [35:T4] 
[S1] 2025/11/27 16:10:26.387182         [36:T4] 
[S1] 2025/11/27 16:10:26.387187         [37:T4] 
[S1] 2025/11/27 16:10:26.387192         [38:T4] 
[S1] 2025/11/27 16:10:26.387197         [39:T4] 
[S1] 2025/11/27 16:10:26.387203         [40:T4] 
[S1] 2025/11/27 16:10:26.387208         [41:T4] 
[S1] 2025/11/27 16:10:26.387214         [42:T4] 
[S1] 2025/11/27 16:10:26.387219         [43:T4] 
[S1] 2025/11/27 16:10:26.387224         [44:T4] 
[S1] 2025/11/27 16:10:26.387229         [45:T10] 
[S1] 2025/11/27 16:10:26.387234 
[S1] 2025/11/27 16:10:26.387239      📌 nextIndex:  [46 45 46]
[S1] 2025/11/27 16:10:26.387248      📎 matchIndex: [45 45 45]
[S1] 2025/11/27 16:10:26.387256 ---------------------------------------------------
[S1] 2025/11/27 16:10:26.387262 
[At the end of handleAppendEntriesReply] 🗂 S1 | Term=10 | Role=Leader | CommitIndex=45 | LastApplied=45
[S1] 2025/11/27 16:10:26.387270      📜 Log: 
[S1] 2025/11/27 16:10:26.387275         [0:T0] 
[S1] 2025/11/27 16:10:26.387280         [1:T1] 
[S1] 2025/11/27 16:10:26.387286         [2:T1] 
[S1] 2025/11/27 16:10:26.387291         [3:T1] 
[S1] 2025/11/27 16:10:26.387296         [4:T1] 
[S1] 2025/11/27 16:10:26.387302         [5:T1] 
[S1] 2025/11/27 16:10:26.387307         [6:T1] 
[S1] 2025/11/27 16:10:26.387312         [7:T1] 
[S1] 2025/11/27 16:10:26.387317         [8:T1] 
[S1] 2025/11/27 16:10:26.387322         [9:T1] 
[S1] 2025/11/27 16:10:26.387327         [10:T1] 
[S1] 2025/11/27 16:10:26.387333         [11:T1] 
[S1] 2025/11/27 16:10:26.387338         [12:T1] 
[S1] 2025/11/27 16:10:26.387343         [13:T2] 
[S1] 2025/11/27 16:10:26.387348         [14:T2] 
[S1] 2025/11/27 16:10:26.387353         [15:T2] 
[S1] 2025/11/27 16:10:26.387358         [16:T2] 
[S1] 2025/11/27 16:10:26.387363         [17:T2] 
[S1] 2025/11/27 16:10:26.387368         [18:T2] 
[S1] 2025/11/27 16:10:26.387373         [19:T2] 
[S1] 2025/11/27 16:10:26.387378         [20:T2] 
[S1] 2025/11/27 16:10:26.387384         [21:T2] 
[S1] 2025/11/27 16:10:26.387389         [22:T2] 
[S1] 2025/11/27 16:10:26.387394         [23:T2] 
[S1] 2025/11/27 16:10:26.387399         [24:T2] 
[S1] 2025/11/27 16:10:26.387404         [25:T2] 
[S1] 2025/11/27 16:10:26.387409         [26:T2] 
[S1] 2025/11/27 16:10:26.387414         [27:T2] 
[S1] 2025/11/27 16:10:26.387419         [28:T2] 
[S1] 2025/11/27 16:10:26.387425         [29:T2] 
[S1] 2025/11/27 16:10:26.387430         [30:T2] 
[S1] 2025/11/27 16:10:26.387435         [31:T4] 
[S1] 2025/11/27 16:10:26.387440         [32:T4] 
[S1] 2025/11/27 16:10:26.387445         [33:T4] 
[S1] 2025/11/27 16:10:26.387450         [34:T4] 
[S1] 2025/11/27 16:10:26.387455         [35:T4] 
[S1] 2025/11/27 16:10:26.387460         [36:T4] 
[S1] 2025/11/27 16:10:26.387465         [37:T4] 
[S1] 2025/11/27 16:10:26.387470         [38:T4] 
[S1] 2025/11/27 16:10:26.387475         [39:T4] 
[S1] 2025/11/27 16:10:26.387481         [40:T4] 
[S1] 2025/11/27 16:10:26.387486         [41:T4] 
[S1] 2025/11/27 16:10:26.387492         [42:T4] 
[S1] 2025/11/27 16:10:26.387497         [43:T4] 
[S1] 2025/11/27 16:10:26.387502         [44:T4] 
[S1] 2025/11/27 16:10:26.387507         [45:T10] 
[S1] 2025/11/27 16:10:26.387512 
[S1] 2025/11/27 16:10:26.387518      📌 nextIndex:  [46 45 46]
[S1] 2025/11/27 16:10:26.387526      📎 matchIndex: [45 45 45]
[S1] 2025/11/27 16:10:26.387533 ---------------------------------------------------
[S1] 2025/11/27 16:10:26.494268 
[At the start of broadcast] 🗂 S1 | Term=10 | Role=Leader | CommitIndex=45 | LastApplied=45
[S1] 2025/11/27 16:10:26.494467      📜 Log: 
[S1] 2025/11/27 16:10:26.494527         [0:T0] 
[S1] 2025/11/27 16:10:26.494577         [1:T1] 
[S1] 2025/11/27 16:10:26.494622         [2:T1] 
[S1] 2025/11/27 16:10:26.494660         [3:T1] 
[S1] 2025/11/27 16:10:26.494695         [4:T1] 
[S1] 2025/11/27 16:10:26.494768         [5:T1] 
[S1] 2025/11/27 16:10:26.494802         [6:T1] 
[S1] 2025/11/27 16:10:26.494837         [7:T1] 
[S1] 2025/11/27 16:10:26.494873         [8:T1] 
[S1] 2025/11/27 16:10:26.494910         [9:T1] 
[S1] 2025/11/27 16:10:26.494944         [10:T1] 
[S1] 2025/11/27 16:10:26.494978         [11:T1] 
[S1] 2025/11/27 16:10:26.495015         [12:T1] 
[S1] 2025/11/27 16:10:26.495051         [13:T2] 
[S1] 2025/11/27 16:10:26.495113         [14:T2] 
[S1] 2025/11/27 16:10:26.495145         [15:T2] 
[S1] 2025/11/27 16:10:26.495186         [16:T2] 
[S1] 2025/11/27 16:10:26.495219         [17:T2] 
[S1] 2025/11/27 16:10:26.495252         [18:T2] 
[S1] 2025/11/27 16:10:26.495290         [19:T2] 
[S1] 2025/11/27 16:10:26.495328         [20:T2] 
[S1] 2025/11/27 16:10:26.495361         [21:T2] 
[S1] 2025/11/27 16:10:26.495395         [22:T2] 
[S1] 2025/11/27 16:10:26.495429         [23:T2] 
[S1] 2025/11/27 16:10:26.495464         [24:T2] 
[S1] 2025/11/27 16:10:26.495500         [25:T2] 
[S1] 2025/11/27 16:10:26.495534         [26:T2] 
[S1] 2025/11/27 16:10:26.495566         [27:T2] 
[S1] 2025/11/27 16:10:26.495600         [28:T2] 
[S1] 2025/11/27 16:10:26.495632         [29:T2] 
[S1] 2025/11/27 16:10:26.495666         [30:T2] 
[S1] 2025/11/27 16:10:26.495698         [31:T4] 
[S1] 2025/11/27 16:10:26.495733         [32:T4] 
[S1] 2025/11/27 16:10:26.495764         [33:T4] 
[S1] 2025/11/27 16:10:26.495797         [34:T4] 
[S1] 2025/11/27 16:10:26.495824         [35:T4] 
[S1] 2025/11/27 16:10:26.495851         [36:T4] 
[S1] 2025/11/27 16:10:26.495877         [37:T4] 
[S1] 2025/11/27 16:10:26.495904         [38:T4] 
[S1] 2025/11/27 16:10:26.495929         [39:T4] 
[S1] 2025/11/27 16:10:26.495954         [40:T4] 
[S1] 2025/11/27 16:10:26.495986         [41:T4] 
[S1] 2025/11/27 16:10:26.496014         [42:T4] 
[S1] 2025/11/27 16:10:26.496040         [43:T4] 
[S1] 2025/11/27 16:10:26.496077         [44:T4] 
[S1] 2025/11/27 16:10:26.496111         [45:T10] 
[S1] 2025/11/27 16:10:26.496138 
[S1] 2025/11/27 16:10:26.496166      📌 nextIndex:  [46 45 46]
[S1] 2025/11/27 16:10:26.496223      📎 matchIndex: [45 45 45]
[S1] 2025/11/27 16:10:26.496263 ---------------------------------------------------
[S1] 2025/11/27 16:10:26.496338 
[At the end of broadcast] 🗂 S1 | Term=10 | Role=Leader | CommitIndex=45 | LastApplied=45
[S1] 2025/11/27 16:10:26.496384      📜 Log: 
[S1] 2025/11/27 16:10:26.496409         [0:T0] 
[S1] 2025/11/27 16:10:26.496441         [1:T1] 
[S1] 2025/11/27 16:10:26.496473         [2:T1] 
[S1] 2025/11/27 16:10:26.496501         [3:T1] 
[S1] 2025/11/27 16:10:26.496531         [4:T1] 
[S1] 2025/11/27 16:10:26.496559         [5:T1] 
[S1] 2025/11/27 16:10:26.496588         [6:T1] 
[S1] 2025/11/27 16:10:26.496615         [7:T1] 
[S1] 2025/11/27 16:10:26.496644         [8:T1] 
[S1] 2025/11/27 16:10:26.496673         [9:T1] 
[S1] 2025/11/27 16:10:26.496704         [10:T1] 
[S1] 2025/11/27 16:10:26.496729         [11:T1] 
[S1] 2025/11/27 16:10:26.496757         [12:T1] 
[S1] 2025/11/27 16:10:26.496780         [13:T2] 
[S1] 2025/11/27 16:10:26.496804         [14:T2] 
[S1] 2025/11/27 16:10:26.496831         [15:T2] 
[S1] 2025/11/27 16:10:26.496856         [16:T2] 
[S1] 2025/11/27 16:10:26.496881         [17:T2] 
[S1] 2025/11/27 16:10:26.496911         [18:T2] 
[S1] 2025/11/27 16:10:26.496943         [19:T2] 
[S1] 2025/11/27 16:10:26.496978         [20:T2] 
[S1] 2025/11/27 16:10:26.497012         [21:T2] 
[S1] 2025/11/27 16:10:26.497054         [22:T2] 
[S1] 2025/11/27 16:10:26.497109         [23:T2] 
[S1] 2025/11/27 16:10:26.497146         [24:T2] 
[S1] 2025/11/27 16:10:26.497184         [25:T2] 
[S1] 2025/11/27 16:10:26.497223         [26:T2] 
[S1] 2025/11/27 16:10:26.497266         [27:T2] 
[S1] 2025/11/27 16:10:26.497303         [28:T2] 
[S1] 2025/11/27 16:10:26.497340         [29:T2] 
[S1] 2025/11/27 16:10:26.497379         [30:T2] 
[S1] 2025/11/27 16:10:26.497416         [31:T4] 
[S1] 2025/11/27 16:10:26.497461         [32:T4] 
[S1] 2025/11/27 16:10:26.497497         [33:T4] 
[S1] 2025/11/27 16:10:26.497536         [34:T4] 
[S1] 2025/11/27 16:10:26.497589         [35:T4] 
[S1] 2025/11/27 16:10:26.497635         [36:T4] 
[S1] 2025/11/27 16:10:26.497668         [37:T4] 
[S1] 2025/11/27 16:10:26.497707         [38:T4] 
[S1] 2025/11/27 16:10:26.497742         [39:T4] 
[S1] 2025/11/27 16:10:26.497776         [40:T4] 
[S1] 2025/11/27 16:10:26.497810         [41:T4] 
[S1] 2025/11/27 16:10:26.497848         [42:T4] 
[S1] 2025/11/27 16:10:26.497887         [43:T4] 
[S1] 2025/11/27 16:10:26.497921         [44:T4] 
[S1] 2025/11/27 16:10:26.497955         [45:T10] 
[S1] 2025/11/27 16:10:26.497992 
[S1] 2025/11/27 16:10:26.498023      📌 nextIndex:  [46 45 46]
[S1] 2025/11/27 16:10:26.498092      📎 matchIndex: [45 45 45]
[S1] 2025/11/27 16:10:26.498144 ---------------------------------------------------
[S1] 2025/11/27 16:10:26.500520 
[At the start of handleAppendEntriesReply] 🗂 S1 | Term=10 | Role=Leader | CommitIndex=45 | LastApplied=45
[S1] 2025/11/27 16:10:26.500563      📜 Log: 
[S1] 2025/11/27 16:10:26.500584         [0:T0] 
[S1] 2025/11/27 16:10:26.500607         [1:T1] 
[S1] 2025/11/27 16:10:26.500626         [2:T1] 
[S1] 2025/11/27 16:10:26.500645         [3:T1] 
[S1] 2025/11/27 16:10:26.500663         [4:T1] 
[S1] 2025/11/27 16:10:26.500681         [5:T1] 
[S1] 2025/11/27 16:10:26.500696         [6:T1] 
[S1] 2025/11/27 16:10:26.500700         [7:T1] 
[S1] 2025/11/27 16:10:26.500705         [8:T1] 
[S1] 2025/11/27 16:10:26.500709         [9:T1] 
[S1] 2025/11/27 16:10:26.500714         [10:T1] 
[S1] 2025/11/27 16:10:26.500719         [11:T1] 
[S1] 2025/11/27 16:10:26.500723         [12:T1] 
[S1] 2025/11/27 16:10:26.500727         [13:T2] 
[S1] 2025/11/27 16:10:26.500732         [14:T2] 
[S1] 2025/11/27 16:10:26.500736         [15:T2] 
[S1] 2025/11/27 16:10:26.500740         [16:T2] 
[S1] 2025/11/27 16:10:26.500745         [17:T2] 
[S1] 2025/11/27 16:10:26.500749         [18:T2] 
[S1] 2025/11/27 16:10:26.500754         [19:T2] 
[S1] 2025/11/27 16:10:26.500758         [20:T2] 
[S1] 2025/11/27 16:10:26.500762         [21:T2] 
[S1] 2025/11/27 16:10:26.500766         [22:T2] 
[S1] 2025/11/27 16:10:26.500770         [23:T2] 
[S1] 2025/11/27 16:10:26.500774         [24:T2] 
[S1] 2025/11/27 16:10:26.500778         [25:T2] 
[S1] 2025/11/27 16:10:26.500782         [26:T2] 
[S1] 2025/11/27 16:10:26.500786         [27:T2] 
[S1] 2025/11/27 16:10:26.500790         [28:T2] 
[S1] 2025/11/27 16:10:26.500794         [29:T2] 
[S1] 2025/11/27 16:10:26.500798         [30:T2] 
[S1] 2025/11/27 16:10:26.500802         [31:T4] 
[S1] 2025/11/27 16:10:26.500806         [32:T4] 
[S1] 2025/11/27 16:10:26.500810         [33:T4] 
[S1] 2025/11/27 16:10:26.500814         [34:T4] 
[S1] 2025/11/27 16:10:26.500818         [35:T4] 
[S1] 2025/11/27 16:10:26.500822         [36:T4] 
[S1] 2025/11/27 16:10:26.500826         [37:T4] 
[S1] 2025/11/27 16:10:26.500830         [38:T4] 
[S1] 2025/11/27 16:10:26.500834         [39:T4] 
[S1] 2025/11/27 16:10:26.500838         [40:T4] 
[S1] 2025/11/27 16:10:26.500841         [41:T4] 
[S1] 2025/11/27 16:10:26.500845         [42:T4] 
[S1] 2025/11/27 16:10:26.500849         [43:T4] 
[S1] 2025/11/27 16:10:26.500853         [44:T4] 
[S1] 2025/11/27 16:10:26.500858         [45:T10] 
[S1] 2025/11/27 16:10:26.500862 
[S1] 2025/11/27 16:10:26.500866      📌 nextIndex:  [46 45 46]
[S1] 2025/11/27 16:10:26.500873      📎 matchIndex: [45 45 45]
[S1] 2025/11/27 16:10:26.500879 ---------------------------------------------------
[S1] 2025/11/27 16:10:26.500884 
[At the end of handleAppendEntriesReply] 🗂 S1 | Term=10 | Role=Leader | CommitIndex=45 | LastApplied=45
[S1] 2025/11/27 16:10:26.500890      📜 Log: 
[S1] 2025/11/27 16:10:26.500894         [0:T0] 
[S1] 2025/11/27 16:10:26.500898         [1:T1] 
[S1] 2025/11/27 16:10:26.500902         [2:T1] 
[S1] 2025/11/27 16:10:26.500906         [3:T1] 
[S1] 2025/11/27 16:10:26.500910         [4:T1] 
[S1] 2025/11/27 16:10:26.500915         [5:T1] 
[S1] 2025/11/27 16:10:26.500919         [6:T1] 
[S1] 2025/11/27 16:10:26.500923         [7:T1] 
[S1] 2025/11/27 16:10:26.500927         [8:T1] 
[S1] 2025/11/27 16:10:26.500933         [9:T1] 
[S1] 2025/11/27 16:10:26.500937         [10:T1] 
[S1] 2025/11/27 16:10:26.500942         [11:T1] 
[S1] 2025/11/27 16:10:26.500946         [12:T1] 
[S1] 2025/11/27 16:10:26.500950         [13:T2] 
[S1] 2025/11/27 16:10:26.500954         [14:T2] 
[S1] 2025/11/27 16:10:26.500958         [15:T2] 
[S1] 2025/11/27 16:10:26.500962         [16:T2] 
[S1] 2025/11/27 16:10:26.500966         [17:T2] 
[S1] 2025/11/27 16:10:26.500970         [18:T2] 
[S1] 2025/11/27 16:10:26.500974         [19:T2] 
[S1] 2025/11/27 16:10:26.500978         [20:T2] 
[S1] 2025/11/27 16:10:26.500982         [21:T2] 
[S1] 2025/11/27 16:10:26.500986         [22:T2] 
[S1] 2025/11/27 16:10:26.500990         [23:T2] 
[S1] 2025/11/27 16:10:26.500994         [24:T2] 
[S1] 2025/11/27 16:10:26.500998         [25:T2] 
[S1] 2025/11/27 16:10:26.501003         [26:T2] 
[S1] 2025/11/27 16:10:26.501007         [27:T2] 
[S1] 2025/11/27 16:10:26.501011         [28:T2] 
[S1] 2025/11/27 16:10:26.501015         [29:T2] 
[S1] 2025/11/27 16:10:26.501019         [30:T2] 
[S1] 2025/11/27 16:10:26.501023         [31:T4] 
[S1] 2025/11/27 16:10:26.501027         [32:T4] 
[S1] 2025/11/27 16:10:26.501031         [33:T4] 
[S1] 2025/11/27 16:10:26.501035         [34:T4] 
[S1] 2025/11/27 16:10:26.501039         [35:T4] 
[S1] 2025/11/27 16:10:26.501043         [36:T4] 
[S1] 2025/11/27 16:10:26.501047         [37:T4] 
[S1] 2025/11/27 16:10:26.501050         [38:T4] 
[S1] 2025/11/27 16:10:26.501054         [39:T4] 
[S1] 2025/11/27 16:10:26.501058         [40:T4] 
[S1] 2025/11/27 16:10:26.501062         [41:T4] 
[S1] 2025/11/27 16:10:26.501066         [42:T4] 
[S1] 2025/11/27 16:10:26.501073         [43:T4] 
[S1] 2025/11/27 16:10:26.501077         [44:T4] 
[S1] 2025/11/27 16:10:26.501080         [45:T10] 
[S1] 2025/11/27 16:10:26.501085 
[S1] 2025/11/27 16:10:26.501088      📌 nextIndex:  [46 45 46]
[S1] 2025/11/27 16:10:26.501095      📎 matchIndex: [45 45 45]
[S1] 2025/11/27 16:10:26.501101 ---------------------------------------------------
[S1] 2025/11/27 16:10:26.501108 
[At the start of handleAppendEntriesReply] 🗂 S1 | Term=10 | Role=Leader | CommitIndex=45 | LastApplied=45
[S1] 2025/11/27 16:10:26.501118      📜 Log: 
[S1] 2025/11/27 16:10:26.501123         [0:T0] 
[S1] 2025/11/27 16:10:26.501129         [1:T1] 
[S1] 2025/11/27 16:10:26.501134         [2:T1] 
[S1] 2025/11/27 16:10:26.501138         [3:T1] 
[S1] 2025/11/27 16:10:26.501143         [4:T1] 
[S1] 2025/11/27 16:10:26.501148         [5:T1] 
[S1] 2025/11/27 16:10:26.501152         [6:T1] 
[S1] 2025/11/27 16:10:26.501156         [7:T1] 
[S1] 2025/11/27 16:10:26.501160         [8:T1] 
[S1] 2025/11/27 16:10:26.501164         [9:T1] 
[S1] 2025/11/27 16:10:26.501169         [10:T1] 
[S1] 2025/11/27 16:10:26.501173         [11:T1] 
[S1] 2025/11/27 16:10:26.501178         [12:T1] 
[S1] 2025/11/27 16:10:26.501182         [13:T2] 
[S1] 2025/11/27 16:10:26.501187         [14:T2] 
[S1] 2025/11/27 16:10:26.501192         [15:T2] 
[S1] 2025/11/27 16:10:26.501196         [16:T2] 
[S1] 2025/11/27 16:10:26.501200         [17:T2] 
[S1] 2025/11/27 16:10:26.501204         [18:T2] 
[S1] 2025/11/27 16:10:26.501209         [19:T2] 
[S1] 2025/11/27 16:10:26.501213         [20:T2] 
[S1] 2025/11/27 16:10:26.501217         [21:T2] 
[S1] 2025/11/27 16:10:26.501222         [22:T2] 
[S1] 2025/11/27 16:10:26.501226         [23:T2] 
[S1] 2025/11/27 16:10:26.501230         [24:T2] 
[S1] 2025/11/27 16:10:26.501234         [25:T2] 
[S1] 2025/11/27 16:10:26.501238         [26:T2] 
[S1] 2025/11/27 16:10:26.501243         [27:T2] 
[S1] 2025/11/27 16:10:26.501247         [28:T2] 
[S1] 2025/11/27 16:10:26.501252         [29:T2] 
[S1] 2025/11/27 16:10:26.501255         [30:T2] 
[S1] 2025/11/27 16:10:26.501260         [31:T4] 
[S1] 2025/11/27 16:10:26.501264         [32:T4] 
[S1] 2025/11/27 16:10:26.501267         [33:T4] 
[S1] 2025/11/27 16:10:26.501271         [34:T4] 
[S1] 2025/11/27 16:10:26.501275         [35:T4] 
[S1] 2025/11/27 16:10:26.501279         [36:T4] 
[S1] 2025/11/27 16:10:26.501283         [37:T4] 
[S1] 2025/11/27 16:10:26.501288         [38:T4] 
[S1] 2025/11/27 16:10:26.501292         [39:T4] 
[S1] 2025/11/27 16:10:26.501296         [40:T4] 
[S1] 2025/11/27 16:10:26.501300         [41:T4] 
[S1] 2025/11/27 16:10:26.501304         [42:T4] 
[S1] 2025/11/27 16:10:26.501307         [43:T4] 
[S1] 2025/11/27 16:10:26.501311         [44:T4] 
[S1] 2025/11/27 16:10:26.501315         [45:T10] 
[S1] 2025/11/27 16:10:26.501319 
[S1] 2025/11/27 16:10:26.501323      📌 nextIndex:  [46 45 46]
[S1] 2025/11/27 16:10:26.501329      📎 matchIndex: [45 45 45]
[S1] 2025/11/27 16:10:26.501335 ---------------------------------------------------
[S1] 2025/11/27 16:10:26.501340 
[At the end of handleAppendEntriesReply] 🗂 S1 | Term=10 | Role=Leader | CommitIndex=45 | LastApplied=45
[S1] 2025/11/27 16:10:26.501345      📜 Log: 
[S1] 2025/11/27 16:10:26.501349         [0:T0] 
[S1] 2025/11/27 16:10:26.501353         [1:T1] 
[S1] 2025/11/27 16:10:26.501358         [2:T1] 
[S1] 2025/11/27 16:10:26.501362         [3:T1] 
[S1] 2025/11/27 16:10:26.501366         [4:T1] 
[S1] 2025/11/27 16:10:26.501370         [5:T1] 
[S1] 2025/11/27 16:10:26.501374         [6:T1] 
[S1] 2025/11/27 16:10:26.501378         [7:T1] 
[S1] 2025/11/27 16:10:26.501383         [8:T1] 
[S1] 2025/11/27 16:10:26.501387         [9:T1] 
[S1] 2025/11/27 16:10:26.501391         [10:T1] 
[S1] 2025/11/27 16:10:26.501395         [11:T1] 
[S1] 2025/11/27 16:10:26.501399         [12:T1] 
[S1] 2025/11/27 16:10:26.501403         [13:T2] 
[S1] 2025/11/27 16:10:26.501407         [14:T2] 
[S1] 2025/11/27 16:10:26.501411         [15:T2] 
[S1] 2025/11/27 16:10:26.501415         [16:T2] 
[S1] 2025/11/27 16:10:26.501419         [17:T2] 
[S1] 2025/11/27 16:10:26.501423         [18:T2] 
[S1] 2025/11/27 16:10:26.501427         [19:T2] 
[S1] 2025/11/27 16:10:26.501430         [20:T2] 
[S1] 2025/11/27 16:10:26.501435         [21:T2] 
[S1] 2025/11/27 16:10:26.501438         [22:T2] 
[S1] 2025/11/27 16:10:26.501443         [23:T2] 
[S1] 2025/11/27 16:10:26.501446         [24:T2] 
[S1] 2025/11/27 16:10:26.501450         [25:T2] 
[S1] 2025/11/27 16:10:26.501455         [26:T2] 
[S1] 2025/11/27 16:10:26.501458         [27:T2] 
[S1] 2025/11/27 16:10:26.501462         [28:T2] 
[S1] 2025/11/27 16:10:26.501466         [29:T2] 
[S1] 2025/11/27 16:10:26.501470         [30:T2] 
[S1] 2025/11/27 16:10:26.501474         [31:T4] 
[S1] 2025/11/27 16:10:26.501478         [32:T4] 
[S1] 2025/11/27 16:10:26.501482         [33:T4] 
[S1] 2025/11/27 16:10:26.501486         [34:T4] 
[S1] 2025/11/27 16:10:26.501490         [35:T4] 
[S1] 2025/11/27 16:10:26.501493         [36:T4] 
[S1] 2025/11/27 16:10:26.501498         [37:T4] 
[S1] 2025/11/27 16:10:26.501502         [38:T4] 
[S1] 2025/11/27 16:10:26.501506         [39:T4] 
[S1] 2025/11/27 16:10:26.501510         [40:T4] 
[S1] 2025/11/27 16:10:26.501514         [41:T4] 
[S1] 2025/11/27 16:10:26.501518         [42:T4] 
[S1] 2025/11/27 16:10:26.501521         [43:T4] 
[S1] 2025/11/27 16:10:26.501525         [44:T4] 
[S1] 2025/11/27 16:10:26.501529         [45:T10] 
[S1] 2025/11/27 16:10:26.501533 
[S1] 2025/11/27 16:10:26.501537      📌 nextIndex:  [46 45 46]
[S1] 2025/11/27 16:10:26.501543      📎 matchIndex: [45 45 45]
[S1] 2025/11/27 16:10:26.501549 ---------------------------------------------------
[S1] 2025/11/27 16:10:26.605576 
[At the start of broadcast] 🗂 S1 | Term=10 | Role=Leader | CommitIndex=45 | LastApplied=45
[S1] 2025/11/27 16:10:26.605775      📜 Log: 
[S1] 2025/11/27 16:10:26.605842         [0:T0] 
[S1] 2025/11/27 16:10:26.605903         [1:T1] 
[S1] 2025/11/27 16:10:26.605976         [2:T1] 
[S1] 2025/11/27 16:10:26.606034         [3:T1] 
[S1] 2025/11/27 16:10:26.606118         [4:T1] 
[S1] 2025/11/27 16:10:26.606181         [5:T1] 
[S1] 2025/11/27 16:10:26.606425         [6:T1] 
[S1] 2025/11/27 16:10:26.606585         [7:T1] 
[S1] 2025/11/27 16:10:26.606657         [8:T1] 
[S1] 2025/11/27 16:10:26.606695         [9:T1] 
[S1] 2025/11/27 16:10:26.606734         [10:T1] 
[S1] 2025/11/27 16:10:26.606771         [11:T1] 
[S1] 2025/11/27 16:10:26.606840         [12:T1] 
[S1] 2025/11/27 16:10:26.606879         [13:T2] 
[S1] 2025/11/27 16:10:26.606927         [14:T2] 
[S1] 2025/11/27 16:10:26.606968         [15:T2] 
[S1] 2025/11/27 16:10:26.607003         [16:T2] 
[S1] 2025/11/27 16:10:26.607038         [17:T2] 
[S1] 2025/11/27 16:10:26.607099         [18:T2] 
[S1] 2025/11/27 16:10:26.607156         [19:T2] 
[S1] 2025/11/27 16:10:26.607188         [20:T2] 
[S1] 2025/11/27 16:10:26.607233         [21:T2] 
[S1] 2025/11/27 16:10:26.607263         [22:T2] 
[S1] 2025/11/27 16:10:26.607305         [23:T2] 
[S1] 2025/11/27 16:10:26.607336         [24:T2] 
[S1] 2025/11/27 16:10:26.607373         [25:T2] 
[S1] 2025/11/27 16:10:26.607403         [26:T2] 
[S1] 2025/11/27 16:10:26.607437         [27:T2] 
[S1] 2025/11/27 16:10:26.607468         [28:T2] 
[S1] 2025/11/27 16:10:26.607502         [29:T2] 
[S1] 2025/11/27 16:10:26.607534         [30:T2] 
[S1] 2025/11/27 16:10:26.607560         [31:T4] 
[S1] 2025/11/27 16:10:26.607590         [32:T4] 
[S1] 2025/11/27 16:10:26.607616         [33:T4] 
[S1] 2025/11/27 16:10:26.607645         [34:T4] 
[S1] 2025/11/27 16:10:26.607674         [35:T4] 
[S1] 2025/11/27 16:10:26.607701         [36:T4] 
[S1] 2025/11/27 16:10:26.607733         [37:T4] 
[S1] 2025/11/27 16:10:26.607761         [38:T4] 
[S1] 2025/11/27 16:10:26.607787         [39:T4] 
[S1] 2025/11/27 16:10:26.607814         [40:T4] 
[S1] 2025/11/27 16:10:26.607840         [41:T4] 
[S1] 2025/11/27 16:10:26.607866         [42:T4] 
[S1] 2025/11/27 16:10:26.607893         [43:T4] 
[S1] 2025/11/27 16:10:26.607922         [44:T4] 
[S1] 2025/11/27 16:10:26.607949         [45:T10] 
[S1] 2025/11/27 16:10:26.607979 
[S1] 2025/11/27 16:10:26.608009      📌 nextIndex:  [46 45 46]
[S1] 2025/11/27 16:10:26.608077      📎 matchIndex: [45 45 45]
[S1] 2025/11/27 16:10:26.608119 ---------------------------------------------------
[S1] 2025/11/27 16:10:26.608204 
[At the end of broadcast] 🗂 S1 | Term=10 | Role=Leader | CommitIndex=45 | LastApplied=45
[S1] 2025/11/27 16:10:26.608252      📜 Log: 
[S1] 2025/11/27 16:10:26.608281         [0:T0] 
[S1] 2025/11/27 16:10:26.608313         [1:T1] 
[S1] 2025/11/27 16:10:26.608342         [2:T1] 
[S1] 2025/11/27 16:10:26.608371         [3:T1] 
[S1] 2025/11/27 16:10:26.608400         [4:T1] 
[S1] 2025/11/27 16:10:26.608428         [5:T1] 
[S1] 2025/11/27 16:10:26.608455         [6:T1] 
[S1] 2025/11/27 16:10:26.608481         [7:T1] 
[S1] 2025/11/27 16:10:26.608513         [8:T1] 
[S1] 2025/11/27 16:10:26.608540         [9:T1] 
[S1] 2025/11/27 16:10:26.608568         [10:T1] 
[S1] 2025/11/27 16:10:26.608598         [11:T1] 
[S1] 2025/11/27 16:10:26.608629         [12:T1] 
[S1] 2025/11/27 16:10:26.608655         [13:T2] 
[S1] 2025/11/27 16:10:26.608682         [14:T2] 
[S1] 2025/11/27 16:10:26.608709         [15:T2] 
[S1] 2025/11/27 16:10:26.608735         [16:T2] 
[S1] 2025/11/27 16:10:26.608758         [17:T2] 
[S1] 2025/11/27 16:10:26.608781         [18:T2] 
[S1] 2025/11/27 16:10:26.608807         [19:T2] 
[S1] 2025/11/27 16:10:26.608833         [20:T2] 
[S1] 2025/11/27 16:10:26.608857         [21:T2] 
[S1] 2025/11/27 16:10:26.608881         [22:T2] 
[S1] 2025/11/27 16:10:26.608906         [23:T2] 
[S1] 2025/11/27 16:10:26.608930         [24:T2] 
[S1] 2025/11/27 16:10:26.608955         [25:T2] 
[S1] 2025/11/27 16:10:26.608981         [26:T2] 
[S1] 2025/11/27 16:10:26.609004         [27:T2] 
[S1] 2025/11/27 16:10:26.609026         [28:T2] 
[S1] 2025/11/27 16:10:26.609054         [29:T2] 
[S1] 2025/11/27 16:10:26.609090         [30:T2] 
[S1] 2025/11/27 16:10:26.609113         [31:T4] 
[S1] 2025/11/27 16:10:26.609140         [32:T4] 
[S1] 2025/11/27 16:10:26.609163         [33:T4] 
[S1] 2025/11/27 16:10:26.609187         [34:T4] 
[S1] 2025/11/27 16:10:26.609210         [35:T4] 
[S1] 2025/11/27 16:10:26.609235         [36:T4] 
[S1] 2025/11/27 16:10:26.609261         [37:T4] 
[S1] 2025/11/27 16:10:26.609283         [38:T4] 
[S1] 2025/11/27 16:10:26.609308         [39:T4] 
[S1] 2025/11/27 16:10:26.609330         [40:T4] 
[S1] 2025/11/27 16:10:26.609366         [41:T4] 
[S1] 2025/11/27 16:10:26.609389         [42:T4] 
[S1] 2025/11/27 16:10:26.609414         [43:T4] 
[S1] 2025/11/27 16:10:26.609438         [44:T4] 
[S1] 2025/11/27 16:10:26.609464         [45:T10] 
[S1] 2025/11/27 16:10:26.609491 
[S1] 2025/11/27 16:10:26.609514      📌 nextIndex:  [46 45 46]
[S1] 2025/11/27 16:10:26.609555      📎 matchIndex: [45 45 45]
[S1] 2025/11/27 16:10:26.609588 ---------------------------------------------------
[S1] 2025/11/27 16:10:26.611854 
[At the start of handleAppendEntriesReply] 🗂 S1 | Term=10 | Role=Leader | CommitIndex=45 | LastApplied=45
[S1] 2025/11/27 16:10:26.611864      📜 Log: 
[S1] 2025/11/27 16:10:26.611871         [0:T0] 
[S1] 2025/11/27 16:10:26.611886         [1:T1] 
[S1] 2025/11/27 16:10:26.611891         [2:T1] 
[S1] 2025/11/27 16:10:26.611896         [3:T1] 
[S1] 2025/11/27 16:10:26.611902         [4:T1] 
[S1] 2025/11/27 16:10:26.611910         [5:T1] 
[S1] 2025/11/27 16:10:26.611914         [6:T1] 
[S1] 2025/11/27 16:10:26.611919         [7:T1] 
[S1] 2025/11/27 16:10:26.611923         [8:T1] 
[S1] 2025/11/27 16:10:26.611927         [9:T1] 
[S1] 2025/11/27 16:10:26.611931         [10:T1] 
[S1] 2025/11/27 16:10:26.611936         [11:T1] 
[S1] 2025/11/27 16:10:26.611940         [12:T1] 
[S1] 2025/11/27 16:10:26.611944         [13:T2] 
[S1] 2025/11/27 16:10:26.611949         [14:T2] 
[S1] 2025/11/27 16:10:26.611953         [15:T2] 
[S1] 2025/11/27 16:10:26.611957         [16:T2] 
[S1] 2025/11/27 16:10:26.611962         [17:T2] 
[S1] 2025/11/27 16:10:26.611966         [18:T2] 
[S1] 2025/11/27 16:10:26.611971         [19:T2] 
[S1] 2025/11/27 16:10:26.611975         [20:T2] 
[S1] 2025/11/27 16:10:26.611980         [21:T2] 
[S1] 2025/11/27 16:10:26.611984         [22:T2] 
[S1] 2025/11/27 16:10:26.611988         [23:T2] 
[S1] 2025/11/27 16:10:26.611992         [24:T2] 
[S1] 2025/11/27 16:10:26.611997         [25:T2] 
[S1] 2025/11/27 16:10:26.612002         [26:T2] 
[S1] 2025/11/27 16:10:26.612007         [27:T2] 
[S1] 2025/11/27 16:10:26.612011         [28:T2] 
[S1] 2025/11/27 16:10:26.612015         [29:T2] 
[S1] 2025/11/27 16:10:26.612018         [30:T2] 
[S1] 2025/11/27 16:10:26.612023         [31:T4] 
[S1] 2025/11/27 16:10:26.612027         [32:T4] 
[S1] 2025/11/27 16:10:26.612031         [33:T4] 
[S1] 2025/11/27 16:10:26.612035         [34:T4] 
[S1] 2025/11/27 16:10:26.612039         [35:T4] 
[S1] 2025/11/27 16:10:26.612043         [36:T4] 
[S1] 2025/11/27 16:10:26.612048         [37:T4] 
[S1] 2025/11/27 16:10:26.612052         [38:T4] 
[S1] 2025/11/27 16:10:26.612056         [39:T4] 
[S1] 2025/11/27 16:10:26.612060         [40:T4] 
[S1] 2025/11/27 16:10:26.612064         [41:T4] 
[S1] 2025/11/27 16:10:26.612070         [42:T4] 
[S1] 2025/11/27 16:10:26.612075         [43:T4] 
[S1] 2025/11/27 16:10:26.612079         [44:T4] 
[S1] 2025/11/27 16:10:26.612083         [45:T10] 
[S1] 2025/11/27 16:10:26.612087 
[S1] 2025/11/27 16:10:26.612091      📌 nextIndex:  [46 45 46]
[S1] 2025/11/27 16:10:26.612099      📎 matchIndex: [45 45 45]
[S1] 2025/11/27 16:10:26.612105 ---------------------------------------------------
[S1] 2025/11/27 16:10:26.612110 
[At the end of handleAppendEntriesReply] 🗂 S1 | Term=10 | Role=Leader | CommitIndex=45 | LastApplied=45
[S1] 2025/11/27 16:10:26.612118      📜 Log: 
[S1] 2025/11/27 16:10:26.612122         [0:T0] 
[S1] 2025/11/27 16:10:26.612126         [1:T1] 
[S1] 2025/11/27 16:10:26.612131         [2:T1] 
[S1] 2025/11/27 16:10:26.612135         [3:T1] 
[S1] 2025/11/27 16:10:26.612140         [4:T1] 
[S1] 2025/11/27 16:10:26.612144         [5:T1] 
[S1] 2025/11/27 16:10:26.612148         [6:T1] 
[S1] 2025/11/27 16:10:26.612153         [7:T1] 
[S1] 2025/11/27 16:10:26.612158         [8:T1] 
[S1] 2025/11/27 16:10:26.612162         [9:T1] 
[S1] 2025/11/27 16:10:26.612166         [10:T1] 
[S1] 2025/11/27 16:10:26.612171         [11:T1] 
[S1] 2025/11/27 16:10:26.612175         [12:T1] 
[S1] 2025/11/27 16:10:26.612180         [13:T2] 
[S1] 2025/11/27 16:10:26.612184         [14:T2] 
[S1] 2025/11/27 16:10:26.612188         [15:T2] 
[S1] 2025/11/27 16:10:26.612195         [16:T2] 
[S1] 2025/11/27 16:10:26.612200         [17:T2] 
[S1] 2025/11/27 16:10:26.612204         [18:T2] 
[S1] 2025/11/27 16:10:26.612208         [19:T2] 
[S1] 2025/11/27 16:10:26.612212         [20:T2] 
[S1] 2025/11/27 16:10:26.612216         [21:T2] 
[S1] 2025/11/27 16:10:26.612220         [22:T2] 
[S1] 2025/11/27 16:10:26.612224         [23:T2] 
[S1] 2025/11/27 16:10:26.612229         [24:T2] 
[S1] 2025/11/27 16:10:26.612232         [25:T2] 
[S1] 2025/11/27 16:10:26.612236         [26:T2] 
[S1] 2025/11/27 16:10:26.612241         [27:T2] 
[S1] 2025/11/27 16:10:26.612244         [28:T2] 
[S1] 2025/11/27 16:10:26.612248         [29:T2] 
[S1] 2025/11/27 16:10:26.612252         [30:T2] 
[S1] 2025/11/27 16:10:26.612257         [31:T4] 
[S1] 2025/11/27 16:10:26.612261         [32:T4] 
[S1] 2025/11/27 16:10:26.612265         [33:T4] 
[S1] 2025/11/27 16:10:26.612269         [34:T4] 
[S1] 2025/11/27 16:10:26.612273         [35:T4] 
[S1] 2025/11/27 16:10:26.612278         [36:T4] 
[S1] 2025/11/27 16:10:26.612282         [37:T4] 
[S1] 2025/11/27 16:10:26.612286         [38:T4] 
[S1] 2025/11/27 16:10:26.612290         [39:T4] 
[S1] 2025/11/27 16:10:26.612294         [40:T4] 
[S1] 2025/11/27 16:10:26.612298         [41:T4] 
[S1] 2025/11/27 16:10:26.612301         [42:T4] 
[S1] 2025/11/27 16:10:26.612306         [43:T4] 
[S1] 2025/11/27 16:10:26.612310         [44:T4] 
[S1] 2025/11/27 16:10:26.612314         [45:T10] 
[S1] 2025/11/27 16:10:26.612318 
[S1] 2025/11/27 16:10:26.612322      📌 nextIndex:  [46 45 46]
[S1] 2025/11/27 16:10:26.612328      📎 matchIndex: [45 45 45]
[S1] 2025/11/27 16:10:26.612334 ---------------------------------------------------
[S1] 2025/11/27 16:10:26.612341 
[At the start of handleAppendEntriesReply] 🗂 S1 | Term=10 | Role=Leader | CommitIndex=45 | LastApplied=45
[S1] 2025/11/27 16:10:26.612350      📜 Log: 
[S1] 2025/11/27 16:10:26.612355         [0:T0] 
[S1] 2025/11/27 16:10:26.612359         [1:T1] 
[S1] 2025/11/27 16:10:26.612364         [2:T1] 
[S1] 2025/11/27 16:10:26.612368         [3:T1] 
[S1] 2025/11/27 16:10:26.612373         [4:T1] 
[S1] 2025/11/27 16:10:26.612377         [5:T1] 
[S1] 2025/11/27 16:10:26.612382         [6:T1] 
[S1] 2025/11/27 16:10:26.612386         [7:T1] 
[S1] 2025/11/27 16:10:26.612391         [8:T1] 
[S1] 2025/11/27 16:10:26.612395         [9:T1] 
[S1] 2025/11/27 16:10:26.612399         [10:T1] 
[S1] 2025/11/27 16:10:26.612404         [11:T1] 
[S1] 2025/11/27 16:10:26.612408         [12:T1] 
[S1] 2025/11/27 16:10:26.612413         [13:T2] 
[S1] 2025/11/27 16:10:26.612417         [14:T2] 
[S1] 2025/11/27 16:10:26.612421         [15:T2] 
[S1] 2025/11/27 16:10:26.612425         [16:T2] 
[S1] 2025/11/27 16:10:26.612430         [17:T2] 
[S1] 2025/11/27 16:10:26.612434         [18:T2] 
[S1] 2025/11/27 16:10:26.612438         [19:T2] 
[S1] 2025/11/27 16:10:26.612442         [20:T2] 
[S1] 2025/11/27 16:10:26.612447         [21:T2] 
[S1] 2025/11/27 16:10:26.612451         [22:T2] 
[S1] 2025/11/27 16:10:26.612456         [23:T2] 
[S1] 2025/11/27 16:10:26.612460         [24:T2] 
[S1] 2025/11/27 16:10:26.612464         [25:T2] 
[S1] 2025/11/27 16:10:26.612468         [26:T2] 
[S1] 2025/11/27 16:10:26.612472         [27:T2] 
[S1] 2025/11/27 16:10:26.612478         [28:T2] 
[S1] 2025/11/27 16:10:26.612482         [29:T2] 
[S1] 2025/11/27 16:10:26.612486         [30:T2] 
[S1] 2025/11/27 16:10:26.612490         [31:T4] 
[S1] 2025/11/27 16:10:26.612494         [32:T4] 
[S1] 2025/11/27 16:10:26.612498         [33:T4] 
[S1] 2025/11/27 16:10:26.612502         [34:T4] 
[S1] 2025/11/27 16:10:26.612506         [35:T4] 
[S1] 2025/11/27 16:10:26.612511         [36:T4] 
[S1] 2025/11/27 16:10:26.612514         [37:T4] 
[S1] 2025/11/27 16:10:26.612519         [38:T4] 
[S1] 2025/11/27 16:10:26.612522         [39:T4] 
[S1] 2025/11/27 16:10:26.612526         [40:T4] 
[S1] 2025/11/27 16:10:26.612530         [41:T4] 
[S1] 2025/11/27 16:10:26.612534         [42:T4] 
[S1] 2025/11/27 16:10:26.612538         [43:T4] 
[S1] 2025/11/27 16:10:26.612544         [44:T4] 
[S1] 2025/11/27 16:10:26.612548         [45:T10] 
[S1] 2025/11/27 16:10:26.612553 
[S1] 2025/11/27 16:10:26.612556      📌 nextIndex:  [46 45 46]
[S1] 2025/11/27 16:10:26.612563      📎 matchIndex: [45 45 45]
[S1] 2025/11/27 16:10:26.612569 ---------------------------------------------------
[S1] 2025/11/27 16:10:26.612573 
[At the end of handleAppendEntriesReply] 🗂 S1 | Term=10 | Role=Leader | CommitIndex=45 | LastApplied=45
[S1] 2025/11/27 16:10:26.612579      📜 Log: 
[S1] 2025/11/27 16:10:26.612583         [0:T0] 
[S1] 2025/11/27 16:10:26.612587         [1:T1] 
[S1] 2025/11/27 16:10:26.612591         [2:T1] 
[S1] 2025/11/27 16:10:26.612595         [3:T1] 
[S1] 2025/11/27 16:10:26.612599         [4:T1] 
[S1] 2025/11/27 16:10:26.612604         [5:T1] 
[S1] 2025/11/27 16:10:26.612608         [6:T1] 
[S1] 2025/11/27 16:10:26.612611         [7:T1] 
[S1] 2025/11/27 16:10:26.612616         [8:T1] 
[S1] 2025/11/27 16:10:26.612620         [9:T1] 
[S1] 2025/11/27 16:10:26.612624         [10:T1] 
[S1] 2025/11/27 16:10:26.612628         [11:T1] 
[S1] 2025/11/27 16:10:26.612632         [12:T1] 
[S1] 2025/11/27 16:10:26.612636         [13:T2] 
[S1] 2025/11/27 16:10:26.612640         [14:T2] 
[S1] 2025/11/27 16:10:26.612644         [15:T2] 
[S1] 2025/11/27 16:10:26.612648         [16:T2] 
[S1] 2025/11/27 16:10:26.612652         [17:T2] 
[S1] 2025/11/27 16:10:26.612656         [18:T2] 
[S1] 2025/11/27 16:10:26.612660         [19:T2] 
[S1] 2025/11/27 16:10:26.612665         [20:T2] 
[S1] 2025/11/27 16:10:26.612668         [21:T2] 
[S1] 2025/11/27 16:10:26.612672         [22:T2] 
[S1] 2025/11/27 16:10:26.612676         [23:T2] 
[S1] 2025/11/27 16:10:26.612681         [24:T2] 
[S1] 2025/11/27 16:10:26.612685         [25:T2] 
[S1] 2025/11/27 16:10:26.612689         [26:T2] 
[S1] 2025/11/27 16:10:26.612693         [27:T2] 
[S1] 2025/11/27 16:10:26.612697         [28:T2] 
[S1] 2025/11/27 16:10:26.612701         [29:T2] 
[S1] 2025/11/27 16:10:26.612705         [30:T2] 
[S1] 2025/11/27 16:10:26.612709         [31:T4] 
[S1] 2025/11/27 16:10:26.612713         [32:T4] 
[S1] 2025/11/27 16:10:26.612717         [33:T4] 
[S1] 2025/11/27 16:10:26.612722         [34:T4] 
[S1] 2025/11/27 16:10:26.612726         [35:T4] 
[S1] 2025/11/27 16:10:26.612730         [36:T4] 
[S1] 2025/11/27 16:10:26.612734         [37:T4] 
[S1] 2025/11/27 16:10:26.612737         [38:T4] 
[S1] 2025/11/27 16:10:26.612742         [39:T4] 
[S1] 2025/11/27 16:10:26.612745         [40:T4] 
[S1] 2025/11/27 16:10:26.612749         [41:T4] 
[S1] 2025/11/27 16:10:26.612753         [42:T4] 
[S1] 2025/11/27 16:10:26.612757         [43:T4] 
[S1] 2025/11/27 16:10:26.612762         [44:T4] 
[S1] 2025/11/27 16:10:26.612766         [45:T10] 
[S1] 2025/11/27 16:10:26.612770 
[S1] 2025/11/27 16:10:26.612774      📌 nextIndex:  [46 45 46]
[S1] 2025/11/27 16:10:26.612780      📎 matchIndex: [45 45 45]
[S1] 2025/11/27 16:10:26.612785 ---------------------------------------------------
